task,architecture,seed,arm,auc,ap,f1,accuracy,brier,bce,eomax,aod,dp,tpr_gap,fpr_gap,group0_tpr,group0_fpr,group0_positive,group0_n,group1_tpr,group1_fpr,group1_positive,group1_n,L_R,violation_005,P_R,decision_disagreement,opposite_005,P_mean_common_abs,P_population_effect_gap,direction_L_R,direction_violation_005,direction_P_R,direction_decision_disagreement,direction_opposite_005,direction_P_mean_common_abs,direction_direction_logit_loss,direction_adverse_magnitude,direction_adverse_decision,direction_common_response,direction_signed_common_response,direction_adverse_0,direction_both_adverse_0,direction_adverse_005,direction_both_adverse_005,direction_adverse_01,direction_both_adverse_01,direction_joint_pass,phase,checkpoint,checkpoint_sha256,arrays,arrays_sha256,source_record,evaluation,selected_epoch,training_seconds,training_rows,optimizer_updates,device,protocol
hmda_md,mlp,1000,erm,0.8564768022957229,0.9471591276078456,0.9180789539854162,0.86425,0.10425792684489205,0.34601636591567814,0.06880230670327081,0.05397014150305263,0.1075019294659777,0.03913797630283444,0.06880230670327081,0.9787325149871539,0.5468644639244774,0.903286606196254,8489,0.9395945386843194,0.4780621572212066,0.7957846767302763,3511,0.21030874871579813,0.8221048949628895,0.03440441016368329,0.054200384210263346,0.045917320467771826,0.06634067418042779,0.031714437057343066,0.20162608273262886,0.7702897685321262,0.03264659692684603,0.0663538740718075,0.043822572437984,0.057113681336298294,0.05265357560411657,0.012249934864392022,0.018367548600496893,0.057113681336298294,0.033455818727678804,0.45838105536232987,0.3069324396515008,0.33767163927335586,0.19476851706920256,0.2764205914101569,0.14995255594068568,0.17214877349590102,confirmation,interfair/baselines/state_resampling/runs/confirmation/hmda_md/1000/erm/selected.pt,d1d0e34c80194a93ff7b90803dcd8d61796062e3a3c5b11e82ed6ab69f0c8dfa,interfair/baselines/state_resampling/runs/confirmation/hmda_md/1000/erm/audit_current.npz,b68b04a6b931330123639876415f0b563be333239e965a33e8f382697adb8217,interfair/baselines/state_resampling/runs/confirmation/hmda_md/1000/erm/DONE.json,interfair/baselines/state_resampling/runs/confirmation/hmda_md/1000/erm/EVALUATION.json,15,13.574845065013506,39000,3080,cpu,matched native Fair-SMOTE preprocessing; fixed 40 epochs; validation AUROC
hmda_md,mlp,1000,fairsmote,0.8322223535894615,0.9365430716814038,0.8888533333333334,0.8263333333333334,0.12816589859169322,0.4136324380240543,0.036568618628428695,0.02118211509591264,0.06318083022581644,0.0057956115633965855,0.036568618628428695,0.8858121610048529,0.37019554956169926,0.7957356579102368,8489,0.8800165494414564,0.40676416819012795,0.7325548276844204,3511,0.6074465852628017,0.941608187246475,0.09341821607604067,0.1515727091025933,0.13542924217902486,0.13738050765800217,0.04364876560604146,0.6150324363638493,0.9206213313428095,0.0951952634217509,0.14833444786409075,0.16751559070653768,0.11920226469660446,0.6541728686415849,0.06106385610983873,0.10399462864442523,0.11920226469660446,0.004075275654454029,0.6209281281629471,0.3934066148461394,0.5530883911411459,0.33732277956910495,0.5216813025124667,0.30864367296564643,0.04868248953576271,confirmation,interfair/baselines/state_resampling/runs/confirmation/hmda_md/1000/fairsmote/selected.pt,5ccc765b1f273658aee2887a30bd377b21fd828a90baa825e06c36a4bc2f3aec,interfair/baselines/state_resampling/runs/confirmation/hmda_md/1000/fairsmote/audit_current.npz,676423664d1506619830cc8a1511ffdfcb623f1d3635231b76df9657e6fe66c1,interfair/baselines/state_resampling/runs/confirmation/hmda_md/1000/fairsmote/DONE.json,interfair/baselines/state_resampling/runs/confirmation/hmda_md/1000/fairsmote/EVALUATION.json,11,78.3176206330536,87527,6840,cpu,matched native Fair-SMOTE preprocessing; fixed 40 epochs; validation AUROC
hmda_md,mlp,1001,erm,0.8588881529852628,0.9477581920605638,0.9180112285670932,0.8649166666666667,0.10362051085445817,0.3456219750240157,0.09279327811479521,0.07025198215181483,0.12225609102456003,0.04771068618883445,0.09279327811479521,0.9753068798172995,0.533378287255563,0.8981034279656025,8489,0.927596193628465,0.4405850091407678,0.7758473369410425,3511,0.21969459138791514,0.8344585492198469,0.036856991992198954,0.05775235030291843,0.04955117143305836,0.07445195340971841,0.03884888729901673,0.2016175690926567,0.7660236758778879,0.03078606679189553,0.06346136919349285,0.04740055786662794,0.0587113417246173,0.0853252368673658,0.014385425498901568,0.02084884447187398,0.0587113417246173,0.0309640645568599,0.43487073686465405,0.28702867293390266,0.30798049827113266,0.1944299895302554,0.2583083124217572,0.16228429864927008,0.1858049399759044,confirmation,interfair/baselines/state_resampling/runs/confirmation/hmda_md/1001/erm/selected.pt,554b5c824f61082505fab7fd9b40b69339fa201be83e63e014f5d88a87595f68,interfair/baselines/state_resampling/runs/confirmation/hmda_md/1001/erm/audit_current.npz,fe4c485f8767ef71860fe71f3a9191d33e3e3fb58272d5dd3c99f3b45a777e28,interfair/baselines/state_resampling/runs/confirmation/hmda_md/1001/erm/DONE.json,interfair/baselines/state_resampling/runs/confirmation/hmda_md/1001/erm/EVALUATION.json,18,13.515359467011876,39000,3080,cpu,matched native Fair-SMOTE preprocessing; fixed 40 epochs; validation AUROC
hmda_md,mlp,1001,fairsmote,0.8380152164444109,0.9392096235765922,0.8928893845255165,0.8319166666666666,0.12431675698167448,0.4008295386452278,0.050909084185053965,0.027292023790051828,0.05339689518618751,0.0036749633950496907,0.050909084185053965,0.8912360833571225,0.3668240053944707,0.7996230415832254,8489,0.8949110467521721,0.41773308957952465,0.7462261463970379,3511,0.3988225958706631,0.9059573360422178,0.06496471995522443,0.11168399298810602,0.1257701019422092,0.10616349431948283,0.04262984230564516,0.3554781962316065,0.8492580180405669,0.058171600340479954,0.10865482740598786,0.12319935811514907,0.08450241913356621,0.27022527172362426,0.04013354018180946,0.071608650871867,0.08450241913356621,0.0078078332805019725,0.5921701900299872,0.40359257064654136,0.5166369591229056,0.3345820568524457,0.4784890184827463,0.30118134660835383,0.093359866716527,confirmation,interfair/baselines/state_resampling/runs/confirmation/hmda_md/1001/fairsmote/selected.pt,0055dbfbbe5b9e116bd1ded786ad8b13421533f10d6a7baf5fc9cdc59b2ed335,interfair/baselines/state_resampling/runs/confirmation/hmda_md/1001/fairsmote/audit_current.npz,a78b288165fea26e9e483178e6c1e219b4e92cbf2f64c1a95a6e9269611b76cc,interfair/baselines/state_resampling/runs/confirmation/hmda_md/1001/fairsmote/DONE.json,interfair/baselines/state_resampling/runs/confirmation/hmda_md/1001/fairsmote/EVALUATION.json,6,78.69184776500333,87937,6880,cpu,matched native Fair-SMOTE preprocessing; fixed 40 epochs; validation AUROC
hmda_md,mlp,1002,erm,0.8609545514239118,0.9491270779592738,0.9182937819164915,0.864,0.10364432378962461,0.34328410451509866,0.10140889865766928,0.07139458773021198,0.11557037356199296,0.04138027680275469,0.10140889865766928,0.9838709677419355,0.5785569790964261,0.9130639651313465,8489,0.9424906909391808,0.47714808043875684,0.7974935915693535,3511,0.1718094992709389,0.7843407902158788,0.03177166214122705,0.05140098200778198,0.03702663280812521,0.06848374109620513,0.030962470328879596,0.16636494832728307,0.7064129488171385,0.027599156042605863,0.056656256285900694,0.03905888521778267,0.057348473604627505,0.0663470173806055,0.0137326225484211,0.018637690039506168,0.057348473604627505,0.030594326948688876,0.389744845362884,0.26965976064491975,0.2910492244865779,0.19326696253775122,0.24550517877732547,0.1623654596514774,0.24037947370232812,confirmation,interfair/baselines/state_resampling/runs/confirmation/hmda_md/1002/erm/selected.pt,d329151a87768dc920566c3458e9fe6ae15436f1170c7dfb824c886d8b08778d,interfair/baselines/state_resampling/runs/confirmation/hmda_md/1002/erm/audit_current.npz,1f153c7a92a865777e788a7f0b7e3aa4d89d50612131786ad116df4e2aa6a99a,interfair/baselines/state_resampling/runs/confirmation/hmda_md/1002/erm/DONE.json,interfair/baselines/state_resampling/runs/confirmation/hmda_md/1002/erm/EVALUATION.json,15,13.427022894029506,39000,3080,cpu,matched native Fair-SMOTE preprocessing; fixed 40 epochs; validation AUROC
hmda_md,mlp,1002,fairsmote,0.840760894699027,0.9405291309612716,0.8817915627372303,0.8183333333333334,0.13303121164896933,0.42393912488901436,0.020684146099425427,0.011009300655673987,0.06474473524955426,0.0013344552119225472,0.020684146099425427,0.8625463888095918,0.33580579905596764,0.7705265637884321,8489,0.8638808440215143,0.35648994515539306,0.7057818285388778,3511,0.38666484129075773,0.9057677514750483,0.06591679511465548,0.1251628676417939,0.11638621172255384,0.11290866469813263,0.04516094483163639,0.45830059850438676,0.8930890979287394,0.07585377221177901,0.13428898719775453,0.1556207419213688,0.0986344949653223,0.3183694419220113,0.04735173453332989,0.09567435017506314,0.0986344949653223,0.008759315026327322,0.5651570604891248,0.359816069170899,0.516913437338975,0.3165048872493798,0.48528820921813554,0.2925686472076815,0.06595191650998734,confirmation,interfair/baselines/state_resampling/runs/confirmation/hmda_md/1002/fairsmote/selected.pt,4d356fb3f0dd2f875296d946f4c96c8f43fe4ec51e39f4fa229c7ba36a4c87d9,interfair/baselines/state_resampling/runs/confirmation/hmda_md/1002/fairsmote/audit_current.npz,1868d1c8d5b44064831f46e4526439b22dcb488ae8382433c5729ce8cd1b520c,interfair/baselines/state_resampling/runs/confirmation/hmda_md/1002/fairsmote/DONE.json,interfair/baselines/state_resampling/runs/confirmation/hmda_md/1002/fairsmote/EVALUATION.json,6,78.13755538803525,88119,6920,cpu,matched native Fair-SMOTE preprocessing; fixed 40 epochs; validation AUROC
hmda_md,mlp,1003,erm,0.8577881685557812,0.9475106037014165,0.9181552124331416,0.8648333333333333,0.10316078512698212,0.34248620403833757,0.08832767711085165,0.0660435714069057,0.11732458299864268,0.04375946570295974,0.08832767711085165,0.9767342278047388,0.5407956844234659,0.9005772175756862,8489,0.9329747621017791,0.4524680073126143,0.7832526345770435,3511,0.21815942334669455,0.821433565591271,0.03894281721881075,0.06501101341909145,0.049674220271399,0.07809423494694065,0.03535513358182369,0.19691324320216758,0.7640323718761282,0.03660168654150225,0.07031718791570563,0.046163184209905325,0.06770118115936216,0.07425739860182534,0.013943112551480112,0.018318870737395795,0.06770118115936216,0.04074918238925651,0.38703320546168785,0.2536925371564455,0.28783376133102373,0.18295333884098078,0.24762663275425145,0.15712432305878477,0.18883680586630863,confirmation,interfair/baselines/state_resampling/runs/confirmation/hmda_md/1003/erm/selected.pt,b3abc8c60b97f907b977fc636f951a78875253fe278f5a0fbb7283560f6f5805,interfair/baselines/state_resampling/runs/confirmation/hmda_md/1003/erm/audit_current.npz,ccce2ee2e3fea3f2ad882bf0ef62c72ff2e5b04dfcf63288700888ec87ef3a4c,interfair/baselines/state_resampling/runs/confirmation/hmda_md/1003/erm/DONE.json,interfair/baselines/state_resampling/runs/confirmation/hmda_md/1003/erm/EVALUATION.json,20,13.637371966964565,39000,3080,cpu,matched native Fair-SMOTE preprocessing; fixed 40 epochs; validation AUROC
hmda_md,mlp,1003,fairsmote,0.8441565525217135,0.9418754554253573,0.894507595878041,0.8345,0.12205246403749444,0.39429441561029643,0.014318243208049974,0.009297309303497758,0.07938072823580322,0.014318243208049974,0.004276375398945542,0.8972309449043677,0.3796358732299393,0.8068088114029921,8489,0.8829127016963177,0.38391224862888484,0.7274280831671889,3511,0.25090542787667813,0.8527974905625667,0.040977791216569484,0.07858398087979598,0.08963494851382074,0.08267095450197116,0.035808839980159976,0.3049613501861276,0.8327413327401856,0.047102735743722896,0.08767719851410982,0.12914059222955807,0.06697212300068867,0.10312611903675276,0.022174021871327512,0.037862823007315,0.06697212300068867,0.025647934956851644,0.5095547225195425,0.3082601640162369,0.4330140197491844,0.23865587104442,0.3851098843811468,0.2092219890971286,0.1278205919513824,confirmation,interfair/baselines/state_resampling/runs/confirmation/hmda_md/1003/fairsmote/selected.pt,00ad994f3bf79d7dd37e5af34507c023985a36f9038463c05477e87f153f6ba1,interfair/baselines/state_resampling/runs/confirmation/hmda_md/1003/fairsmote/audit_current.npz,f669b5fc9cd225ca3b8eda6c09558541558c3ae2c774fc34a3bf126a66ad6cb1,interfair/baselines/state_resampling/runs/confirmation/hmda_md/1003/fairsmote/DONE.json,interfair/baselines/state_resampling/runs/confirmation/hmda_md/1003/fairsmote/EVALUATION.json,3,78.54599352600053,87958,6880,cpu,matched native Fair-SMOTE preprocessing; fixed 40 epochs; validation AUROC
hmda_md,mlp,1004,erm,0.8565792605062185,0.9468823430777698,0.9127993819211949,0.8589166666666667,0.10538343901177571,0.3497400000924468,0.13364258673251145,0.10294931933513093,0.15480391649971137,0.07225605193775042,0.13364258673251145,0.9588923779617471,0.49561699258260283,0.8779597125692072,8489,0.8866363260239967,0.3619744058500914,0.7231557960694959,3511,0.2587827345059663,0.8558434516186898,0.04679501141788944,0.08416748235522789,0.06653852432128045,0.08577854397956677,0.043584409813592025,0.23180951696198743,0.7998345477379435,0.0432359009833314,0.09445320023602487,0.059862941875686304,0.07419095161337878,0.12306733583134159,0.02235922199172205,0.03544712316321271,0.07419095161337878,0.030804412637801173,0.49319670402889726,0.35372942563515974,0.4022744405719898,0.26216618570928624,0.35425026682722593,0.22203306290158437,0.1355572581031104,confirmation,interfair/baselines/state_resampling/runs/confirmation/hmda_md/1004/erm/selected.pt,1f1e5b9f1fd5a02536261d6c74c87ae55b325768e9080762e9206e3a7df1c320,interfair/baselines/state_resampling/runs/confirmation/hmda_md/1004/erm/audit_current.npz,8d1f0118790f936eead61733ec6f1193b705cfda7d4c1a4ec5f8bc13e67f863c,interfair/baselines/state_resampling/runs/confirmation/hmda_md/1004/erm/DONE.json,interfair/baselines/state_resampling/runs/confirmation/hmda_md/1004/erm/EVALUATION.json,23,13.5488378390437,39000,3080,cpu,matched native Fair-SMOTE preprocessing; fixed 40 epochs; validation AUROC
hmda_md,mlp,1004,fairsmote,0.8359958260633509,0.9381634848861888,0.8918416157321286,0.8304166666666667,0.12537761107730375,0.40450783716992494,0.05341154658339914,0.027530617437937027,0.053927814972843935,0.0016496882924749157,0.05341154658339914,0.889951470168427,0.366149696561025,0.7984450465308046,8489,0.8916011584609019,0.4195612431444241,0.7445172315579607,3511,0.3767096612427408,0.9071589640995834,0.06431745306562867,0.12909152200867727,0.10219694870901128,0.1131485319623626,0.05084566563978303,0.40325378985244786,0.8642541950159973,0.0675270499622379,0.1386471496817437,0.1326277838751287,0.09583554734716045,0.3120961961672295,0.04207130909876436,0.08142286066867087,0.09583554734716045,0.016627618946967095,0.5339309947137001,0.3345762563346939,0.467040552408094,0.289593917895886,0.4372799682778168,0.26453992012755756,0.08906347370408933,confirmation,interfair/baselines/state_resampling/runs/confirmation/hmda_md/1004/fairsmote/selected.pt,f2914ed0af28ad78e7a79d1c4c9ac29cb6d72d4b526836b222b58c4c93da453a,interfair/baselines/state_resampling/runs/confirmation/hmda_md/1004/fairsmote/audit_current.npz,c91ba35f4cefedbe94ad9ed3ced9a16887bb42746e0f05c668951148f1478135,interfair/baselines/state_resampling/runs/confirmation/hmda_md/1004/fairsmote/DONE.json,interfair/baselines/state_resampling/runs/confirmation/hmda_md/1004/fairsmote/EVALUATION.json,6,78.0398603300564,88432,6920,cpu,matched native Fair-SMOTE preprocessing; fixed 40 epochs; validation AUROC
hmda_md,mlp,1005,erm,0.8548940741473761,0.9463624597764368,0.9167941266442338,0.864,0.10478933758111661,0.3473907061728796,0.10233900106138927,0.07459469042939365,0.12671083147158557,0.046850379797398034,0.10233900106138927,0.9661718526976877,0.5091031692515172,0.8863234774413947,8489,0.9193214729002896,0.40676416819012795,0.7596126459698092,3511,0.23603397993163,0.8435867524086486,0.04119356152019478,0.06759982802729302,0.061543757875348444,0.0881198913800654,0.04392397244544082,0.24914746833833,0.8147781129974854,0.041247246654895785,0.08290918635300737,0.06960382619388483,0.076587666266656,0.12841451451695937,0.020839941441437037,0.03204827053657156,0.076587666266656,0.03645595115953321,0.4621552771534573,0.303428922060971,0.3611337328270348,0.22065287013419155,0.30829955263902864,0.19030741300490928,0.13350626872458404,confirmation,interfair/baselines/state_resampling/runs/confirmation/hmda_md/1005/erm/selected.pt,cce14c75b672e34cfc85e5a057cd8073bdd3ca358b084c09849871a2b2d82fcd,interfair/baselines/state_resampling/runs/confirmation/hmda_md/1005/erm/audit_current.npz,6ebf4210d55daf22697401e1979454290cbac53ba6a563a650c67adfae6d2301,interfair/baselines/state_resampling/runs/confirmation/hmda_md/1005/erm/DONE.json,interfair/baselines/state_resampling/runs/confirmation/hmda_md/1005/erm/EVALUATION.json,21,13.497017411049455,39000,3080,cpu,matched native Fair-SMOTE preprocessing; fixed 40 epochs; validation AUROC
hmda_md,mlp,1005,fairsmote,0.8382702912658782,0.9398485442551725,0.8824737809492919,0.8188333333333333,0.13172796046569188,0.4214036093012863,0.04194768004477312,0.027219269939954716,0.050405337998520316,0.012490859835136314,0.04194768004477312,0.8629745932058236,0.33648010788941335,0.7709977618094004,8489,0.8754654530409599,0.37842778793418647,0.7205924238108801,3511,0.4142717776044667,0.9084547002659461,0.06836254985511402,0.13519216467433662,0.11902920520725131,0.1170145861413235,0.0456090297160429,0.4609009625546502,0.8802917006907158,0.07293648351262125,0.1386944061630021,0.13953049400556378,0.10143147357215435,0.2806775365393693,0.039219877022795786,0.07463915999864014,0.10143147357215435,0.027439492069637233,0.5673876931360206,0.3729037802186768,0.49517461028658094,0.29976368999681396,0.45341553978080545,0.2668171640829006,0.07519736434729443,confirmation,interfair/baselines/state_resampling/runs/confirmation/hmda_md/1005/fairsmote/selected.pt,67a56b474e2a49d77db1860b191490e04b45809e3ad4ea3d24fb5a9e1626ee3e,interfair/baselines/state_resampling/runs/confirmation/hmda_md/1005/fairsmote/audit_current.npz,91ac95acec76514a509a7716cc41cf23efa065ea809e9a504d83a00ab6c66d62,interfair/baselines/state_resampling/runs/confirmation/hmda_md/1005/fairsmote/DONE.json,interfair/baselines/state_resampling/runs/confirmation/hmda_md/1005/fairsmote/EVALUATION.json,7,78.21639886905905,87966,6880,cpu,matched native Fair-SMOTE preprocessing; fixed 40 epochs; validation AUROC
hmda_md,mlp,1006,erm,0.8578474485372958,0.9478787195404332,0.9179513184584178,0.8651666666666666,0.10292725504465114,0.34235937102552966,0.09523595261840162,0.07476873933506514,0.12872949425495062,0.054301526051728666,0.09523595261840162,0.9744504710248358,0.523937963587323,0.8957474378607609,8489,0.9201489449731072,0.4287020109689214,0.7670179436058103,3511,0.21466351998204924,0.8351925333438098,0.03944720599420489,0.062444731602841634,0.059099678453479375,0.08079058280137133,0.03641028725474944,0.2266694973672444,0.7937347397548609,0.038736145280906784,0.06836718617286938,0.05962454278021716,0.07258262202707133,0.0852503828671398,0.01738351727897638,0.028261279404598615,0.07258262202707133,0.03912924634093338,0.40843064081081104,0.26254883410957275,0.32074462841507567,0.194869541175026,0.28023444779777523,0.167272758538571,0.15277049903661255,confirmation,interfair/baselines/state_resampling/runs/confirmation/hmda_md/1006/erm/selected.pt,aa9d3b759f82cb2f00056790a2aafb8adc6c683a88316fba516597b6cd875056,interfair/baselines/state_resampling/runs/confirmation/hmda_md/1006/erm/audit_current.npz,d68a6c710df44d79aa2042307b4839a8a572dad65867ae43727388c4e82192bf,interfair/baselines/state_resampling/runs/confirmation/hmda_md/1006/erm/DONE.json,interfair/baselines/state_resampling/runs/confirmation/hmda_md/1006/erm/EVALUATION.json,17,13.574853283003904,39000,3080,cpu,matched native Fair-SMOTE preprocessing; fixed 40 epochs; validation AUROC
hmda_md,mlp,1006,fairsmote,0.8363391104856548,0.9389510979316327,0.8593627724986026,0.7903333333333333,0.14925650643310417,0.4652611340781253,0.025208918628058852,0.02103056632957767,0.051657213572314786,0.01685221403109649,0.025208918628058852,0.8114473308592635,0.29197572488199597,0.7206973730710331,8489,0.82829954489036,0.3171846435100548,0.6690401594987183,3511,0.3098531640076914,0.8833707113610055,0.05840949297686216,0.14516020706306107,0.12163666743177239,0.10748638476255504,0.04689067043407302,0.37829127452070166,0.8631986597107673,0.06694353872746137,0.14863910519844814,0.14759276300390417,0.08587312722303835,0.18015998207596728,0.03903168220206507,0.09399337266152819,0.08587312722303835,0.012484887340813775,0.5771115259779037,0.3668563908466254,0.5071603033754525,0.3055157585639545,0.47802016022969623,0.28263881718561373,0.0825407475093003,confirmation,interfair/baselines/state_resampling/runs/confirmation/hmda_md/1006/fairsmote/selected.pt,15f9f25d72fd9cdb6e088f784e1b315b7d9fe2dd12a887be747e3214373c4662,interfair/baselines/state_resampling/runs/confirmation/hmda_md/1006/fairsmote/audit_current.npz,91906fcda52bb77dbd0c92e4c6bfba35c284000940270c7c03dd09d556542ef1,interfair/baselines/state_resampling/runs/confirmation/hmda_md/1006/fairsmote/DONE.json,interfair/baselines/state_resampling/runs/confirmation/hmda_md/1006/fairsmote/EVALUATION.json,4,78.80428792198654,88084,6920,cpu,matched native Fair-SMOTE preprocessing; fixed 40 epochs; validation AUROC
hmda_md,mlp,1007,erm,0.857403826723564,0.9474510548123775,0.9178492904257446,0.863,0.10552015502775314,0.351817330892787,0.08173375032821711,0.05608537515306536,0.10152629708713123,0.030436999977913604,0.08173375032821711,0.9824436197544961,0.5799055967633177,0.9121215690894098,8489,0.9520066197765825,0.49817184643510054,0.8105952720022785,3511,0.15894867694674314,0.7627886694657235,0.02749390657842351,0.04434646468851592,0.029457495655595137,0.059895571613728285,0.029218186245231686,0.1543643637638793,0.6976538772871514,0.02568944557291238,0.05400582151700596,0.024233060115253086,0.051190692993555956,0.03336567603844129,0.008060660310609966,0.011538827807186647,0.051190692993555956,0.03554309380047665,0.27674686064962956,0.18865371336068826,0.20167044250042593,0.1273249111705647,0.1697045374457253,0.10214051134879468,0.26806470893301765,confirmation,interfair/baselines/state_resampling/runs/confirmation/hmda_md/1007/erm/selected.pt,1d5d9f571cbf6e210e0fa12e910a5824ee885e0b38c2214e222081f09d88b500,interfair/baselines/state_resampling/runs/confirmation/hmda_md/1007/erm/audit_current.npz,4265ef0b00abc7674e3dc9c8af96330609014f38337276943f32a01c49a539eb,interfair/baselines/state_resampling/runs/confirmation/hmda_md/1007/erm/DONE.json,interfair/baselines/state_resampling/runs/confirmation/hmda_md/1007/erm/EVALUATION.json,16,13.490976733970456,39000,3080,cpu,matched native Fair-SMOTE preprocessing; fixed 40 epochs; validation AUROC
hmda_md,mlp,1007,fairsmote,0.8333150901712556,0.9376418205369337,0.9080471553049718,0.8505,0.11421925933616738,0.37734654025421954,0.03694460435822933,0.01905032791767719,0.05487212345334469,0.001156051477125053,0.03694460435822933,0.9403368541250356,0.4612272420768712,0.8566380021203911,8489,0.9391808026479106,0.49817184643510054,0.8017658786670464,3511,0.44750934377254303,0.9142521519559182,0.06377441958333814,0.09637605249587963,0.10998833956887458,0.09639306640071754,0.043220300115282995,0.443378246253071,0.8869281952571569,0.06508718212318942,0.0986046105189946,0.12152544460429948,0.08692929530616782,0.4737233774111772,0.046656552740400405,0.07123926762143953,0.08692929530616782,-0.0024823017571637047,0.6095334010094422,0.4121639113381344,0.5278549878419553,0.3317399139052973,0.48511424288696803,0.2963299943135879,0.06821683393586245,confirmation,interfair/baselines/state_resampling/runs/confirmation/hmda_md/1007/fairsmote/selected.pt,eac2365c2d4a0f4a2654952c23b0fd2037f2e5383c056daefb9ff95543ea101c,interfair/baselines/state_resampling/runs/confirmation/hmda_md/1007/fairsmote/audit_current.npz,4e0ac0bdd70e03eca523d3fc0ec1d94b3fd1c75165ad7428e5aebb53004e620e,interfair/baselines/state_resampling/runs/confirmation/hmda_md/1007/fairsmote/DONE.json,interfair/baselines/state_resampling/runs/confirmation/hmda_md/1007/fairsmote/EVALUATION.json,8,78.76155771198682,87605,6880,cpu,matched native Fair-SMOTE preprocessing; fixed 40 epochs; validation AUROC
hmda_md,mlp,1008,erm,0.8572052521692994,0.9474359985187925,0.9168098655615081,0.8628333333333333,0.10418952967632394,0.34769311776447526,0.08245367054527791,0.06472534137019634,0.11798380392686714,0.04699701219511476,0.08245367054527791,0.9745932058235798,0.5367498314227916,0.8981034279656025,8489,0.927596193628465,0.45429616087751373,0.7801196240387354,3511,0.19970356675533102,0.8264486265458688,0.03420541715208476,0.05527529554692111,0.04639972427632737,0.06884523125063352,0.033296214215356765,0.18184679402358744,0.7675741328524256,0.03251930135171311,0.072176143147405,0.031101376215847708,0.06377507064975214,0.05686664555003632,0.011363347811711043,0.015347546458131602,0.06377507064975214,0.04170546392152824,0.3492093175775164,0.23932762376871258,0.26294412996026917,0.1652916091891313,0.22000468410523943,0.13610266143082844,0.1863195074926723,confirmation,interfair/baselines/state_resampling/runs/confirmation/hmda_md/1008/erm/selected.pt,7d25c97b9a3a6feb5797cc54373ffb44da9bddbfde5bdb8ee957f4fc6906cd4d,interfair/baselines/state_resampling/runs/confirmation/hmda_md/1008/erm/audit_current.npz,5554431876a7eeaab1d8a30d7a74ce77c408c9e3d08be5a443a2d9e59108e1e9,interfair/baselines/state_resampling/runs/confirmation/hmda_md/1008/erm/DONE.json,interfair/baselines/state_resampling/runs/confirmation/hmda_md/1008/erm/EVALUATION.json,15,13.510524320998229,39000,3080,cpu,matched native Fair-SMOTE preprocessing; fixed 40 epochs; validation AUROC
hmda_md,mlp,1008,fairsmote,0.8380098217395979,0.9389075115738883,0.8886272411024886,0.8265833333333333,0.1280420299741635,0.4120233248184617,0.014726132845999662,0.010902263243516563,0.07847312515511295,0.014726132845999662,0.007078393641033465,0.8848130174136455,0.36952124072825354,0.7947932618683001,8489,0.8700868845676458,0.376599634369287,0.7163201367131872,3511,0.487659337197718,0.9254066654643416,0.0791654943632909,0.13457644535415125,0.144158357463164,0.12271634572211527,0.047780586624886316,0.5255358250486548,0.9092594363916149,0.08321539472485401,0.13856345181964674,0.16344417173610165,0.10784409866719592,0.44012765691260386,0.05422223251940626,0.10515332140316846,0.10784409866719592,0.005106688262814737,0.613051311789622,0.39108221842248436,0.5529409171134192,0.3327762931414574,0.5211781390298305,0.3081270792082468,0.04998995145595851,confirmation,interfair/baselines/state_resampling/runs/confirmation/hmda_md/1008/fairsmote/selected.pt,5e88e263f349de1334b63873d0dbd27478ca78ae5ff4a06c252c7da7e52250f6,interfair/baselines/state_resampling/runs/confirmation/hmda_md/1008/fairsmote/audit_current.npz,31a61b08aecf6e3ea287d7d9e70cb1fd186799f9f137b1606d1c52d660f3b7b8,interfair/baselines/state_resampling/runs/confirmation/hmda_md/1008/fairsmote/DONE.json,interfair/baselines/state_resampling/runs/confirmation/hmda_md/1008/fairsmote/EVALUATION.json,8,78.58428151591215,87778,6880,cpu,matched native Fair-SMOTE preprocessing; fixed 40 epochs; validation AUROC
hmda_md,mlp,1009,erm,0.8547563032698788,0.9464493483852555,0.9172305031286565,0.8644166666666667,0.10450896862067809,0.34749584745532497,0.08973669904253073,0.06805870908185715,0.12251598135996455,0.04638071912118358,0.08973669904253073,0.9685983442763346,0.5111260957518543,0.8886794675462363,8489,0.922217625155151,0.42138939670932357,0.7661634861862717,3511,0.28451398006082385,0.8705261574301133,0.044301711770239,0.07084381145661588,0.07436648169519616,0.08729935353158373,0.03896999733524588,0.27234305537705467,0.8363094410764043,0.044750800141154165,0.08355248064668296,0.0730645662763045,0.0767916170484048,0.13142119073572353,0.020654822737845357,0.029438902459485994,0.0767916170484048,0.03711218939869355,0.4442705243477775,0.2895357265287983,0.3570866150806207,0.220672270852179,0.31195261807732616,0.18670823559867677,0.12350864688970413,confirmation,interfair/baselines/state_resampling/runs/confirmation/hmda_md/1009/erm/selected.pt,1ec3a1a528b1b3738e8e8f7b66d27fb8a33d327c007e06fa6768c12f72d4fa21,interfair/baselines/state_resampling/runs/confirmation/hmda_md/1009/erm/audit_current.npz,e53f7360baafa4cb3504498def57aac98f5239a39dea629824326c903a6f9510,interfair/baselines/state_resampling/runs/confirmation/hmda_md/1009/erm/DONE.json,interfair/baselines/state_resampling/runs/confirmation/hmda_md/1009/erm/EVALUATION.json,24,13.510787221021019,39000,3080,cpu,matched native Fair-SMOTE preprocessing; fixed 40 epochs; validation AUROC
hmda_md,mlp,1009,fairsmote,0.838947306129443,0.9392283212783993,0.8521699819168174,0.782,0.15341163422839865,0.47567201169776263,0.023545335866203276,0.016221540942358642,0.05819527064679575,0.008897746018514008,0.023545335866203276,0.7978875249785898,0.2744436952124073,0.7064436329367416,8489,0.8067852709971038,0.2979890310786106,0.6482483622899459,3511,0.2856919582746768,0.8592932113497491,0.05445263175811714,0.13317583065924368,0.10920791290299421,0.10874052998300078,0.0494626565180269,0.35056490485480735,0.8550860680552334,0.062230970700080906,0.13453105874856344,0.13795674883564057,0.08743442415312841,0.15173103599131368,0.036115578416003574,0.08994646211201436,0.08743442415312841,0.01926165830669772,0.5332704199337516,0.34147098399546283,0.4831429317099576,0.30086404219861357,0.45458286609493365,0.273228931805832,0.09162593853467288,confirmation,interfair/baselines/state_resampling/runs/confirmation/hmda_md/1009/fairsmote/selected.pt,99b82bfbf440706d424185b5306b9e4448b7e0e4a8abcee1d655cb3899095b17,interfair/baselines/state_resampling/runs/confirmation/hmda_md/1009/fairsmote/audit_current.npz,1f3563ddf0363d4ed5504852e578e620c8cec2b1a24d06124df595a166f928d4,interfair/baselines/state_resampling/runs/confirmation/hmda_md/1009/fairsmote/DONE.json,interfair/baselines/state_resampling/runs/confirmation/hmda_md/1009/fairsmote/EVALUATION.json,4,78.29845240199938,88360,6920,cpu,matched native Fair-SMOTE preprocessing; fixed 40 epochs; validation AUROC
hmda_va,mlp,1000,erm,0.8602550661722798,0.9554257103993511,0.9273567285953013,0.8768333333333334,0.09467160486475362,0.31918309955670965,0.0929746108034688,0.07009548720501274,0.11628163760865184,0.04721636360655668,0.0929746108034688,0.975360076181407,0.5423529411764706,0.9024849024849025,10101,0.9281437125748503,0.4493783303730018,0.7862032648762507,1899,0.2256288230929973,0.8445823938812873,0.03725473956521812,0.057165703542678754,0.04967584438162879,0.06867569580599257,0.023741010940132926,0.19861466778703693,0.7941828016740091,0.0349242480406616,0.07344101324395047,0.04492233724123354,0.06090781722761849,0.06929533044588264,0.011856295146302162,0.019323170935607967,0.06090781722761849,0.03811111202658857,0.3958146936521528,0.2756203569677926,0.3075918426910903,0.18186982315233288,0.2608928844278035,0.12832745986998878,0.16282380913663835,confirmation,interfair/baselines/state_resampling/runs/confirmation/hmda_va/1000/erm/selected.pt,120971d4661d5a76fd42fd0a01bfb7e1b87d1c2aaeb4b3b8cf9db864b9d8c7cb,interfair/baselines/state_resampling/runs/confirmation/hmda_va/1000/erm/audit_current.npz,0e1e88c7ce8e0444519453045e7345de0b0b1654fe648cc68aed76e6b3baa11a,interfair/baselines/state_resampling/runs/confirmation/hmda_va/1000/erm/DONE.json,interfair/baselines/state_resampling/runs/confirmation/hmda_va/1000/erm/EVALUATION.json,15,13.583739051944576,39000,3080,cpu,matched native Fair-SMOTE preprocessing; fixed 40 epochs; validation AUROC
hmda_va,mlp,1000,fairsmote,0.8445123540997432,0.9508656407930023,0.8887952822240943,0.824,0.12594209709196025,0.4031834460553356,0.04549263399853726,0.040513261980868326,0.02727820263365288,0.035533889963199394,0.04549263399853726,0.8619211998571599,0.3488235294117647,0.7755667755667756,10101,0.8974550898203593,0.39431616341030196,0.7482885729331227,1899,0.3771882249567217,0.9022876193858563,0.06056050679699581,0.11564761307130496,0.12970688801535915,0.09209616265361399,0.04809614434306258,0.371000882095062,0.8631103188358124,0.05528060625986288,0.11491005745435222,0.15157584409294117,0.07019613621240293,0.1990325956166362,0.03263175547977901,0.0571051245824297,0.07019613621240293,0.009033543245036033,0.6515210306191885,0.4144558720188777,0.5632987234673997,0.335151431759232,0.5046375676040028,0.2954854092034623,0.07751170863566119,confirmation,interfair/baselines/state_resampling/runs/confirmation/hmda_va/1000/fairsmote/selected.pt,83a5c9aa06e6dc22144456177fc1898c01ad714eb4bbdcbf3db68327ef5ae7ad,interfair/baselines/state_resampling/runs/confirmation/hmda_va/1000/fairsmote/audit_current.npz,d2ab8afbcdd1e5f7f4048d0c9b073e530994dc3b571dd0dac475bdf91cdfc823,interfair/baselines/state_resampling/runs/confirmation/hmda_va/1000/fairsmote/DONE.json,interfair/baselines/state_resampling/runs/confirmation/hmda_va/1000/fairsmote/EVALUATION.json,3,100.60272449592594,107300,8400,cpu,matched native Fair-SMOTE preprocessing; fixed 40 epochs; validation AUROC
hmda_va,mlp,1001,erm,0.8600557907614541,0.9549655492724545,0.927949404037947,0.8765833333333334,0.09508170875753376,0.32045491016803407,0.020554800961237074,0.01745985737375999,0.06878301665031517,0.014364913786282907,0.020554800961237074,0.981430782049756,0.5711764705882353,0.9123849123849124,10101,0.9670658682634731,0.5506216696269982,0.8436018957345972,1899,0.201258100485253,0.8294110051166117,0.028194826134550512,0.03293645099578205,0.05313694122651754,0.05562453680204811,0.022852257982942766,0.1786995064080022,0.7668806236634252,0.02357364633538992,0.04227039873157731,0.047024626891755135,0.04849746033861918,0.05062108849036247,0.010160871615439977,0.011923436500801311,0.04849746033861918,0.02904217068254644,0.4330051829629031,0.29480973881067235,0.32924497221287635,0.1834111606673129,0.26330819051475396,0.13351574441553088,0.16971938309695678,confirmation,interfair/baselines/state_resampling/runs/confirmation/hmda_va/1001/erm/selected.pt,3cb9a9b8b2197db057941012b3d3e2a0b21509b737b39e214b6f13dda6a931ce,interfair/baselines/state_resampling/runs/confirmation/hmda_va/1001/erm/audit_current.npz,5a1341b2b4519e5df5f60332ced1bbbc6a2f0981b0fbeb36919af27cd83f4bbf,interfair/baselines/state_resampling/runs/confirmation/hmda_va/1001/erm/DONE.json,interfair/baselines/state_resampling/runs/confirmation/hmda_va/1001/erm/EVALUATION.json,14,13.54511233791709,39000,3080,cpu,matched native Fair-SMOTE preprocessing; fixed 40 epochs; validation AUROC
hmda_va,mlp,1001,fairsmote,0.8408854826252127,0.9496463000445354,0.8892049944681524,0.82475,0.12919592412611905,0.41217157133147664,0.07029046076689999,0.052971692089249206,0.021184457203414553,0.035652923411598425,0.07029046076689999,0.8618021664087608,0.3382352941176471,0.7736857736857737,10101,0.8974550898203593,0.40852575488454707,0.7525013164823592,1899,0.2778888978926411,0.8700979116058722,0.048435401287015796,0.09709842129934122,0.12017195932302821,0.08112724721532844,0.044397591559151364,0.2848913291580421,0.8484348705972022,0.04531083591445179,0.0919343863842818,0.12628684510259566,0.062493632946159006,0.07506724175293872,0.019828681887035175,0.03254611357733345,0.062493632946159006,0.025737187128382494,0.5306674677868622,0.3285844554943396,0.4472191462081046,0.2650251944857983,0.39460678772050517,0.2334738524560531,0.09075943677323683,confirmation,interfair/baselines/state_resampling/runs/confirmation/hmda_va/1001/fairsmote/selected.pt,c0a46d2fa7a68f080377f7f327390d527b5bb0bccdee822ec366c740d4347016,interfair/baselines/state_resampling/runs/confirmation/hmda_va/1001/fairsmote/audit_current.npz,69e11025da32af5e4a0e9fddfc7495423fd0a396df7ca311dbeb8a06bb7d1af7,interfair/baselines/state_resampling/runs/confirmation/hmda_va/1001/fairsmote/DONE.json,interfair/baselines/state_resampling/runs/confirmation/hmda_va/1001/fairsmote/EVALUATION.json,2,96.58282776898704,107764,8440,cpu,matched native Fair-SMOTE preprocessing; fixed 40 epochs; validation AUROC
hmda_va,mlp,1002,erm,0.8606168570115198,0.9552985240946775,0.9278501390311723,0.87675,0.09427598285922177,0.3171824228861118,0.05551353045658758,0.04287517143456948,0.09076510498311441,0.030236812412551384,0.05551353045658758,0.9808356148077609,0.5670588235294117,0.9111969111969112,10101,0.9505988023952096,0.5115452930728241,0.8204318062137967,1899,0.16099177833710815,0.7658530136302412,0.028906576067365394,0.04083309316472042,0.039201077174038874,0.057152863886609825,0.019246537920389037,0.14143124164078064,0.7163107126817265,0.024541808000933273,0.05106562062592959,0.025411296833607128,0.0524336898088503,0.0300832589691273,0.007645461920414319,0.009036469559125937,0.0524336898088503,0.037593802946691145,0.3782229447230725,0.28169381448644354,0.28593551554857666,0.16452204972424822,0.21686657061049464,0.1132705230791918,0.1963468130896988,confirmation,interfair/baselines/state_resampling/runs/confirmation/hmda_va/1002/erm/selected.pt,7a008c8f2217f6d90fde300c67ba4d57906bac2a4445cef8c766e349ce8c5785,interfair/baselines/state_resampling/runs/confirmation/hmda_va/1002/erm/audit_current.npz,c0c77288a6c712a81a25174731775457383885d767719811171305edfdd031c5,interfair/baselines/state_resampling/runs/confirmation/hmda_va/1002/erm/DONE.json,interfair/baselines/state_resampling/runs/confirmation/hmda_va/1002/erm/EVALUATION.json,11,13.463457019999623,39000,3080,cpu,matched native Fair-SMOTE preprocessing; fixed 40 epochs; validation AUROC
hmda_va,mlp,1002,fairsmote,0.8415048202548049,0.949421673473175,0.8667029379760609,0.7958333333333333,0.14348140672029705,0.44895043961139336,0.04805453975551144,0.04100218803335026,0.029249446311057636,0.033949836311189086,0.04805453975551144,0.8133555529103678,0.2876470588235294,0.7248787248787248,10101,0.8473053892215568,0.33570159857904086,0.6956292785676672,1899,0.2630744469197385,0.8714659659584261,0.04759775446298945,0.1095391442012149,0.11139704202459562,0.09066481381671113,0.03773297052802393,0.297029196623026,0.8623863731387257,0.050682604697711235,0.12272579743356654,0.13530912777257448,0.07526344932316278,0.077393883423797,0.019233080335368996,0.038000863684086124,0.07526344932316278,0.040017526854636935,0.43431504165107215,0.24746482401634243,0.37634972031097874,0.19955915199641328,0.3376585474693647,0.1803935282711955,0.10042320521687503,confirmation,interfair/baselines/state_resampling/runs/confirmation/hmda_va/1002/fairsmote/selected.pt,9bc1b5e5d2a4f21803d3080a00d23fe37fba1c640159065bcf51f9e637599a02,interfair/baselines/state_resampling/runs/confirmation/hmda_va/1002/fairsmote/audit_current.npz,1693624b0d2ff606f85a733ef08336c3ecca30ca2ef2314e0d47e06b8970e8a1,interfair/baselines/state_resampling/runs/confirmation/hmda_va/1002/fairsmote/DONE.json,interfair/baselines/state_resampling/runs/confirmation/hmda_va/1002/fairsmote/EVALUATION.json,2,97.50973598798737,107157,8400,cpu,matched native Fair-SMOTE preprocessing; fixed 40 epochs; validation AUROC
hmda_va,mlp,1003,erm,0.8607721565915346,0.9555791837432985,0.9279805352798054,0.8766666666666667,0.09498512658004646,0.3194966218632605,0.07080764810364648,0.052010148363086484,0.09581411003211948,0.033212648622526486,0.07080764810364648,0.983811451017736,0.5823529411764706,0.9162459162459162,10101,0.9505988023952096,0.5115452930728241,0.8204318062137967,1899,0.18342283891385577,0.8099557704674668,0.0322975319742837,0.04762716486142635,0.04676815615475896,0.05924816141238524,0.02364578200992492,0.15509323633368693,0.7633855392113548,0.026301672015325985,0.05735360075640952,0.03896970251652155,0.05181994896239629,0.03775325928062988,0.00892019435387043,0.012609525099018339,0.05181994896239629,0.034697355391697444,0.39563072875150695,0.2668748350394254,0.2823114441936578,0.15450343224842886,0.22329763800300131,0.10976506250858431,0.18407908649855947,confirmation,interfair/baselines/state_resampling/runs/confirmation/hmda_va/1003/erm/selected.pt,aaa6d24166d80f45b6a9dd13c2f8710495d489f5d71ea15964fd77a8435f2e93,interfair/baselines/state_resampling/runs/confirmation/hmda_va/1003/erm/audit_current.npz,5674cdfa11a047259518099622cf363af529ede6d6fded72cb0604917141883d,interfair/baselines/state_resampling/runs/confirmation/hmda_va/1003/erm/DONE.json,interfair/baselines/state_resampling/runs/confirmation/hmda_va/1003/erm/EVALUATION.json,11,13.566236487939022,39000,3080,cpu,matched native Fair-SMOTE preprocessing; fixed 40 epochs; validation AUROC
hmda_va,mlp,1003,fairsmote,0.8416943156950013,0.9495030408990714,0.8807692307692307,0.814,0.13509064924984024,0.4292467301961645,0.04763870024030925,0.03416577131181486,0.03913694435021453,0.020692842383320476,0.04763870024030925,0.8438281157005119,0.31470588235294117,0.7547767547767548,10101,0.8645209580838323,0.3623445825932504,0.7156398104265402,1899,0.4238244272919177,0.917658903545574,0.07202457858593862,0.1493276012598543,0.1442490462120755,0.10570115027304602,0.04940950589207712,0.4487968363172013,0.8913626150407034,0.07354852361070316,0.14896732923655293,0.17765095238216988,0.08306839080636005,0.214825323670928,0.03797010491589219,0.07476569312511408,0.08306839080636005,0.012486374365744877,0.6483651085279033,0.3963096100227005,0.5705208530930084,0.3283813082789823,0.5275831902523545,0.2978783807856763,0.05498121479440248,confirmation,interfair/baselines/state_resampling/runs/confirmation/hmda_va/1003/fairsmote/selected.pt,afe6fa6055721b2c64704da409b4a4147c0915a7eb9f2bc52587e3a53c259154,interfair/baselines/state_resampling/runs/confirmation/hmda_va/1003/fairsmote/audit_current.npz,847a7a823c3de91435a313636496b217e842eeb6a94fd03be5d37e80a76d47e3,interfair/baselines/state_resampling/runs/confirmation/hmda_va/1003/fairsmote/DONE.json,interfair/baselines/state_resampling/runs/confirmation/hmda_va/1003/fairsmote/EVALUATION.json,4,96.26739997905679,106709,8360,cpu,matched native Fair-SMOTE preprocessing; fixed 40 epochs; validation AUROC
hmda_va,mlp,1004,erm,0.8601650042153715,0.9553258609429225,0.9284848484848485,0.8770833333333333,0.09577805903956128,0.3228666924798634,0.032285027687806944,0.019947619380954573,0.06570353489784775,0.007610211074102202,0.032285027687806944,0.984406618259731,0.5882352941176471,0.9177309177309178,10101,0.9767964071856288,0.5559502664298401,0.85202738283307,1899,0.161898276928275,0.7849468809874356,0.024316307358049623,0.03045133305772549,0.03587972382541736,0.05292550398945394,0.0203080732269247,0.13681884856082546,0.7238908624919214,0.020295018944088136,0.03866291363240346,0.028378765630720334,0.04656855070178499,0.0406006450207534,0.008536799818161646,0.009208010860355047,0.04656855070178499,0.02997996041985266,0.432273065100717,0.31470805320116796,0.2957580536036069,0.17815236530558043,0.21309010065122783,0.12263279772349817,0.21218079834552683,confirmation,interfair/baselines/state_resampling/runs/confirmation/hmda_va/1004/erm/selected.pt,af91826e07b55c231a2f981fa82525362a1595f62bde63fd28aa54688b3885bf,interfair/baselines/state_resampling/runs/confirmation/hmda_va/1004/erm/audit_current.npz,7139e585b71b98a0c458c39feb987ecb23a5d423f4474da2f93f1f19770b1e12,interfair/baselines/state_resampling/runs/confirmation/hmda_va/1004/erm/DONE.json,interfair/baselines/state_resampling/runs/confirmation/hmda_va/1004/erm/EVALUATION.json,10,13.2402425899636,39000,3080,cpu,matched native Fair-SMOTE preprocessing; fixed 40 epochs; validation AUROC
hmda_va,mlp,1004,fairsmote,0.8405117561373626,0.9500237474850042,0.8759648370497427,0.8071666666666667,0.1359468073417991,0.42885330706740493,0.07781109601922476,0.05663306761627451,0.01903789107580578,0.03545503921332427,0.07781109601922476,0.8343054398285918,0.3111764705882353,0.7462627462627462,10101,0.8697604790419161,0.38898756660746003,0.7272248551869405,1899,0.28084253765268796,0.879314338073102,0.048201029832637736,0.09586114386044634,0.11197550383081818,0.08096733176360882,0.04093838189003515,0.296343229269776,0.8517950160377363,0.047381523642885566,0.09857673054362223,0.12381048017002365,0.06426189492391693,0.08651539845527968,0.020814697285106425,0.03330007288474535,0.06426189492391693,0.025487101839366866,0.5025480133363799,0.29864057214582407,0.42679612062836664,0.2499045891141728,0.3776414804606563,0.2197562560906178,0.0942929364539983,confirmation,interfair/baselines/state_resampling/runs/confirmation/hmda_va/1004/fairsmote/selected.pt,1607301a50fce17cb09b0a90518fae2788e7b6e5ccfdaec00b47b1abf778e80d,interfair/baselines/state_resampling/runs/confirmation/hmda_va/1004/fairsmote/audit_current.npz,375999fefb231eaf0d958c2430a92effbe5ab4392d4b7d1c8b5b7809b56bfb9b,interfair/baselines/state_resampling/runs/confirmation/hmda_va/1004/fairsmote/DONE.json,interfair/baselines/state_resampling/runs/confirmation/hmda_va/1004/fairsmote/EVALUATION.json,2,97.5679748369148,107285,8400,cpu,matched native Fair-SMOTE preprocessing; fixed 40 epochs; validation AUROC
hmda_va,mlp,1005,erm,0.8611933533776592,0.9551142450908137,0.9284664380205782,0.8783333333333333,0.0942188911264226,0.31960440696098097,0.056850903771810735,0.04102700452399308,0.09008680572661609,0.02520310527617542,0.056850903771810735,0.9765504106653969,0.5435294117647059,0.9036729036729036,10101,0.9513473053892215,0.4866785079928952,0.8135860979462876,1899,0.2550928521520516,0.8400056049531426,0.04667308515472767,0.06709622723212687,0.051735031481689134,0.07964648314905534,0.03257957580779018,0.19706205092160428,0.7453574078825556,0.038272047221959676,0.07915761645400488,0.03157691638318837,0.06548836506737085,0.08656566370942707,0.014073783861249717,0.026165523523749002,0.06548836506737085,0.03806218270069773,0.4035940477724134,0.29139390447120006,0.29699500907408816,0.1838006119095547,0.24505327051954426,0.13767249961064024,0.2009101677549439,confirmation,interfair/baselines/state_resampling/runs/confirmation/hmda_va/1005/erm/selected.pt,aa4ceface3f38f63575239cd42372fc6ea1410d12f9f3224bf3d0767b207cfcc,interfair/baselines/state_resampling/runs/confirmation/hmda_va/1005/erm/audit_current.npz,5fd1ebb55539961c40066a8333ba5b723760affca6be556b8e7567648e59f38e,interfair/baselines/state_resampling/runs/confirmation/hmda_va/1005/erm/DONE.json,interfair/baselines/state_resampling/runs/confirmation/hmda_va/1005/erm/EVALUATION.json,23,13.591661007027142,39000,3080,cpu,matched native Fair-SMOTE preprocessing; fixed 40 epochs; validation AUROC
hmda_va,mlp,1005,fairsmote,0.8436216279580269,0.9503371868583381,0.8703804053321773,0.8006666666666666,0.14068310552356195,0.4421541695818876,0.057535262772960005,0.05309241949625024,0.016556476272116094,0.04864957621954047,0.057535262772960005,0.8181168908463278,0.2888235294117647,0.729036729036729,10101,0.8667664670658682,0.3463587921847247,0.7124802527646129,1899,0.3478147025384774,0.9060257129026598,0.0611508017338601,0.12638773504872863,0.14269669476388663,0.09466244039567412,0.04732600557692948,0.3465700991452506,0.8609533624865693,0.057410167497542325,0.11862469550298196,0.1621317871287472,0.0709143128122002,0.1261041805561113,0.027293358691600614,0.05371125295429802,0.0709143128122002,0.020457898290425918,0.5759531095935058,0.34070520421520145,0.4964557835880055,0.2793078004000118,0.4513104343685387,0.2464965865763613,0.08132077264094888,confirmation,interfair/baselines/state_resampling/runs/confirmation/hmda_va/1005/fairsmote/selected.pt,610ada7eb854e1ba3a43e64c3bb050cc682f78b2f8c86d03f85eabcb5336f35a,interfair/baselines/state_resampling/runs/confirmation/hmda_va/1005/fairsmote/audit_current.npz,d19de546413b98777915ac228d1c9e798cbaabd2ff47bc049d3d71bd2e935f95,interfair/baselines/state_resampling/runs/confirmation/hmda_va/1005/fairsmote/DONE.json,interfair/baselines/state_resampling/runs/confirmation/hmda_va/1005/fairsmote/EVALUATION.json,3,97.54574560490437,107474,8400,cpu,matched native Fair-SMOTE preprocessing; fixed 40 epochs; validation AUROC
hmda_va,mlp,1006,erm,0.8577004969995004,0.9540492061049897,0.9267478397486253,0.8756666666666667,0.09502837755826835,0.31996456421484615,0.058638595758018996,0.04839409614582546,0.0996918485070144,0.038149596533631924,0.058638595758018996,0.974526842042614,0.5417647058823529,0.9016929016929017,10101,0.936377245508982,0.48312611012433393,0.8020010531858873,1899,0.18773661297682148,0.8199953231797371,0.03442744273546476,0.05293066801308145,0.0604594830225029,0.06836417605504261,0.024372809653799638,0.18499743021205914,0.7742060484569784,0.032878002393751916,0.06451938492477222,0.07692422061008641,0.058306535953018206,0.03251497295538875,0.00979509802425157,0.018760170322156752,0.058306535953018206,0.040302755921568,0.3912044359955256,0.21023902705454034,0.30052678282082024,0.13309087043112375,0.24378031607533981,0.10160263674545461,0.1864387181152875,confirmation,interfair/baselines/state_resampling/runs/confirmation/hmda_va/1006/erm/selected.pt,37f106925bbe0a4f186094bf9211e4e89b95afe3bfd6f62980ed0f0fccf2aa9d,interfair/baselines/state_resampling/runs/confirmation/hmda_va/1006/erm/audit_current.npz,af10b836ded1f87741ff69b46b8609cf61e41b96ab4b77ca8c4ef7262473decd,interfair/baselines/state_resampling/runs/confirmation/hmda_va/1006/erm/DONE.json,interfair/baselines/state_resampling/runs/confirmation/hmda_va/1006/erm/EVALUATION.json,10,13.58111343497876,39000,3080,cpu,matched native Fair-SMOTE preprocessing; fixed 40 epochs; validation AUROC
hmda_va,mlp,1006,fairsmote,0.8422476215043356,0.9503179283109046,0.8814842458815375,0.81475,0.13371442516931878,0.4230338077401615,0.08432765646222967,0.06719078895078964,0.007766737624557596,0.05005392143934961,0.08432765646222967,0.8421616474229259,0.31176470588235294,0.752895752895753,10101,0.8922155688622755,0.3960923623445826,0.7451290152711953,1899,0.30189885408252165,0.8827348809684973,0.05344306793405688,0.10975949263706064,0.11530196784087923,0.08763870744473763,0.04484416714455962,0.3216285671310662,0.8457691420821465,0.0537849824981156,0.11443544122895102,0.12566768289926436,0.06833020951602264,0.09309789080764791,0.020654025701480238,0.04117158659039119,0.06833020951602264,0.03014133071901136,0.5059222772895614,0.31661463263295886,0.42387228238704056,0.24713257805677635,0.37391922713516407,0.21542274993426364,0.10235429210485317,confirmation,interfair/baselines/state_resampling/runs/confirmation/hmda_va/1006/fairsmote/selected.pt,4d60fea407598f63b3c8374e278853ced7de06106a61663a5596992326bb168b,interfair/baselines/state_resampling/runs/confirmation/hmda_va/1006/fairsmote/audit_current.npz,58492fd20a6aac1d88134190878d831107979f01c49382beedefb08dac89d748,interfair/baselines/state_resampling/runs/confirmation/hmda_va/1006/fairsmote/DONE.json,interfair/baselines/state_resampling/runs/confirmation/hmda_va/1006/fairsmote/EVALUATION.json,2,97.89791578100994,107884,8440,cpu,matched native Fair-SMOTE preprocessing; fixed 40 epochs; validation AUROC
hmda_va,mlp,1007,erm,0.8597557430778571,0.9547146211392599,0.9287916605491118,0.87875,0.09395509943784376,0.31745549892651775,0.06450945564726779,0.046990819264131095,0.09486618017423709,0.029472182880994402,0.06450945564726779,0.97857397928818,0.5494117647058824,0.9063459063459064,10101,0.9491017964071856,0.4849023090586146,0.8114797261716693,1899,0.20178369090532833,0.8322520770337432,0.034948475343979005,0.04997643122390258,0.05191613293692105,0.06970941017827174,0.02542350323450994,0.16410843903434133,0.7588638070507283,0.028112512813307018,0.05802835318563841,0.030100088081640858,0.061882152623995046,0.05306107192364974,0.010800422475221876,0.015017017824658361,0.061882152623995046,0.0408509804038629,0.4171829681155117,0.3135448454938507,0.328061210178923,0.20766023954802051,0.26661645247497845,0.14605880901481183,0.1675676185881711,confirmation,interfair/baselines/state_resampling/runs/confirmation/hmda_va/1007/erm/selected.pt,1797bbe1ba2d0ebb97242c93f20297687f112203d91e07f34260686e3a1ef74d,interfair/baselines/state_resampling/runs/confirmation/hmda_va/1007/erm/audit_current.npz,0bdc563c8e37f571b81e8682f37ec6b53f7b043175d805aa832b974ebbb9aba1,interfair/baselines/state_resampling/runs/confirmation/hmda_va/1007/erm/DONE.json,interfair/baselines/state_resampling/runs/confirmation/hmda_va/1007/erm/EVALUATION.json,14,13.210158657981083,39000,3080,cpu,matched native Fair-SMOTE preprocessing; fixed 40 epochs; validation AUROC
hmda_va,mlp,1007,fairsmote,0.8416579641568388,0.9502921299812437,0.8644760503514795,0.79275,0.14590600861153952,0.4552449587647437,0.06461707240622716,0.04647605582403125,0.028255222568018823,0.028335039241835336,0.06461707240622716,0.8107368170455899,0.2852941176470588,0.7223047223047223,10101,0.8390718562874252,0.34991119005328597,0.6940494997367035,1899,0.3107966372315112,0.8784076380165954,0.05269239176019891,0.11280323680866215,0.11943938737870277,0.09362384332971246,0.04157262691997709,0.3344769930162398,0.8538431273319667,0.05461929307033372,0.11551134528161582,0.14327398535643096,0.07067430739980948,0.12853476944053652,0.0287969861749083,0.05824401367196617,0.07067430739980948,0.01695404900405834,0.5756420231342189,0.36605085329305537,0.5053382636357631,0.3060739674251452,0.46409912661792807,0.27611121523376686,0.07520913335850794,confirmation,interfair/baselines/state_resampling/runs/confirmation/hmda_va/1007/fairsmote/selected.pt,0c13f821f6caaa23442ec5dd5acb3f6bb6b884298da309adf0b48f44dc99dd5f,interfair/baselines/state_resampling/runs/confirmation/hmda_va/1007/fairsmote/audit_current.npz,d822229ce17f1cc7a1305b4ff526dc201639656683aae23756c4c691675655f6,interfair/baselines/state_resampling/runs/confirmation/hmda_va/1007/fairsmote/DONE.json,interfair/baselines/state_resampling/runs/confirmation/hmda_va/1007/fairsmote/EVALUATION.json,2,97.61493222997524,107699,8440,cpu,matched native Fair-SMOTE preprocessing; fixed 40 epochs; validation AUROC
hmda_va,mlp,1008,erm,0.8600401110405613,0.9553803754436657,0.9267344061451699,0.8744166666666666,0.09551361687819077,0.31985270214286154,0.0394128095287849,0.033038284630419246,0.0814296928041004,0.026663759732053594,0.0394128095287849,0.982502083085347,0.5847058823529412,0.9155529155529155,10101,0.9558383233532934,0.5452930728241563,0.8341232227488151,1899,0.14699462650623196,0.7656496489044676,0.024853574225616917,0.037442959005867624,0.03752026962488632,0.053487750743096404,0.017507670800136935,0.15035968726432886,0.7431171707250575,0.02257631984309289,0.04808256707551143,0.037208848144593985,0.04700649180024736,0.026993926695384713,0.007679943288735506,0.008059416310097052,0.04700649180024736,0.03233804816637168,0.4418208243261896,0.3031565901069714,0.32398973575412626,0.17684552536532872,0.25467713589308677,0.11623958233654326,0.18248637379100147,confirmation,interfair/baselines/state_resampling/runs/confirmation/hmda_va/1008/erm/selected.pt,d02c08c101d5b3a06879489a3fbd43fccf3cba1c1343099651530980765bca8e,interfair/baselines/state_resampling/runs/confirmation/hmda_va/1008/erm/audit_current.npz,55fc6a9fd2caf11b33516b6bf1bceeaf5181ccce39372f35518bfd302f4629b9,interfair/baselines/state_resampling/runs/confirmation/hmda_va/1008/erm/DONE.json,interfair/baselines/state_resampling/runs/confirmation/hmda_va/1008/erm/EVALUATION.json,7,13.497451854986139,39000,3080,cpu,matched native Fair-SMOTE preprocessing; fixed 40 epochs; validation AUROC
hmda_va,mlp,1008,fairsmote,0.83987215513475,0.9490219885886091,0.87003140907614,0.8,0.1416188339479863,0.4427839616647673,0.08711942325775779,0.06603039340542816,0.01086295399091608,0.04494136355309852,0.08711942325775779,0.8188310915367218,0.2858823529411765,0.7291357291357291,10101,0.8637724550898204,0.37300177619893427,0.718272775144813,1899,0.2848013218415661,0.8871498738136996,0.05200524977496471,0.11202707041600732,0.12323358320139335,0.08975808215531367,0.04354992619065449,0.25105987502042754,0.850474397896543,0.04148426154979733,0.09767619389918607,0.12370877679796105,0.06497044103933311,0.09150339615771409,0.021645769239743942,0.04260954981934041,0.06497044103933311,0.02448621957724758,0.5269153500198884,0.3302280074109461,0.44856956429423117,0.2685962478485334,0.39812022358513066,0.23909129843567392,0.09391113810768634,confirmation,interfair/baselines/state_resampling/runs/confirmation/hmda_va/1008/fairsmote/selected.pt,700aebdd210f64e53ed320a9e882043a76b30243e5993b467381b20f5b42f238,interfair/baselines/state_resampling/runs/confirmation/hmda_va/1008/fairsmote/audit_current.npz,777bb14bc62cfb7b4de0d0c47b7ab10853aa4f60f460a4bd6f17a03a7d361fd9,interfair/baselines/state_resampling/runs/confirmation/hmda_va/1008/fairsmote/DONE.json,interfair/baselines/state_resampling/runs/confirmation/hmda_va/1008/fairsmote/EVALUATION.json,2,97.56389946001582,107632,8440,cpu,matched native Fair-SMOTE preprocessing; fixed 40 epochs; validation AUROC
hmda_va,mlp,1009,erm,0.8615202449249555,0.955455441291571,0.9283507429748419,0.87825,0.0935035500571304,0.3156645155825386,0.05392122035315011,0.03853322735146228,0.08820580384561427,0.023145234349774446,0.05392122035315011,0.9752410427330079,0.5388235294117647,0.9017919017919018,10101,0.9520958083832335,0.4849023090586146,0.8135860979462876,1899,0.1922257752262443,0.8199604938419494,0.027723089948112806,0.04089619154452054,0.049893449923583716,0.06448937328682433,0.02281293183915321,0.175556604851678,0.7848928009004749,0.02595342366440097,0.053060620489342514,0.05509806695903404,0.05355641731846533,0.046607234268827645,0.010915027784971693,0.01599543660491742,0.05355641731846533,0.03292402568683242,0.44515108724231733,0.294267645613536,0.35602451643069805,0.1881098627407157,0.2835537271571005,0.13703183978690847,0.1626670819128082,confirmation,interfair/baselines/state_resampling/runs/confirmation/hmda_va/1009/erm/selected.pt,1eeff6f9c9029ad9d1acdabc2c71e8209aef6b07348fcad30d622ecde6f862d9,interfair/baselines/state_resampling/runs/confirmation/hmda_va/1009/erm/audit_current.npz,bd586cd7f648c8cb4c43b558ff1e7a4c881feffb53e368e488782e9f85e05c58,interfair/baselines/state_resampling/runs/confirmation/hmda_va/1009/erm/DONE.json,interfair/baselines/state_resampling/runs/confirmation/hmda_va/1009/erm/EVALUATION.json,13,13.190088154980913,39000,3080,cpu,matched native Fair-SMOTE preprocessing; fixed 40 epochs; validation AUROC
hmda_va,mlp,1009,fairsmote,0.845052998137358,0.9507526636112146,0.8790279413339043,0.8116666666666666,0.13503358988859177,0.4283613019905336,0.06003761362449067,0.048402034999365906,0.02411426582042686,0.03676645637424114,0.06003761362449067,0.8382335436257589,0.30941176470588233,0.7492327492327492,10101,0.875,0.369449378330373,0.7251184834123223,1899,0.4460551437356987,0.9225612091765445,0.07094925996147686,0.13068253445448658,0.15529486891234048,0.09921096160275956,0.04938031412821929,0.4169024353198419,0.8849465571293498,0.06642140593793035,0.12857804034144454,0.17080196690673116,0.0758318668371136,0.2071361882289934,0.03252340515957701,0.0583593258768652,0.0758318668371136,0.016058350094925622,0.5907067901276665,0.3519030354673265,0.5089791462553857,0.28594787396010835,0.47210870091349505,0.25882090433148175,0.07012769072200922,confirmation,interfair/baselines/state_resampling/runs/confirmation/hmda_va/1009/fairsmote/selected.pt,fecf4dcf2cd4699189e7a9e82773d1c8935bbed27191a47d8ff5f8bf0b995189,interfair/baselines/state_resampling/runs/confirmation/hmda_va/1009/fairsmote/audit_current.npz,db6a351ad21f2887aaf9cec704f404c76c9855f273d3ec515eb98d5c34c138a6,interfair/baselines/state_resampling/runs/confirmation/hmda_va/1009/fairsmote/DONE.json,interfair/baselines/state_resampling/runs/confirmation/hmda_va/1009/fairsmote/EVALUATION.json,4,96.87627983093262,107212,8400,cpu,matched native Fair-SMOTE preprocessing; fixed 40 epochs; validation AUROC
hmda_pa,mlp,1000,erm,0.8364043430893711,0.938698819704322,0.9125575279421433,0.8559166666666667,0.11072044080210255,0.3649479794221718,0.1693817878028404,0.12207516153193415,0.1939135904767535,0.07476853526102789,0.1693817878028404,0.9649419456656522,0.5436507936507936,0.8791633001167071,11139,0.8901734104046243,0.3742690058479532,0.6852497096399536,861,0.19108790431756584,0.8011634680819832,0.03697202526083361,0.07446115961355618,0.038595420064618066,0.07915563750471187,0.03189825157399126,0.18879610944793707,0.7859091802755986,0.03826166004389212,0.086365685876353,0.024285834099514687,0.07658394881917606,0.08261529540512103,0.01391750142494755,0.017847532624561943,0.07658394881917606,0.04921161824101835,0.3524218119991099,0.2615570208966475,0.29651467727993436,0.1934407598231771,0.25932170301410573,0.15831412418484503,0.16813662698771226,confirmation,interfair/baselines/state_resampling/runs/confirmation/hmda_pa/1000/erm/selected.pt,4821143f7449be2239af37b372e98522a5c251c9138db6b3ca807b591fffa42a,interfair/baselines/state_resampling/runs/confirmation/hmda_pa/1000/erm/audit_current.npz,919d3cec00ec68b94ded2517a5ef68d4d401646d12a22da7fe47396ea065ef42,interfair/baselines/state_resampling/runs/confirmation/hmda_pa/1000/erm/DONE.json,interfair/baselines/state_resampling/runs/confirmation/hmda_pa/1000/erm/EVALUATION.json,11,13.507139890105464,39000,3080,cpu,matched native Fair-SMOTE preprocessing; fixed 40 epochs; validation AUROC
hmda_pa,mlp,1000,fairsmote,0.8173448969515952,0.931410694103998,0.8695131901006256,0.8000833333333334,0.1436745994777877,0.4492759395917565,0.017822333611807295,0.011169287864128685,0.09433065166710297,0.0045162421164500755,0.017822333611807295,0.8509750873633187,0.3862433862433862,0.7563515575904479,11139,0.8554913294797688,0.3684210526315789,0.662020905923345,861,0.19716007889043957,0.7921932996699337,0.0434589733000291,0.1167377279770611,0.06646839612131572,0.07469948526360445,0.03680974041732938,0.27131538704216057,0.8232822786123963,0.05120518681700005,0.1307876416111702,0.10444027458784891,0.06168120499228384,0.05536634798899154,0.01170600799352948,0.011736768762727204,0.06168120499228384,0.04057513436437036,0.36958193204964385,0.20240819785765252,0.30806717733344646,0.16488223111551484,0.26614043249787395,0.14081284830256718,0.13460459444185072,confirmation,interfair/baselines/state_resampling/runs/confirmation/hmda_pa/1000/fairsmote/selected.pt,5e42436de3e4febd932290b62b2e54660950b2053e570851a0eb9ab800c7f272,interfair/baselines/state_resampling/runs/confirmation/hmda_pa/1000/fairsmote/audit_current.npz,06aef36a3895e7d931cd01093f7e8f6d8ef98b0b96233f39104ea5ca67c42f56,interfair/baselines/state_resampling/runs/confirmation/hmda_pa/1000/fairsmote/DONE.json,interfair/baselines/state_resampling/runs/confirmation/hmda_pa/1000/fairsmote/EVALUATION.json,1,101.09952215000521,105888,8280,cpu,matched native Fair-SMOTE preprocessing; fixed 40 epochs; validation AUROC
hmda_pa,mlp,1001,erm,0.838864590601398,0.9399535282315307,0.9133874036247122,0.8558333333333333,0.1111839261532563,0.36589753961467386,0.20045484080571807,0.14528754031035784,0.2094558685573774,0.09012023981499762,0.20045484080571807,0.9764400856724157,0.5864197530864198,0.8970284585689918,11139,0.8863198458574181,0.38596491228070173,0.6875725900116144,861,0.1863673045839826,0.8104113218241638,0.034207769565600094,0.05498217130783836,0.04587435346386667,0.07213347541253928,0.032775419325251284,0.17895377797936446,0.7719134510645634,0.033232489648744125,0.06278513508378752,0.040571461103834305,0.06542370891087078,0.08899664982431595,0.015505171326115728,0.01911782546922553,0.06542370891087078,0.035115465788848166,0.3833131998275126,0.27466248222847184,0.32307813583757494,0.20685436206088162,0.28546955750053776,0.16580288332072354,0.1823563635245093,confirmation,interfair/baselines/state_resampling/runs/confirmation/hmda_pa/1001/erm/selected.pt,0e635c0cd1383b90e48f8481aeaf236e061f37c9623575064ecb698d469cb3b9,interfair/baselines/state_resampling/runs/confirmation/hmda_pa/1001/erm/audit_current.npz,a621ab057fc63bd82ec37bc1929f0e2dd40a7a5162b3820f9be6f3293f5d1f3f,interfair/baselines/state_resampling/runs/confirmation/hmda_pa/1001/erm/DONE.json,interfair/baselines/state_resampling/runs/confirmation/hmda_pa/1001/erm/EVALUATION.json,14,13.109852464986034,39000,3080,cpu,matched native Fair-SMOTE preprocessing; fixed 40 epochs; validation AUROC
hmda_pa,mlp,1001,fairsmote,0.8146102277224896,0.9284978596911801,0.8602981778023192,0.7891666666666667,0.1516653766187946,0.4709611034073539,0.03351832267640931,0.028768350978973234,0.06213532952150724,0.03351832267640931,0.02401837928153716,0.8277533536241687,0.3531746031746032,0.7311248765598348,11139,0.861271676300578,0.37719298245614036,0.6689895470383276,861,0.25423813707006243,0.8624309595601442,0.0578620107975519,0.1381404210587453,0.076167965307797,0.09459554539952225,0.04401577630838127,0.3538100121122978,0.9118410916799444,0.06697611514477755,0.1538972089908258,0.11739419553479728,0.08403634210188331,0.14101084620657547,0.021875207023412224,0.0331994665553392,0.08403634210188331,0.042823439050025454,0.4770526002159718,0.2882068965623378,0.41022703557479273,0.2519770394537443,0.367429336619649,0.2211894228359197,0.04680058450630886,confirmation,interfair/baselines/state_resampling/runs/confirmation/hmda_pa/1001/fairsmote/selected.pt,06df2de66b11fb0ad593b6c5740f353500d50ec84c1bc2c41f78e3d0fd1c367e,interfair/baselines/state_resampling/runs/confirmation/hmda_pa/1001/fairsmote/audit_current.npz,7ec6a71677ea9b857d872fe091a4b9a9599f0d7fc09c6f8d42ef6a6816a3a3e9,interfair/baselines/state_resampling/runs/confirmation/hmda_pa/1001/fairsmote/DONE.json,interfair/baselines/state_resampling/runs/confirmation/hmda_pa/1001/fairsmote/EVALUATION.json,2,98.97870977793355,105796,8280,cpu,matched native Fair-SMOTE preprocessing; fixed 40 epochs; validation AUROC
hmda_pa,mlp,1002,erm,0.8380149462010208,0.9392360342591746,0.9092861525874412,0.8521666666666666,0.11223575858349111,0.36690563733808007,0.18193632228719953,0.14850219260156208,0.22698351180349174,0.11506806291592464,0.18193632228719953,0.9532183519332657,0.5123456790123457,0.8634527336385672,11139,0.838150289017341,0.3304093567251462,0.6364692218350755,861,0.22236271769267915,0.8456340554986047,0.04472462130200458,0.09883477811865643,0.06021268371763281,0.08945570379881031,0.03512398597574937,0.20359875659455498,0.8020970476461283,0.04232797355277972,0.11198714525912866,0.04844017301422479,0.0841693090235057,0.13257063338838032,0.020727970788298154,0.033697507067891395,0.0841693090235057,0.04356891033732512,0.39491599232856023,0.2843064379585977,0.34663373528183045,0.22389295527778338,0.3129555615059781,0.1877886248297389,0.14580163126772738,confirmation,interfair/baselines/state_resampling/runs/confirmation/hmda_pa/1002/erm/selected.pt,830139d087c6b751559dac90474fd9d4f2b07c79884c93c8417bb7dab342cc3a,interfair/baselines/state_resampling/runs/confirmation/hmda_pa/1002/erm/audit_current.npz,7ddca0dc3826b456dd64ad5be6a105b5e6facc7d30e4f623e91c970bcc9b01b0,interfair/baselines/state_resampling/runs/confirmation/hmda_pa/1002/erm/DONE.json,interfair/baselines/state_resampling/runs/confirmation/hmda_pa/1002/erm/EVALUATION.json,18,13.390774180996232,39000,3080,cpu,matched native Fair-SMOTE preprocessing; fixed 40 epochs; validation AUROC
hmda_pa,mlp,1002,fairsmote,0.8114329869144236,0.9267903234402781,0.8534953729512766,0.781,0.15488155606057777,0.47664492883603693,0.04261792174670598,0.02801554214133778,0.06045745040575323,0.04261792174670598,0.01341316253596958,0.8128734077330628,0.3403880070546737,0.7166711553999461,11139,0.8554913294797688,0.3538011695906433,0.6562137049941928,861,0.2584782209044343,0.8555467153230792,0.05514069472685385,0.12997391732492375,0.08712092215627668,0.09260153859590699,0.049106608427511786,0.3355793072357135,0.8943642015789278,0.06137070873760516,0.1395329795597628,0.13919746343530082,0.07655974328772651,0.2038389733195784,0.0336051668167938,0.0565763187016968,0.07655974328772651,0.012744280268946865,0.5900610375543057,0.37241900669684047,0.5137141909462482,0.32165117233822826,0.4674520461845837,0.29033846921251516,0.04981064165605725,confirmation,interfair/baselines/state_resampling/runs/confirmation/hmda_pa/1002/fairsmote/selected.pt,041cb7ce9c2ef8dd051fbeeba25a91610b57dfd774c5bfe3df91ae26b3a07ac0,interfair/baselines/state_resampling/runs/confirmation/hmda_pa/1002/fairsmote/audit_current.npz,efe1b0d71ec4c1a4951e1af71ee364db76483219d2a814223a4902e8045818eb,interfair/baselines/state_resampling/runs/confirmation/hmda_pa/1002/fairsmote/DONE.json,interfair/baselines/state_resampling/runs/confirmation/hmda_pa/1002/fairsmote/EVALUATION.json,2,98.3647313710535,104619,8200,cpu,matched native Fair-SMOTE preprocessing; fixed 40 epochs; validation AUROC
hmda_pa,mlp,1003,erm,0.8392633803793879,0.939755276756618,0.9122700010165701,0.8561666666666666,0.110293187305074,0.36285200187168476,0.18054395247377703,0.1463656450922808,0.2238135589774196,0.1121873377107846,0.18054395247377703,0.9618983203697441,0.5255731922398589,0.8730586228566298,11139,0.8497109826589595,0.34502923976608185,0.6492450638792102,861,0.23984278431421183,0.8443332179614406,0.04518402394257753,0.09365421293456869,0.055935236085998555,0.08585750227860925,0.03681886359013042,0.2121694939588698,0.7936997147933718,0.03791830928260522,0.08711209921097182,0.047634782248282576,0.07523695305843547,0.09319527030931792,0.0161722164675168,0.025090811383092045,0.07523695305843547,0.043772433630877225,0.36574382383232795,0.25038107556231615,0.3099505321174098,0.19588080247023731,0.26797630031914793,0.16498091725197,0.16275483673415714,confirmation,interfair/baselines/state_resampling/runs/confirmation/hmda_pa/1003/erm/selected.pt,7d9f1b9c94018fb4bef233dc63fdfc4ce892fc1990874fba7a69ca8485ce7fad,interfair/baselines/state_resampling/runs/confirmation/hmda_pa/1003/erm/audit_current.npz,25d66348d3af2cb82ee1233e2b6e0e4f67eb16c1d0060d069fdc0ca70196ff9d,interfair/baselines/state_resampling/runs/confirmation/hmda_pa/1003/erm/DONE.json,interfair/baselines/state_resampling/runs/confirmation/hmda_pa/1003/erm/EVALUATION.json,16,13.479774130973965,39000,3080,cpu,matched native Fair-SMOTE preprocessing; fixed 40 epochs; validation AUROC
hmda_pa,mlp,1003,fairsmote,0.8199380811901469,0.9290296901158274,0.8338799700788307,0.7594166666666666,0.1680045596890377,0.5177284792243879,0.05201204418111105,0.04222713041692702,0.05031228758672868,0.05201204418111105,0.032442216652742994,0.7687972043738023,0.2804232804232804,0.6693599066343477,11139,0.8208092485549133,0.3128654970760234,0.6190476190476191,861,0.5507254252252852,0.9365737468966322,0.09889243284654313,0.19372660493516347,0.15283007786850586,0.12832185526451204,0.05593424066978406,0.6198881401396794,0.9263419356508158,0.10497946384826895,0.20575466514915022,0.18472602777681751,0.11499601665219651,0.5980502130021116,0.052276430384561444,0.09998051641550786,0.11499601665219651,0.019763482468073645,0.5449782508204105,0.3019349997438767,0.48962684966477354,0.26893706379295995,0.45824470486511654,0.24725593830818604,0.0533756803003976,confirmation,interfair/baselines/state_resampling/runs/confirmation/hmda_pa/1003/fairsmote/selected.pt,84d0ba2555afc062cce44d85922c837cceb85fc715be1459e247a146c7eea764,interfair/baselines/state_resampling/runs/confirmation/hmda_pa/1003/fairsmote/audit_current.npz,9524e6b858c3922e15df407e9f4d315800f3ba3f5d2eccbdd4843f025d67f097,interfair/baselines/state_resampling/runs/confirmation/hmda_pa/1003/fairsmote/DONE.json,interfair/baselines/state_resampling/runs/confirmation/hmda_pa/1003/fairsmote/EVALUATION.json,4,98.87491461401805,105491,8280,cpu,matched native Fair-SMOTE preprocessing; fixed 40 epochs; validation AUROC
hmda_pa,mlp,1004,erm,0.8357398430710099,0.9383772257912685,0.9124540093745275,0.85525,0.11147282105788048,0.3661605193135077,0.19959621275410755,0.14703131349539678,0.2150328459538683,0.094466414236686,0.19959621275410755,0.9692255664524856,0.5621693121693122,0.8863452733638567,11139,0.8747591522157996,0.36257309941520466,0.6713124274099884,861,0.15066224123119445,0.7545586250399301,0.03281024594043728,0.06694198438640547,0.03631534302799085,0.07435103879995142,0.029361902732939378,0.11921122077965357,0.6731880069953127,0.030632407212954366,0.07396881626527119,0.017186748339915563,0.0776929016134962,0.0347277388346713,0.008167989311544834,0.008942508949310552,0.0776929016134962,0.06160441083757096,0.30216087861350227,0.23725900665770844,0.23662668955869334,0.17215744438842645,0.19541036683431012,0.13365637500968114,0.251178443398327,confirmation,interfair/baselines/state_resampling/runs/confirmation/hmda_pa/1004/erm/selected.pt,8feb416b7d97c9b65f4cd8652060eb10b5abbbf1cb31f3a4dc0c0d178b180c0e,interfair/baselines/state_resampling/runs/confirmation/hmda_pa/1004/erm/audit_current.npz,2817f9a775847acc3fd25b3f92aec783c93a7f33d85e8eb0953433be2dafb9c5,interfair/baselines/state_resampling/runs/confirmation/hmda_pa/1004/erm/DONE.json,interfair/baselines/state_resampling/runs/confirmation/hmda_pa/1004/erm/EVALUATION.json,9,12.311126782093197,39000,3080,cpu,matched native Fair-SMOTE preprocessing; fixed 40 epochs; validation AUROC
hmda_pa,mlp,1004,fairsmote,0.814821363723534,0.9292120704275926,0.869853340575774,0.8003333333333333,0.1433613628221236,0.4474253079497791,0.013135611719162887,0.008691169825050665,0.08030922523837991,0.013135611719162887,0.004246727930938443,0.8519896291286213,0.38756613756613756,0.7574288535775204,11139,0.8651252408477842,0.391812865497076,0.6771196283391405,861,0.1644306708275911,0.7814006228101898,0.039776278659654905,0.11013882055151278,0.058404628625313884,0.07456633117880161,0.0410944797467514,0.21087117761410146,0.8218175511065949,0.04420562849966942,0.11662603742779191,0.07323332836257207,0.06700114783270261,0.06752687096495245,0.014384348940020688,0.013235892054720274,0.06700114783270261,0.03949741702132332,0.3991706372683589,0.25980797547491385,0.33795160908524546,0.21631154751000853,0.2909063586427875,0.18506054255736412,0.11566532129145236,confirmation,interfair/baselines/state_resampling/runs/confirmation/hmda_pa/1004/fairsmote/selected.pt,6c5680e65262233e1c10bc4e3c99b1bc54c574b438f363e2e8884699f7f2e9eb,interfair/baselines/state_resampling/runs/confirmation/hmda_pa/1004/fairsmote/audit_current.npz,3831ff54000b6811eeecb39a7415f3d1dda1e512c3ac8f6e89031bb5312799c3,interfair/baselines/state_resampling/runs/confirmation/hmda_pa/1004/fairsmote/DONE.json,interfair/baselines/state_resampling/runs/confirmation/hmda_pa/1004/fairsmote/EVALUATION.json,1,91.52160047192592,104749,8200,cpu,matched native Fair-SMOTE preprocessing; fixed 40 epochs; validation AUROC
hmda_pa,mlp,1005,erm,0.8378874362960516,0.9395997299405741,0.9117097083944004,0.8544166666666667,0.11084960649757246,0.36369351421573576,0.16297688666109722,0.12895752978032354,0.20267772490352354,0.09493817289954987,0.16297688666109722,0.9658437605681434,0.548941798941799,0.8809587934284945,11139,0.8709055876685935,0.38596491228070173,0.6782810685249709,861,0.14949930952126883,0.7599001186123154,0.03466452356345844,0.0757142232237409,0.03804278175435538,0.08265582803079091,0.03144603483817809,0.1399160514835193,0.7198751886027969,0.029577568021507357,0.0807096841508873,0.03442607109974069,0.07113032622023971,0.07962177252596052,0.014613527748321224,0.0209582115105921,0.07113032622023971,0.04244285922145304,0.3663243090275412,0.2793715400977333,0.30975521382345356,0.21850653864860425,0.26876729134145455,0.18155483810136344,0.2072442295341585,confirmation,interfair/baselines/state_resampling/runs/confirmation/hmda_pa/1005/erm/selected.pt,8930aa2eb15736830759b266e79585263493b3a0980222b19ccaa18e1a9554f8,interfair/baselines/state_resampling/runs/confirmation/hmda_pa/1005/erm/audit_current.npz,118f27fc8a27fc035f0b33c001646594777e3aa72c2a7799a9f40f516b2780e0,interfair/baselines/state_resampling/runs/confirmation/hmda_pa/1005/erm/DONE.json,interfair/baselines/state_resampling/runs/confirmation/hmda_pa/1005/erm/EVALUATION.json,13,12.487885875976644,39000,3080,cpu,matched native Fair-SMOTE preprocessing; fixed 40 epochs; validation AUROC
hmda_pa,mlp,1005,fairsmote,0.8188769539617838,0.9300505674349232,0.8644955088995426,0.7950833333333334,0.14816783338320655,0.46049644826652136,0.02478418267891952,0.02406811824534197,0.0704618515539932,0.023352053811764417,0.02478418267891952,0.8340660579416075,0.34656084656084657,0.734805637848999,11139,0.8574181117533719,0.3713450292397661,0.6643437862950058,861,0.279095914447184,0.8580084942280786,0.05791981176527297,0.1354869002236286,0.08804932278939386,0.08827684495107532,0.04852053425415988,0.40801419996471544,0.9290355565500189,0.07001045164359165,0.16191725038335125,0.15866982402894944,0.0770573753927534,0.18817753475016952,0.026062225958776355,0.036860671191734515,0.0770573753927534,0.02884408829086399,0.5288523067015742,0.29534317518942144,0.4567120697101391,0.254895458571145,0.4089583313125541,0.229184714628129,0.03829079221991907,confirmation,interfair/baselines/state_resampling/runs/confirmation/hmda_pa/1005/fairsmote/selected.pt,767a3a782b490162edb9d1acd6b0ace784bec850258f37240a08cc337c2603ce,interfair/baselines/state_resampling/runs/confirmation/hmda_pa/1005/fairsmote/audit_current.npz,55623c328672bad1b8474ba7bb36b04c04eed6b43a93f865aa843bf7065310e1,interfair/baselines/state_resampling/runs/confirmation/hmda_pa/1005/fairsmote/DONE.json,interfair/baselines/state_resampling/runs/confirmation/hmda_pa/1005/fairsmote/EVALUATION.json,2,93.02499936008826,105257,8240,cpu,matched native Fair-SMOTE preprocessing; fixed 40 epochs; validation AUROC
hmda_pa,mlp,1006,erm,0.8376629780601357,0.9393752357524194,0.9121250315099572,0.85475,0.11071360337565257,0.3637935560963806,0.19286642532256565,0.14026897548656989,0.20823812370323314,0.08767152565057412,0.19286642532256565,0.968211024687183,0.5612874779541446,0.8853577520423737,11139,0.8805394990366089,0.3684210526315789,0.6771196283391405,861,0.1683199746310547,0.7863062560528782,0.030480486530938513,0.05805315661917961,0.04506802883030265,0.08083110386766995,0.029032580924111488,0.1627156499425013,0.7601332255328299,0.028223278275420052,0.05275566308053581,0.047788666015275816,0.06913788465182799,0.07624313304316145,0.015441929287163645,0.017163502210825056,0.06913788465182799,0.03906932064330465,0.37978918195919487,0.2577737515460347,0.31687451784806153,0.21124449430823553,0.2763529262888019,0.17845044101462407,0.1776424243891072,confirmation,interfair/baselines/state_resampling/runs/confirmation/hmda_pa/1006/erm/selected.pt,c2a3941ca46669d1ef097344b2bdefe7d9ccc94fd763ac8158d114337fbafa45,interfair/baselines/state_resampling/runs/confirmation/hmda_pa/1006/erm/audit_current.npz,86f2e8a0ca9e14542204fae3d424af00d06f237447ce33c0d1237d9d28ead6ea,interfair/baselines/state_resampling/runs/confirmation/hmda_pa/1006/erm/DONE.json,interfair/baselines/state_resampling/runs/confirmation/hmda_pa/1006/erm/EVALUATION.json,13,12.277632832992822,39000,3080,cpu,matched native Fair-SMOTE preprocessing; fixed 40 epochs; validation AUROC
hmda_pa,mlp,1006,fairsmote,0.8147917814255811,0.9302980445639715,0.8644821340358966,0.79425,0.14749787530750638,0.4586182618184764,0.05248966724724258,0.04642259283646821,0.04439404133951308,0.05248966724724258,0.04035551842569385,0.8357569608837786,0.3602292768959436,0.73893527246611,11139,0.8882466281310212,0.40058479532163743,0.6945412311265969,861,0.18464512772787975,0.7915847059170784,0.04436177840680929,0.12430588774962335,0.055483045256323735,0.07448603655318592,0.03764992111232054,0.2700960183792894,0.8895230175030755,0.05557546679608564,0.14496990188959574,0.09323312751699221,0.06873513127588873,0.028340615365414653,0.007501108012813359,0.007654903983075421,0.06873513127588873,0.05540630960135842,0.3490728484023641,0.16677055032725924,0.2657693520911205,0.1345652816403334,0.2111704270071346,0.11227344918666446,0.07408035704082802,confirmation,interfair/baselines/state_resampling/runs/confirmation/hmda_pa/1006/fairsmote/selected.pt,3f03206d5667232781bfef311ef20ba90df8fe4b1f7e4ab788ae419442132227,interfair/baselines/state_resampling/runs/confirmation/hmda_pa/1006/fairsmote/audit_current.npz,b836f983da0531f49eaa17b7df964731917a97434f011976a7b16d89f88841c2,interfair/baselines/state_resampling/runs/confirmation/hmda_pa/1006/fairsmote/DONE.json,interfair/baselines/state_resampling/runs/confirmation/hmda_pa/1006/fairsmote/EVALUATION.json,1,95.14978013793007,104393,8160,cpu,matched native Fair-SMOTE preprocessing; fixed 40 epochs; validation AUROC
hmda_pa,mlp,1007,erm,0.8372264657518595,0.9389752097127982,0.9118106270460841,0.8540833333333333,0.11124060184185426,0.36578459448822914,0.1956743711129676,0.14099137440199783,0.2075311873121809,0.08630837769102806,0.1956743711129676,0.96877465900124,0.5670194003527337,0.8869736960229823,11139,0.882466281310212,0.3713450292397661,0.6794425087108014,861,0.19878437443949123,0.8237823369150628,0.03726104414561306,0.06776893996586833,0.04553941863580039,0.08509638500408381,0.03706370191145838,0.19452360812143407,0.7823092803708278,0.03243664256500427,0.06420428355798574,0.03985073416941271,0.07506366843571051,0.088366139416868,0.015311391070444576,0.01795086720892032,0.07506366843571051,0.04527125257508394,0.368740317995955,0.2639949071938226,0.30654652958967715,0.2132450239758497,0.2707133281918045,0.17985425380147554,0.1645759345960059,confirmation,interfair/baselines/state_resampling/runs/confirmation/hmda_pa/1007/erm/selected.pt,8c4e064e314fd11caa81aad68d18625a44d9ad068d34481cbf254712f5b41557,interfair/baselines/state_resampling/runs/confirmation/hmda_pa/1007/erm/audit_current.npz,44cdc93f6cbc827e5c447b437ac507800bcb50e6eb7993ffcc39ce710231ff33,interfair/baselines/state_resampling/runs/confirmation/hmda_pa/1007/erm/DONE.json,interfair/baselines/state_resampling/runs/confirmation/hmda_pa/1007/erm/EVALUATION.json,18,12.467285885941237,39000,3080,cpu,matched native Fair-SMOTE preprocessing; fixed 40 epochs; validation AUROC
hmda_pa,mlp,1007,fairsmote,0.8157255823632378,0.927259925944814,0.8678418920398555,0.7988333333333333,0.1455993581636003,0.4583588887600164,0.02430599674330136,0.01975301693658152,0.07238653279918972,0.02430599674330136,0.015200037129861677,0.8427460263780859,0.3619929453262787,0.7448604003950086,11139,0.8670520231213873,0.37719298245614036,0.6724738675958188,861,0.34674653049656856,0.8884429385805475,0.06713499423734796,0.13223004724491874,0.09853878700095643,0.09903994127251234,0.04624223767976248,0.43194845858304987,0.9005285192863642,0.07224552308069995,0.1428677393271866,0.14126525324767025,0.08192866971059894,0.32307687094996523,0.029812949047166883,0.04281088977318989,0.08192866971059894,0.026837343968878668,0.5026220972230993,0.2934302791805395,0.4287865197054502,0.24468316184926944,0.392775575775548,0.21800945083097353,0.06838430689890332,confirmation,interfair/baselines/state_resampling/runs/confirmation/hmda_pa/1007/fairsmote/selected.pt,d5c72c120f33a6f0c9c01746080ff82aaadc334b4e6aaecfbc38c53354f81f98,interfair/baselines/state_resampling/runs/confirmation/hmda_pa/1007/fairsmote/audit_current.npz,eec5324ddfe75dea7d742459b67cbb92140ff4fdaf2c5f10fafc1c7ea2991390,interfair/baselines/state_resampling/runs/confirmation/hmda_pa/1007/fairsmote/DONE.json,interfair/baselines/state_resampling/runs/confirmation/hmda_pa/1007/fairsmote/EVALUATION.json,3,94.48916247102898,105182,8240,cpu,matched native Fair-SMOTE preprocessing; fixed 40 epochs; validation AUROC
hmda_pa,mlp,1008,erm,0.8398412552687093,0.9401992645962243,0.9124855316793317,0.8550833333333333,0.1106921037552853,0.36439191303937923,0.21338067390698973,0.15981140495255394,0.22648458988148812,0.10624213599811816,0.21338067390698973,0.9713673768459024,0.5701058201058201,0.8896669359906635,11139,0.8651252408477842,0.3567251461988304,0.6631823461091754,861,0.1561745512665419,0.7714348819258133,0.03115410512194354,0.05760812723332891,0.03433826794310632,0.07414361363786995,0.030414892419625892,0.1427534193225215,0.7145127859303624,0.027518163609445603,0.06392095649516034,0.02353532011851525,0.07298983390308138,0.05879643688986673,0.011233488493521678,0.011553518361316848,0.07298983390308138,0.050913628046675055,0.335496649507919,0.2575960138047396,0.2730432269345593,0.19383076191418053,0.23134318474724458,0.15841995935257452,0.2148977380147638,confirmation,interfair/baselines/state_resampling/runs/confirmation/hmda_pa/1008/erm/selected.pt,51fe4e1faae92e0fbe4bc10fce0e34c64f1408a2259779d8e3f2635a1e882095,interfair/baselines/state_resampling/runs/confirmation/hmda_pa/1008/erm/audit_current.npz,b3d22ed6c04835038dcdc19c3004e49a9142c5e9ebeec496723b32add7fb435c,interfair/baselines/state_resampling/runs/confirmation/hmda_pa/1008/erm/DONE.json,interfair/baselines/state_resampling/runs/confirmation/hmda_pa/1008/erm/EVALUATION.json,12,12.462535998900421,39000,3080,cpu,matched native Fair-SMOTE preprocessing; fixed 40 epochs; validation AUROC
hmda_pa,mlp,1008,fairsmote,0.8137756600932761,0.9290093608881982,0.8693806465657995,0.8,0.14476750498357266,0.45138722150872274,0.022347535505430283,0.013770069399374446,0.09584556004845957,0.0051926032933186095,0.022347535505430283,0.8502987261864502,0.38492063492063494,0.7555435856001437,11139,0.8554913294797688,0.36257309941520466,0.6596980255516841,861,0.18178653646247891,0.7961908473825893,0.04165730209278555,0.11556186082148352,0.06342034444765564,0.0761626084897272,0.03461677611661708,0.2612509088608804,0.8646456761273843,0.05007536295914272,0.12841848307308806,0.1078047489396077,0.0685776609701203,0.06511805598772766,0.013297292334792512,0.01545216760394345,0.0685776609701203,0.044219137358481445,0.4136903516010004,0.22193185997145812,0.3376782209911488,0.18382292489724372,0.28246688762498284,0.15412919311559173,0.09188164111434655,confirmation,interfair/baselines/state_resampling/runs/confirmation/hmda_pa/1008/fairsmote/selected.pt,4dd4f8b1c365e16a06251cb280a7f9eef66985fe2735fdadeda83d079deb16a1,interfair/baselines/state_resampling/runs/confirmation/hmda_pa/1008/fairsmote/audit_current.npz,905cfa4088245b552228a9151110c7a710a3314d2d21d257cc3dec6c081943e1,interfair/baselines/state_resampling/runs/confirmation/hmda_pa/1008/fairsmote/DONE.json,interfair/baselines/state_resampling/runs/confirmation/hmda_pa/1008/fairsmote/EVALUATION.json,1,95.12376220000442,106340,8320,cpu,matched native Fair-SMOTE preprocessing; fixed 40 epochs; validation AUROC
hmda_pa,mlp,1009,erm,0.8397773983083008,0.9404008646651159,0.9098243464052288,0.8528333333333333,0.11179031417142019,0.3661303129296986,0.17961570593149545,0.14529716248439095,0.223241128182895,0.11097861903728645,0.17961570593149545,0.9549092548754368,0.5158730158730159,0.8655175509471227,11139,0.8439306358381503,0.3362573099415205,0.6422764227642277,861,0.20304576306689384,0.8399158432694775,0.04261013550397245,0.09087601668848026,0.05832883177423908,0.08728560893719314,0.0382551492508445,0.21015809764895763,0.8034715964926025,0.04069461837948745,0.09948053398546747,0.060204948228635695,0.0767656144747838,0.08465304394335334,0.017749854721220447,0.028041545932788188,0.0767656144747838,0.04235201415393547,0.40749613527359146,0.27775495040031456,0.35387469184981263,0.22016021076213188,0.32537311327621043,0.1825242684716916,0.15325758675812506,confirmation,interfair/baselines/state_resampling/runs/confirmation/hmda_pa/1009/erm/selected.pt,639584b5099e9ffa7fc5085216ed2a96b5b249429816af31e0d8c248f4ae30ad,interfair/baselines/state_resampling/runs/confirmation/hmda_pa/1009/erm/audit_current.npz,8b2400c422a375b8202ca7dccc0b0048cf188b4284770d4e6a21d85af2ffdec2,interfair/baselines/state_resampling/runs/confirmation/hmda_pa/1009/erm/DONE.json,interfair/baselines/state_resampling/runs/confirmation/hmda_pa/1009/erm/EVALUATION.json,14,12.494496285915375,39000,3080,cpu,matched native Fair-SMOTE preprocessing; fixed 40 epochs; validation AUROC
hmda_pa,mlp,1009,fairsmote,0.8194288168304914,0.9311569658444636,0.8620765750855125,0.7916666666666666,0.14863379050617892,0.4617654036961213,0.012570022604016629,0.009557080363551046,0.08734480634791342,0.012570022604016629,0.006544138123085463,0.8313606132341337,0.3544973544973545,0.7342669898554628,11139,0.8439306358381503,0.347953216374269,0.6469221835075494,861,0.16219668496259815,0.7475895918216294,0.038159466170021326,0.11690141847839972,0.058723882845852025,0.07726509572593868,0.037586327781830804,0.2880698869490403,0.9053256518550337,0.05332407264323159,0.13043954599308627,0.13910497069041006,0.06306145137207927,0.03215493699220322,0.008944711291716905,0.011438532469711795,0.06306145137207927,0.04828583878164415,0.39914778682747704,0.17811532758996634,0.32466615024427403,0.13926297763823126,0.2707901477234359,0.11277275724927048,0.05944392706018585,confirmation,interfair/baselines/state_resampling/runs/confirmation/hmda_pa/1009/fairsmote/selected.pt,46652cbced865a98e16610229829e2b5f12f7a4f62ec8b356b73c34796f84183,interfair/baselines/state_resampling/runs/confirmation/hmda_pa/1009/fairsmote/audit_current.npz,dd34987940578d37cfb9a7df4f94033054ab301b68e41f347b050de3e5475883,interfair/baselines/state_resampling/runs/confirmation/hmda_pa/1009/fairsmote/DONE.json,interfair/baselines/state_resampling/runs/confirmation/hmda_pa/1009/fairsmote/EVALUATION.json,1,97.7771626439644,104624,8200,cpu,matched native Fair-SMOTE preprocessing; fixed 40 epochs; validation AUROC
