panel,task,architecture,seed,metric,erm,soft,difference
primary_complete,acs_employment_age,mlp,1003,auc,0.7850846793943068,0.7742771840996351,-0.010807495294671732
primary_complete,acs_employment_age,mlp,1003,accuracy,0.7350668337510443,0.7282790309106099,-0.006787802840434454
primary_complete,acs_employment_age,mlp,1002,auc,0.7868995147212356,0.7726753838886826,-0.014224130832553028
primary_complete,acs_employment_age,mlp,1002,accuracy,0.7342314118629908,0.727234753550543,-0.006996658312447779
primary_complete,acs_employment_age,mlp,1000,auc,0.7867009984713675,0.7759414177285127,-0.01075958074285488
primary_complete,acs_employment_age,mlp,1000,accuracy,0.7383040935672515,0.7359022556390977,-0.0024018379281537383
primary_complete,acs_employment_age,mlp,1000,f1,0.8029874213836478,0.8027147203369998,-0.0002727010466480051
primary_complete,acs_employment_age,mlp,1001,auc,0.7868367601909481,0.7765606599831563,-0.010276100207791794
primary_complete,acs_employment_age,mlp,1001,accuracy,0.7379908103592314,0.7344402673350042,-0.003550543024227193
primary_complete,acs_employment_age,mlp,1006,auc,0.7865804207792177,0.7736663366396133,-0.012914084139604487
primary_complete,acs_employment_age,mlp,1006,accuracy,0.731516290726817,0.7277568922305765,-0.003759398496240518
primary_complete,acs_employment_age,mlp,1006,direction_both_adverse_005,0.0,0.0006925207756232,0.0006925207756232
primary_complete,acs_employment_age,mlp,1004,auc,0.7851148180831949,0.7728131869654252,-0.012301631117769718
primary_complete,acs_employment_age,mlp,1004,accuracy,0.7332915622389307,0.7325605680868839,-0.0007309941520468044
primary_complete,acs_employment_age,mlp,1007,auc,0.7873237500254022,0.7710143613834309,-0.01630938864197129
primary_complete,acs_employment_age,mlp,1007,accuracy,0.7359022556390977,0.7336048454469507,-0.0022974101921470202
primary_complete,acs_employment_age,mlp,1007,direction_adverse_005,0.0,0.0013850415512465,0.0013850415512465
primary_complete,acs_employment_age,mlp,1007,direction_both_adverse_005,0.0,0.0013850415512465,0.0013850415512465
primary_complete,acs_employment_age,mlp,1009,auc,0.7854532705133572,0.7686554240947028,-0.01679784641865445
primary_complete,acs_employment_age,mlp,1009,accuracy,0.733813700918964,0.7152255639097744,-0.018588137009189598
primary_complete,acs_employment_age,mlp,1005,auc,0.7864446361230398,0.7740846084284747,-0.012360027694565123
primary_complete,acs_employment_age,mlp,1005,accuracy,0.7372598162071846,0.7352756892230576,-0.001984126984126977
primary_complete,acs_employment_age,mlp,1005,f1,0.8071439521692473,0.803442661083973,-0.003701291085274283
primary_complete,acs_employment_age,mlp,1008,auc,0.7883317676047445,0.7737133566641343,-0.014618410940610227
primary_complete,acs_employment_age,mlp,1008,accuracy,0.7388262322472848,0.7278613199665831,-0.010964912280701733
primary_complete,acs_employment_sex,mlp,1003,auc,0.8619442078279579,0.8543209085938521,-0.007623299234105763
primary_complete,acs_employment_sex,mlp,1003,accuracy,0.7968880534670009,0.7965747702589808,-0.00031328320802004317
primary_complete,acs_employment_sex,mlp,1003,aod,0.0355260109525402,0.0369371741862383,0.0014111632336980956
primary_complete,acs_employment_sex,mlp,1003,eomax,0.0494935742723353,0.0616147863935474,0.012121212121212102
primary_complete,acs_employment_sex,mlp,1002,auc,0.8620835247201241,0.8510955184044863,-0.010988006315637788
primary_complete,acs_employment_sex,mlp,1002,accuracy,0.7979323308270677,0.7904135338345865,-0.007518796992481258
primary_complete,acs_employment_sex,mlp,1002,f1,0.8450388403940098,0.8355322461689748,-0.00950659422503497
primary_complete,acs_employment_sex,mlp,1000,auc,0.8618591130518735,0.8524829761134146,-0.009376136938458846
primary_complete,acs_employment_sex,mlp,1000,accuracy,0.8013784461152882,0.7956349206349206,-0.005743525480367606
primary_complete,acs_employment_sex,mlp,1001,auc,0.8625112693236817,0.8534203260363912,-0.009090943287290543
primary_complete,acs_employment_sex,mlp,1001,accuracy,0.7987677527151211,0.7940685045948204,-0.0046992481203007586
primary_complete,acs_employment_sex,mlp,1001,f1,0.8411245774589826,0.8409164246531139,-0.0002081528058687221
primary_complete,acs_employment_sex,mlp,1006,auc,0.8614422174588516,0.8534770941147766,-0.007965123344075065
primary_complete,acs_employment_sex,mlp,1006,accuracy,0.7991854636591479,0.789578111946533,-0.009607351712614842
primary_complete,acs_employment_sex,mlp,1004,auc,0.8614233635758486,0.8518243975943546,-0.009598965981494012
primary_complete,acs_employment_sex,mlp,1004,accuracy,0.7988721804511278,0.7837301587301587,-0.015142021720969123
primary_complete,acs_employment_sex,mlp,1004,f1,0.8433127237227465,0.839420020159727,-0.0038927035630194062
primary_complete,acs_employment_sex,mlp,1007,auc,0.8593659278589882,0.8478443474797244,-0.011521580379263874
primary_complete,acs_employment_sex,mlp,1007,accuracy,0.7972013366750209,0.7871762740183793,-0.010025062656641603
primary_complete,acs_employment_sex,mlp,1007,f1,0.8400592983034096,0.8398805782526713,-0.00017872005073837904
primary_complete,acs_employment_sex,mlp,1009,auc,0.8622367870634655,0.8481213068924521,-0.014115480171013384
primary_complete,acs_employment_sex,mlp,1009,accuracy,0.8014828738512949,0.7844611528822055,-0.017021720969089382
primary_complete,acs_employment_sex,mlp,1009,f1,0.8470266355516215,0.8396270396270397,-0.007399595924581837
primary_complete,acs_employment_sex,mlp,1009,dp,0.0253612434021854,0.0339026449003768,0.008541401498191395
primary_complete,acs_employment_sex,mlp,1005,auc,0.8609420161443369,0.8553527802344147,-0.005589235909922108
primary_complete,acs_employment_sex,mlp,1005,accuracy,0.7967836257309941,0.7957393483709273,-0.0010442773600668476
primary_complete,acs_employment_sex,mlp,1005,f1,0.8440954975164237,0.841053144807411,-0.0030423527090126523
primary_complete,acs_employment_sex,mlp,1005,dp,0.0471349555610627,0.0543724007656538,0.007237445204591096
primary_complete,acs_employment_sex,mlp,1005,eomax,0.0300955681486654,0.0327075221290676,0.0026119539804022006
primary_complete,acs_employment_sex,mlp,1008,auc,0.8598253708400524,0.850836518347466,-0.008988852492586408
primary_complete,acs_employment_sex,mlp,1008,accuracy,0.7984544695071011,0.7861319966583125,-0.012322472848788624
primary_complete,acs_employment_sex,mlp,1008,f1,0.8445554123711341,0.8395487308053902,-0.005006681565743909
primary_complete,acs_income,ft,1000,auc,0.9063096012291302,0.90290692749238,-0.0034026737367501836
primary_complete,acs_income,ft,1000,accuracy,0.8236630813513104,0.8166944402363279,-0.006968641114982521
primary_complete,acs_income,ft,1000,f1,0.8228310502283105,0.8177161795721603,-0.005114870656150239
primary_complete,acs_income,ft,1001,auc,0.9065970010090232,0.9026152553052732,-0.003981745703749984
primary_complete,acs_income,ft,1002,auc,0.9075331635273508,0.9015910260705046,-0.0059421374568462415
primary_complete,acs_income,ft,1002,accuracy,0.8227541281623997,0.8166944402363279,-0.006059687926071811
primary_complete,acs_income,ft,1002,f1,0.8253731343283582,0.810404261986838,-0.014968872341520223
primary_complete,acs_income,ft,1003,auc,0.9051298655597486,0.9036971850073604,-0.0014326805523882102
primary_complete,acs_income,ft,1003,accuracy,0.8222996515679443,0.8160884714437207,-0.006211180124223614
primary_complete,acs_income,ft,1003,f1,0.8198986642100414,0.8181000899011088,-0.001798574308932599
primary_complete,acs_income,ft,1004,auc,0.9058638926830112,0.9003543249716046,-0.005509567711406538
primary_complete,acs_income,ft,1004,accuracy,0.824723526738373,0.8145735494622027,-0.010149977276170286
primary_complete,acs_income,ft,1004,f1,0.8204252677324227,0.8164917541229385,-0.0039335136094842404
primary_complete,acs_income,ft,1005,auc,0.9072080930601958,0.8994562006594392,-0.007751892400756577
primary_complete,acs_income,ft,1005,accuracy,0.8254809877291319,0.812149674291774,-0.013331313437357939
primary_complete,acs_income,ft,1005,f1,0.8237454100367197,0.813757885250826,-0.009987524785893709
primary_complete,acs_income,ft,1006,auc,0.906933280802632,0.902898107038777,-0.004035173763854982
primary_complete,acs_income,ft,1006,accuracy,0.8238145735494622,0.8163914558400243,-0.007423117709437932
primary_complete,acs_income,ft,1006,f1,0.8194940245227379,0.8053324767105686,-0.014161547812169273
primary_complete,acs_income,ft,1007,auc,0.9078650330941582,0.9005886182704304,-0.0072764148237278725
primary_complete,acs_income,ft,1007,accuracy,0.8209362217845781,0.8162399636418725,-0.004696258142705689
primary_complete,acs_income,ft,1007,f1,0.8154854823602873,0.8069393601782588,-0.008546122182028437
primary_complete,acs_income,ft,1008,auc,0.9065472021980572,0.8985615677768248,-0.007985634421232346
primary_complete,acs_income,ft,1008,accuracy,0.8227541281623997,0.8130586274806847,-0.009695500681714986
primary_complete,acs_income,ft,1008,f1,0.8229418886198547,0.8116605616605617,-0.01128132695929307
primary_complete,acs_income,ft,1009,auc,0.9068258734040722,0.8972564162827779,-0.009569457121294311
primary_complete,acs_income,ft,1009,accuracy,0.8182093622178458,0.8110892289047114,-0.007120133313134436
primary_complete,acs_income,ft,1009,f1,0.8075689544579859,0.8043307704377844,-0.0032381840202014844
primary_complete,acs_income,mlp,1003,auc,0.904537241333307,0.9005375790831763,-0.003999662250130709
primary_complete,acs_income,mlp,1003,accuracy,0.8224511437660961,0.8169974246326315,-0.005453719133464596
primary_complete,acs_income,mlp,1003,f1,0.8161280200815815,0.8121306376360808,-0.00399738244550063
primary_complete,acs_income,mlp,1002,auc,0.9036268051379878,0.899065619948338,-0.0045611851896497635
primary_complete,acs_income,mlp,1000,auc,0.904852480669884,0.8951357403493672,-0.009716740320516837
primary_complete,acs_income,mlp,1000,accuracy,0.8204817451901227,0.8145735494622027,-0.005908195727920007
primary_complete,acs_income,mlp,1000,f1,0.8213478064224333,0.8136419001218027,-0.007705906300630616
primary_complete,acs_income,mlp,1000,direction_both_adverse_005,0.0002777777777777,0.0011111111111111,0.0008333333333334001
primary_complete,acs_income,mlp,1000,direction_adverse_decision,0.0,0.0002777777777777,0.0002777777777777
primary_complete,acs_income,mlp,1001,auc,0.904969535439572,0.8853285903794211,-0.019640945060150905
primary_complete,acs_income,mlp,1001,accuracy,0.8210877139827298,0.8029086502045145,-0.01817906377821532
primary_complete,acs_income,mlp,1001,f1,0.8173240525908739,0.7991974070072542,-0.01812664558361976
primary_complete,acs_income,mlp,1001,direction_both_adverse_005,0.0002777777777777,0.0008262648138121,0.0005484870360344
primary_complete,acs_income,mlp,1006,auc,0.9041490494950566,0.9007654867411126,-0.003383562753944025
primary_complete,acs_income,mlp,1006,accuracy,0.8204817451901227,0.8163914558400243,-0.004090289350098475
primary_complete,acs_income,mlp,1006,f1,0.816988416988417,0.8106841611996252,-0.0063042557887917905
primary_complete,acs_income,mlp,1004,auc,0.9040214285569904,0.9007049380023179,-0.0033164905546725354
primary_complete,acs_income,mlp,1004,f1,0.8197656954040252,0.8146658415841584,-0.005099853819866773
primary_complete,acs_income,mlp,1007,auc,0.9050538810271492,0.9010940486378188,-0.003959832389330398
primary_complete,acs_income,mlp,1007,accuracy,0.8191183154067565,0.8160884714437207,-0.00302984396303585
primary_complete,acs_income,mlp,1009,auc,0.9055334931918044,0.8944094311230073,-0.011124062068797125
primary_complete,acs_income,mlp,1009,accuracy,0.8186638388123012,0.8139675806695955,-0.004696258142705689
primary_complete,acs_income,mlp,1009,f1,0.8131147540983606,0.8074027603513174,-0.005711993747043231
primary_complete,acs_income,mlp,1009,direction_both_adverse_005,0.0002777777777777,0.0008333333333333,0.0005555555555556
primary_complete,acs_income,mlp,1005,auc,0.9040756375947578,0.8909991313690796,-0.013076506225678242
primary_complete,acs_income,mlp,1005,accuracy,0.8174519012270868,0.8074534161490683,-0.009998485078018482
primary_complete,acs_income,mlp,1005,f1,0.8166184751179425,0.8032203127419105,-0.013398162376031975
primary_complete,acs_income,mlp,1008,auc,0.9042813562990994,0.8980824150107949,-0.00619894128830456
primary_complete,acs_income,mlp,1008,accuracy,0.817300409028935,0.8107862445084079,-0.00651416452052711
primary_complete,acs_income,mlp,1008,f1,0.8152573529411765,0.8016515801175162,-0.013605772823660267
primary_complete,credit_broad,mlp,1003,accuracy,0.8197868087941372,0.8194536975349767,-0.00033311125916057893
primary_complete,credit_broad,mlp,1002,auc,0.7872248443806007,0.7859452847422572,-0.0012795596383434749
primary_complete,credit_broad,mlp,1002,accuracy,0.8212858094603598,0.8126249167221852,-0.008660892738174608
primary_complete,credit_broad,mlp,1002,f1,0.8924957419096283,0.8901259888661002,-0.0023697530435281555
primary_complete,credit_broad,mlp,1002,eomax,0.0264329373774651,0.0285549532925843,0.0021220159151192006
primary_complete,credit_broad,mlp,1002,direction_adverse_decision,0.0,8.608815426997245e-05,8.608815426997245e-05
primary_complete,credit_broad,mlp,1000,accuracy,0.8239506995336442,0.819620253164557,-0.004330446369087193
primary_complete,credit_broad,mlp,1000,f1,0.8938221998995479,0.8925488639746006,-0.001273335924947272
primary_complete,credit_broad,mlp,1000,direction_adverse_005,0.004293511607847,0.0067790497376964,0.0024855381298494
primary_complete,credit_broad,mlp,1000,direction_both_adverse_005,0.0021449023610833,0.0053191399790501,0.0031742376179668
primary_complete,credit_broad,mlp,1000,direction_adverse_decision,8.595495960116899e-05,0.0002572021899986,0.00017124723039743103
primary_complete,credit_broad,mlp,1006,accuracy,0.8182878081279147,0.8164556962025317,-0.0018321119253830176
primary_complete,credit_broad,mlp,1004,auc,0.7869814866229685,0.7832617504214903,-0.003719736201478252
primary_complete,credit_broad,mlp,1004,accuracy,0.8219520319786808,0.8189540306462358,-0.0029980013324449883
primary_complete,credit_broad,mlp,1004,f1,0.8928750375789157,0.8925783180156142,-0.0002967195633015729
primary_complete,credit_broad,mlp,1009,auc,0.7895161413631736,0.7827837262547128,-0.0067324151084607875
primary_complete,credit_broad,mlp,1005,auc,0.7882497796984584,0.7785140208350938,-0.00973575886336464
primary_complete,credit_broad,mlp,1008,accuracy,0.8224516988674218,0.8191205862758161,-0.0033311125916056783
primary_complete,credit_broad,mlp,1008,f1,0.8932932932932933,0.8920047732696897,-0.0012885200236035788
primary_complete,credit_broad,mlp,1008,direction_adverse_005,0.0017203016400998,0.0019741862708939,0.0002538846307940999
primary_complete,credit_broad,mlp,1008,direction_both_adverse_005,0.0008596860752196,0.0012869424820338,0.00042725640681419994
primary_complete,credit_broad,mlp,1008,direction_adverse_decision,8.555783709787816e-05,0.0003431587880668,0.00025760095096892185
primary_complete,hmda_oh,ft,1000,auc,0.8585626848520267,0.8447774636551563,-0.013785221196870423
primary_complete,hmda_oh,ft,1000,accuracy,0.872,0.8635833333333334,-0.008416666666666628
primary_complete,hmda_oh,ft,1000,f1,0.9246467817896388,0.921475512064086,-0.0031712697255528166
primary_complete,hmda_oh,ft,1001,auc,0.8571859386348433,0.8506094386820601,-0.006576499952783199
primary_complete,hmda_oh,ft,1001,accuracy,0.873,0.866,-0.007000000000000006
primary_complete,hmda_oh,ft,1001,f1,0.9251767478397486,0.9226923076923076,-0.0024844401474409805
primary_complete,hmda_oh,ft,1002,auc,0.8571021382354518,0.8422929094561881,-0.014809228779263717
primary_complete,hmda_oh,ft,1002,accuracy,0.87425,0.8631666666666666,-0.011083333333333334
primary_complete,hmda_oh,ft,1002,f1,0.925844021819254,0.9212847555129434,-0.004559266306310539
primary_complete,hmda_oh,ft,1003,auc,0.8564173946276019,0.8449776744636629,-0.011439720163939016
primary_complete,hmda_oh,ft,1003,accuracy,0.8725,0.8635,-0.009000000000000008
primary_complete,hmda_oh,ft,1003,f1,0.925176056338028,0.9211817919353288,-0.0039942644026992324
primary_complete,hmda_oh,ft,1004,auc,0.8576081594550892,0.8512816399784778,-0.006326519476611336
primary_complete,hmda_oh,ft,1004,accuracy,0.8734166666666666,0.8560833333333333,-0.01733333333333331
primary_complete,hmda_oh,ft,1004,f1,0.9255428655458066,0.9175774352121414,-0.007965430333665147
primary_complete,hmda_oh,ft,1005,auc,0.8551494668363304,0.8492531597412314,-0.005896307095099029
primary_complete,hmda_oh,ft,1005,accuracy,0.8730833333333333,0.8621666666666666,-0.010916666666666686
primary_complete,hmda_oh,ft,1005,f1,0.9256020712227052,0.920686678814616,-0.0049153924080892475
primary_complete,hmda_oh,ft,1006,auc,0.8573284992083249,0.8454092187720531,-0.011919280436271773
primary_complete,hmda_oh,ft,1006,accuracy,0.8725,0.8640833333333333,-0.008416666666666739
primary_complete,hmda_oh,ft,1006,f1,0.924496644295302,0.9216806722689076,-0.0028159720263943866
primary_complete,hmda_oh,ft,1007,auc,0.8581347145474252,0.8489355839760139,-0.009199130571411307
primary_complete,hmda_oh,ft,1007,accuracy,0.87325,0.8640833333333333,-0.009166666666666656
primary_complete,hmda_oh,ft,1007,f1,0.9251439539347408,0.921658100773332,-0.003485853161408814
primary_complete,hmda_oh,ft,1008,auc,0.8559448047725959,0.8459916925944733,-0.00995311217812267
primary_complete,hmda_oh,ft,1008,accuracy,0.8716666666666667,0.8608333333333333,-0.010833333333333361
primary_complete,hmda_oh,ft,1008,f1,0.92404064318832,0.9201262674574324,-0.003914375730887598
primary_complete,hmda_oh,ft,1009,auc,0.8566912387936668,0.8471833675719938,-0.00950787122167307
primary_complete,hmda_oh,ft,1009,accuracy,0.8715833333333334,0.8564166666666667,-0.015166666666666662
primary_complete,hmda_oh,ft,1009,f1,0.9243829432258698,0.9178389204139048,-0.006544022811964978
primary_complete,hmda_oh,mlp,1003,auc,0.8491582599511919,0.844258544943586,-0.004899715007605887
primary_complete,hmda_oh,mlp,1003,accuracy,0.8715833333333334,0.86275,-0.00883333333333336
primary_complete,hmda_oh,mlp,1003,f1,0.924722778564799,0.9198188987877902,-0.0049038797770087905
primary_complete,hmda_oh,mlp,1002,auc,0.8510029786768719,0.8349543253415206,-0.016048653335351326
primary_complete,hmda_oh,mlp,1002,accuracy,0.87075,0.8595833333333334,-0.011166666666666658
primary_complete,hmda_oh,mlp,1002,f1,0.9242638800722692,0.919242751018452,-0.0050211290538172415
primary_complete,hmda_oh,mlp,1000,auc,0.8519298887898774,0.8470526389489428,-0.004877249840934628
primary_complete,hmda_oh,mlp,1000,accuracy,0.8714166666666666,0.8629166666666667,-0.008499999999999952
primary_complete,hmda_oh,mlp,1000,f1,0.9241209736906812,0.9210008164049368,-0.0031201572857444404
primary_complete,hmda_oh,mlp,1001,auc,0.8496541141289959,0.8444227715276122,-0.005231342601383693
primary_complete,hmda_oh,mlp,1001,accuracy,0.86975,0.8639166666666667,-0.005833333333333357
primary_complete,hmda_oh,mlp,1001,f1,0.923491115571002,0.9215921640178616,-0.00189895155314046
primary_complete,hmda_oh,mlp,1006,auc,0.8482674228577919,0.8318394367476583,-0.01642798611013363
primary_complete,hmda_oh,mlp,1006,accuracy,0.8714166666666666,0.8574166666666667,-0.013999999999999901
primary_complete,hmda_oh,mlp,1006,f1,0.9244553243574052,0.9176572501082824,-0.006798074249122821
primary_complete,hmda_oh,mlp,1004,auc,0.8488256778098187,0.8408445277717632,-0.00798115003805544
primary_complete,hmda_oh,mlp,1004,accuracy,0.8715833333333334,0.8626666666666667,-0.008916666666666684
primary_complete,hmda_oh,mlp,1004,f1,0.9244496739716624,0.920585967617579,-0.003863706354083396
primary_complete,hmda_oh,mlp,1007,auc,0.8541751845240397,0.84553748333038,-0.008637701193659697
primary_complete,hmda_oh,mlp,1007,accuracy,0.87075,0.8645833333333334,-0.006166666666666654
primary_complete,hmda_oh,mlp,1007,f1,0.924278670116682,0.9218937755347272,-0.0023848945819547884
primary_complete,hmda_oh,mlp,1009,auc,0.849628385741474,0.8466668463288032,-0.002961539412670855
primary_complete,hmda_oh,mlp,1009,accuracy,0.8681666666666666,0.8615,-0.006666666666666599
primary_complete,hmda_oh,mlp,1009,f1,0.9221456692913386,0.9205012914952644,-0.0016443777960741812
primary_complete,hmda_oh,mlp,1005,auc,0.8524387514535208,0.8383569545385385,-0.014081796914982236
primary_complete,hmda_oh,mlp,1005,accuracy,0.8700833333333333,0.8589166666666667,-0.011166666666666658
primary_complete,hmda_oh,mlp,1005,f1,0.9243020150521972,0.9189059730804234,-0.005396041971773791
primary_complete,hmda_oh,mlp,1008,auc,0.8486289522099753,0.8468108276242877,-0.0018181245856875305
primary_complete,hmda_oh,mlp,1008,accuracy,0.8673333333333333,0.8656666666666667,-0.0016666666666665941
primary_complete,hmda_oh,mlp,1008,f1,0.922748447204969,0.9224776377801288,-0.00027080942484014603
joint_complete,hmda_oh,mlp,1000,auc,0.8519298887898774,0.8451365067438343,-0.006793382046043073
joint_complete,hmda_oh,mlp,1000,accuracy,0.8714166666666666,0.8559166666666667,-0.015499999999999958
joint_complete,hmda_oh,mlp,1000,f1,0.9241209736906812,0.9173873572554828,-0.006733616435198431
joint_complete,hmda_oh,mlp,1001,auc,0.8496541141289959,0.846403324596041,-0.0032507895329549896
joint_complete,hmda_oh,mlp,1001,accuracy,0.86975,0.8603333333333333,-0.00941666666666674
joint_complete,hmda_oh,mlp,1001,f1,0.923491115571002,0.919777905418342,-0.003713210152660018
joint_complete,hmda_oh,mlp,1002,auc,0.8510029786768719,0.8490707301565427,-0.0019322485203292494
joint_complete,hmda_oh,mlp,1002,accuracy,0.87075,0.85525,-0.01550000000000007
joint_complete,hmda_oh,mlp,1002,f1,0.9242638800722692,0.9170922628991456,-0.0071716171731236455
joint_complete,hmda_oh,mlp,1003,auc,0.8491582599511919,0.8478722623519459,-0.0012859975992459693
joint_complete,hmda_oh,mlp,1003,accuracy,0.8715833333333334,0.8636666666666667,-0.007916666666666683
joint_complete,hmda_oh,mlp,1003,f1,0.924722778564799,0.9214594335093615,-0.003263345055437461
joint_complete,hmda_oh,mlp,1004,auc,0.8488256778098187,0.8429853782399288,-0.005840299569889851
joint_complete,hmda_oh,mlp,1004,accuracy,0.8715833333333334,0.8584166666666667,-0.01316666666666666
joint_complete,hmda_oh,mlp,1004,f1,0.9244496739716624,0.918774202801549,-0.005675471170113466
joint_complete,hmda_oh,mlp,1005,auc,0.8524387514535208,0.8469497697964181,-0.005488981657102654
joint_complete,hmda_oh,mlp,1005,accuracy,0.8700833333333333,0.85925,-0.010833333333333361
joint_complete,hmda_oh,mlp,1005,f1,0.9243020150521972,0.9190044597899584,-0.005297555262238851
joint_complete,hmda_oh,mlp,1006,auc,0.8482674228577919,0.8467326879141266,-0.0015347349436652946
joint_complete,hmda_oh,mlp,1006,accuracy,0.8714166666666666,0.8595,-0.011916666666666575
joint_complete,hmda_oh,mlp,1006,f1,0.9244553243574052,0.9190201729106628,-0.005435151446742337
joint_complete,hmda_oh,mlp,1007,auc,0.8541751845240397,0.8483538205145953,-0.005821364009444441
joint_complete,hmda_oh,mlp,1007,accuracy,0.87075,0.8518333333333333,-0.018916666666666693
joint_complete,hmda_oh,mlp,1007,f1,0.924278670116682,0.9154138915318744,-0.008864778584807609
joint_complete,hmda_oh,mlp,1008,accuracy,0.8673333333333333,0.8603333333333333,-0.007000000000000006
joint_complete,hmda_oh,mlp,1008,f1,0.922748447204969,0.9196085955487336,-0.003139851656235315
joint_complete,hmda_oh,mlp,1009,auc,0.849628385741474,0.8469443310950006,-0.002684054646473477
joint_complete,hmda_oh,mlp,1009,accuracy,0.8681666666666666,0.8581666666666666,-0.010000000000000009
joint_complete,hmda_oh,mlp,1009,f1,0.9221456692913386,0.918720152817574,-0.003425516473764545
transfer_complete,hmda_2019_mi,ft,1000,auc,0.8425813745854054,0.8241988933336892,-0.018382481251716154
transfer_complete,hmda_2019_mi,ft,1000,accuracy,0.8725833333333334,0.86725,-0.005333333333333412
transfer_complete,hmda_2019_mi,ft,1000,f1,0.925606967352698,0.9240886347390992,-0.001518332613598794
transfer_complete,hmda_2019_mi,ft,1001,auc,0.8441183464112232,0.8351029827038599,-0.009015363707363333
transfer_complete,hmda_2019_mi,ft,1001,accuracy,0.8745,0.86725,-0.00725000000000009
transfer_complete,hmda_2019_mi,ft,1001,f1,0.92654375182909,0.9237689620519692,-0.0027747897771207564
transfer_complete,hmda_2019_mi,ft,1002,auc,0.8486299656339902,0.8175627722638301,-0.031067193370160062
transfer_complete,hmda_2019_mi,ft,1002,accuracy,0.8739166666666667,0.8659166666666667,-0.008000000000000007
transfer_complete,hmda_2019_mi,ft,1002,f1,0.926227509873714,0.9235665764096718,-0.002660933464042281
transfer_complete,hmda_2019_mi,ft,1003,auc,0.8429345263049106,0.8221676768464665,-0.020766849458444092
transfer_complete,hmda_2019_mi,ft,1003,accuracy,0.8723333333333333,0.8635,-0.008833333333333249
transfer_complete,hmda_2019_mi,ft,1003,f1,0.9255732607850756,0.9216492872859466,-0.003923973499128985
transfer_complete,hmda_2019_mi,ft,1004,auc,0.8428801486750567,0.8327053812093184,-0.01017476746573831
transfer_complete,hmda_2019_mi,ft,1004,accuracy,0.8745833333333334,0.862,-0.01258333333333339
transfer_complete,hmda_2019_mi,ft,1004,f1,0.9268031710519916,0.9214495778389148,-0.005353593213076824
transfer_complete,hmda_2019_mi,ft,1004,eomax,0.0653746770025839,0.0749354005167959,0.009560723514212
transfer_complete,hmda_2019_mi,ft,1005,auc,0.84654674791719,0.8283407260350166,-0.01820602188217335
transfer_complete,hmda_2019_mi,ft,1005,accuracy,0.8769166666666667,0.86775,-0.009166666666666656
transfer_complete,hmda_2019_mi,ft,1005,f1,0.9284849658645232,0.9242951867576206,-0.004189779106902658
transfer_complete,hmda_2019_mi,ft,1006,auc,0.8419381855419714,0.8157830348411499,-0.026155150700821528
transfer_complete,hmda_2019_mi,ft,1006,accuracy,0.869,0.86575,-0.003249999999999975
transfer_complete,hmda_2019_mi,ft,1007,auc,0.8451324635801515,0.8251478458793522,-0.01998461770079929
transfer_complete,hmda_2019_mi,ft,1007,accuracy,0.8755,0.8680833333333333,-0.007416666666666627
transfer_complete,hmda_2019_mi,ft,1007,f1,0.9269509094465088,0.9247516280838524,-0.002199281362656458
transfer_complete,hmda_2019_mi,ft,1008,auc,0.8443312905144211,0.8189777322440845,-0.025353558270336585
transfer_complete,hmda_2019_mi,ft,1008,accuracy,0.8755833333333334,0.8663333333333333,-0.009250000000000091
transfer_complete,hmda_2019_mi,ft,1008,f1,0.9270675589858824,0.923771504609828,-0.0032960543760544025
transfer_complete,hmda_2019_mi,ft,1009,auc,0.8412254285453481,0.8352421186102382,-0.005983309935109871
transfer_complete,hmda_2019_mi,ft,1009,accuracy,0.8746666666666667,0.863,-0.011666666666666714
transfer_complete,hmda_2019_mi,ft,1009,f1,0.9270044651523976,0.9221590909090908,-0.004845374243306888
transfer_complete,hmda_2019_mi,ft,1009,aod,0.0297646007475503,0.0330870871587069,0.0033224864111566013
transfer_complete,hmda_2019_mi,ft,1009,eomax,0.0326373594869795,0.0637320044296788,0.031094644942699298
transfer_complete,hmda_2019_mi,mlp,1000,auc,0.8305278530188042,0.8235786994576356,-0.006949153561168542
transfer_complete,hmda_2019_mi,mlp,1000,accuracy,0.86825,0.8654166666666666,-0.0028333333333333544
transfer_complete,hmda_2019_mi,mlp,1001,auc,0.8314522727263196,0.8205976218011148,-0.010854650925204767
transfer_complete,hmda_2019_mi,mlp,1001,accuracy,0.8701666666666666,0.8639166666666667,-0.006249999999999978
transfer_complete,hmda_2019_mi,mlp,1001,f1,0.9243836148320714,0.9220859773844172,-0.0022976374476542105
transfer_complete,hmda_2019_mi,mlp,1002,auc,0.8314533211382062,0.8098671494393722,-0.021586171698834034
transfer_complete,hmda_2019_mi,mlp,1002,accuracy,0.86975,0.8649166666666667,-0.004833333333333356
transfer_complete,hmda_2019_mi,mlp,1002,f1,0.9242695867047822,0.9230769230769232,-0.0011926636278589697
transfer_complete,hmda_2019_mi,mlp,1003,auc,0.8314036264147795,0.8215240451402357,-0.009879581274543803
transfer_complete,hmda_2019_mi,mlp,1003,accuracy,0.8691666666666666,0.865,-0.004166666666666652
transfer_complete,hmda_2019_mi,mlp,1003,f1,0.9241399304213376,0.9219653179190752,-0.002174612502262363
transfer_complete,hmda_2019_mi,mlp,1003,aod,0.0196238808203021,0.0323108020211676,0.012686921200865502
transfer_complete,hmda_2019_mi,mlp,1003,eomax,0.0298346940880019,0.0508305647840532,0.0209958706960513
transfer_complete,hmda_2019_mi,mlp,1004,auc,0.8299941414743777,0.8166661238222899,-0.013328017652087798
transfer_complete,hmda_2019_mi,mlp,1004,accuracy,0.8688333333333333,0.8653333333333333,-0.0035000000000000586
transfer_complete,hmda_2019_mi,mlp,1004,f1,0.9235476976879736,0.9228271251193888,-0.0007205725685848208
transfer_complete,hmda_2019_mi,mlp,1005,auc,0.8293050552883504,0.8133996684502249,-0.01590538683812548
transfer_complete,hmda_2019_mi,mlp,1005,accuracy,0.8715,0.8644166666666667,-0.00708333333333333
transfer_complete,hmda_2019_mi,mlp,1005,f1,0.9257296984876217,0.9228214980314028,-0.002908200456218868
transfer_complete,hmda_2019_mi,mlp,1005,eomax,0.0516779407982932,0.0647471391657438,0.013069198367450602
transfer_complete,hmda_2019_mi,mlp,1006,auc,0.8284360616225753,0.8084448272778693,-0.019991234344706066
transfer_complete,hmda_2019_mi,mlp,1006,accuracy,0.8704166666666666,0.8623333333333333,-0.008083333333333331
transfer_complete,hmda_2019_mi,mlp,1006,f1,0.9245402047847818,0.9213558031038752,-0.0031844016809066122
transfer_complete,hmda_2019_mi,mlp,1007,auc,0.831382797965298,0.8271777576762271,-0.004205040289070872
transfer_complete,hmda_2019_mi,mlp,1007,accuracy,0.8723333333333333,0.8671666666666666,-0.005166666666666653
transfer_complete,hmda_2019_mi,mlp,1007,f1,0.9256671518680252,0.9242179328705904,-0.0014492189974347758
transfer_complete,hmda_2019_mi,mlp,1008,auc,0.8317123487683328,0.8258002376493468,-0.00591211111898593
transfer_complete,hmda_2019_mi,mlp,1008,accuracy,0.8729166666666667,0.8676666666666667,-0.005249999999999977
transfer_complete,hmda_2019_mi,mlp,1008,f1,0.9267214453894574,0.9243088655862728,-0.0024125798031846557
transfer_complete,hmda_2019_mi,mlp,1009,auc,0.8328885504149357,0.824045405833485,-0.008843144581450746
transfer_complete,hmda_2019_mi,mlp,1009,accuracy,0.86875,0.8649166666666667,-0.0038333333333333552
transfer_complete,hmda_2020_oh,ft,1000,auc,0.8363071544776439,0.8276395237276803,-0.008667630749963573
transfer_complete,hmda_2020_oh,ft,1000,accuracy,0.8965833333333333,0.8894166666666666,-0.0071666666666666545
transfer_complete,hmda_2020_oh,ft,1000,f1,0.9416905511441056,0.9384422693324674,-0.003248281811638165
transfer_complete,hmda_2020_oh,ft,1001,auc,0.8404871050547194,0.831651359489741,-0.008835745564978348
transfer_complete,hmda_2020_oh,ft,1001,accuracy,0.8959166666666667,0.891,-0.00491666666666668
transfer_complete,hmda_2020_oh,ft,1001,f1,0.9413532422406912,0.9392249790911624,-0.002128263149528742
transfer_complete,hmda_2020_oh,ft,1002,auc,0.8380790290977457,0.8206037989484004,-0.017475230149345267
transfer_complete,hmda_2020_oh,ft,1002,accuracy,0.8966666666666666,0.89025,-0.006416666666666626
transfer_complete,hmda_2020_oh,ft,1002,f1,0.9417566932832316,0.9390023620953176,-0.0027543311879140164
transfer_complete,hmda_2020_oh,ft,1003,auc,0.8390054571440876,0.8264795968336707,-0.012525860310416914
transfer_complete,hmda_2020_oh,ft,1003,accuracy,0.8961666666666667,0.8886666666666667,-0.007499999999999951
transfer_complete,hmda_2020_oh,ft,1003,f1,0.9416119962511716,0.9380218964557432,-0.0035900997954284586
transfer_complete,hmda_2020_oh,ft,1004,auc,0.8434644195174549,0.8319416950818632,-0.011522724435591658
transfer_complete,hmda_2020_oh,ft,1004,accuracy,0.89925,0.8854166666666666,-0.013833333333333364
transfer_complete,hmda_2020_oh,ft,1004,f1,0.9433591004919184,0.9364866737493648,-0.006872426742553617
transfer_complete,hmda_2020_oh,ft,1005,auc,0.841188989851538,0.8268513222083208,-0.0143376676432172
transfer_complete,hmda_2020_oh,ft,1005,accuracy,0.89775,0.8896666666666667,-0.008083333333333331
transfer_complete,hmda_2020_oh,ft,1005,f1,0.942580373438158,0.9386070666790318,-0.003973306759126216
transfer_complete,hmda_2020_oh,ft,1006,auc,0.8402406763921015,0.8231942805684914,-0.017046395823610117
transfer_complete,hmda_2020_oh,ft,1006,accuracy,0.89475,0.89025,-0.0045000000000000595
transfer_complete,hmda_2020_oh,ft,1006,f1,0.9404273383330974,0.9388551000510702,-0.0015722382820272385
transfer_complete,hmda_2020_oh,ft,1007,auc,0.8411319897831053,0.831780467094601,-0.009351522688504366
transfer_complete,hmda_2020_oh,ft,1007,accuracy,0.896,0.8923333333333333,-0.003666666666666707
transfer_complete,hmda_2020_oh,ft,1007,f1,0.9413258110014104,0.9401574803149606,-0.0011683306864498366
transfer_complete,hmda_2020_oh,ft,1008,auc,0.8427431536085425,0.8225344516960895,-0.020208701912452942
transfer_complete,hmda_2020_oh,ft,1008,accuracy,0.8969166666666667,0.8893333333333333,-0.007583333333333386
transfer_complete,hmda_2020_oh,ft,1008,f1,0.9417964522655624,0.9384900416859656,-0.003306410579596797
transfer_complete,hmda_2020_oh,ft,1009,auc,0.8408797631192572,0.8265709493788761,-0.014308813740381066
transfer_complete,hmda_2020_oh,ft,1009,accuracy,0.89825,0.88625,-0.01200000000000001
transfer_complete,hmda_2020_oh,ft,1009,f1,0.9426895095048112,0.9369252807171572,-0.0057642287876540355
transfer_complete,hmda_2020_oh,mlp,1000,auc,0.8317297005580072,0.8280202591418011,-0.003709441416206105
transfer_complete,hmda_2020_oh,mlp,1000,accuracy,0.8931666666666667,0.8916666666666667,-0.0014999999999999458
transfer_complete,hmda_2020_oh,mlp,1001,auc,0.8287234505304464,0.8225792569074746,-0.006144193622971805
transfer_complete,hmda_2020_oh,mlp,1001,accuracy,0.8951666666666667,0.8900833333333333,-0.005083333333333329
transfer_complete,hmda_2020_oh,mlp,1001,f1,0.9409999062001688,0.938853089796486,-0.0021468164036828608
transfer_complete,hmda_2020_oh,mlp,1002,auc,0.8299374376612791,0.8148242533276853,-0.015113184333593876
transfer_complete,hmda_2020_oh,mlp,1002,accuracy,0.89325,0.8880833333333333,-0.005166666666666653
transfer_complete,hmda_2020_oh,mlp,1002,f1,0.9400981996726676,0.9379476043062422,-0.0021505953664253674
transfer_complete,hmda_2020_oh,mlp,1004,auc,0.8291483106393758,0.8181719593525816,-0.010976351286794195
transfer_complete,hmda_2020_oh,mlp,1004,accuracy,0.89375,0.8900833333333333,-0.003666666666666707
transfer_complete,hmda_2020_oh,mlp,1004,f1,0.9401661269885964,0.938864426419467,-0.0013017005691293715
transfer_complete,hmda_2020_oh,mlp,1005,auc,0.8264923088833164,0.8166966810771041,-0.009795627806212237
transfer_complete,hmda_2020_oh,mlp,1005,accuracy,0.89375,0.8885,-0.005250000000000088
transfer_complete,hmda_2020_oh,mlp,1005,f1,0.9405899072736592,0.9382271468144044,-0.0023627604592547646
transfer_complete,hmda_2020_oh,mlp,1006,auc,0.8298141280576495,0.8102925845633036,-0.019521543494345983
transfer_complete,hmda_2020_oh,mlp,1006,accuracy,0.8943333333333333,0.88775,-0.006583333333333274
transfer_complete,hmda_2020_oh,mlp,1006,f1,0.9405754991095698,0.9376821651630812,-0.0028933339464886076
transfer_complete,hmda_2020_oh,mlp,1007,accuracy,0.8945,0.8915833333333333,-0.0029166666666666785
transfer_complete,hmda_2020_oh,mlp,1007,f1,0.9408134642356242,0.9397154904777352,-0.0010979737578890036
transfer_complete,hmda_2020_oh,mlp,1008,auc,0.8305288337867661,0.8279315470009118,-0.002597286785854358
transfer_complete,hmda_2020_oh,mlp,1009,auc,0.8309306107734267,0.8258279341601846,-0.005102676613242041
transfer_complete,hmda_2020_oh,mlp,1009,accuracy,0.8925,0.8890833333333333,-0.0034166666666666234
transfer_complete,hmda_2020_oh,mlp,1009,f1,0.9393626022374728,0.9384736282531316,-0.0008889739843411792
