task,architecture,seed,epochs,updates,queries,initial_state_sha256,checkpoint
acs_employment_age,mlp,1000,40,2440,6871040,d10df8767d2d77be5c087a19a9b3be48865bc7930a65a1bce0132c73c6269224,interfair/training/mlp/runs/confirmation/acs_employment_age/1000/equality_direction/selected.pt
acs_employment_age,mlp,1001,40,2440,6871040,a6e54d9efedbbded66cc3507cf34eefcd2c24abf6b64f205d229411872af940a,interfair/training/mlp/runs/confirmation/acs_employment_age/1001/equality_direction/selected.pt
acs_employment_age,mlp,1002,40,2440,6871040,1c761fd450c29fc9d723a3e17d1b9d9b234f09031b01027036ca52264d53b8ed,interfair/training/mlp/runs/confirmation/acs_employment_age/1002/equality_direction/selected.pt
acs_employment_age,mlp,1003,40,2440,6871040,1ed41fc2f1ff058913d8407bd8496c0208197f037d447e36020707990799e22b,interfair/training/mlp/runs/confirmation/acs_employment_age/1003/equality_direction/selected.pt
acs_employment_age,mlp,1004,40,2440,6871040,e7f6ff6d84190c270cb24a2124c9294fa2ef0735e43ea37bcfeb93f8695ecbb9,interfair/training/mlp/runs/confirmation/acs_employment_age/1004/equality_direction/selected.pt
acs_employment_age,mlp,1005,40,2440,6871040,f43bd869d8fc3750f529000d44b7d6580c038ac5c07711774958f275924107c8,interfair/training/mlp/runs/confirmation/acs_employment_age/1005/equality_direction/selected.pt
acs_employment_age,mlp,1006,40,2440,6871040,e625fa8dd25bc3753af7e20a79fd19e99dbf496dde00748442321fd72cbd0bdb,interfair/training/mlp/runs/confirmation/acs_employment_age/1006/equality_direction/selected.pt
acs_employment_age,mlp,1007,40,2440,6871040,ec87cedff97727c0f557b9a2d2f44769866b6fa4be2497bddb028265fb668c37,interfair/training/mlp/runs/confirmation/acs_employment_age/1007/equality_direction/selected.pt
acs_employment_age,mlp,1008,40,2440,6871040,0c0d003c87060bd574792c29be5815ff7013bae89237549bd141a69050a94040,interfair/training/mlp/runs/confirmation/acs_employment_age/1008/equality_direction/selected.pt
acs_employment_age,mlp,1009,40,2440,6871040,8c170fcade24d5a4118f7d61f9d6be0b156aef514a7f82ec39f4a0f6861d4b5a,interfair/training/mlp/runs/confirmation/acs_employment_age/1009/equality_direction/selected.pt
acs_employment_sex,mlp,1000,40,2440,6871040,bc86ef45e5297ea8b2cc51dcc90b4ba8ea85271a53be50e4d8cc8316928bdee0,interfair/training/mlp/runs/confirmation/acs_employment_sex/1000/equality_direction/selected.pt
acs_employment_sex,mlp,1001,40,2440,6871040,969fc55d49b000e87c9ffd5e34a57330bb71b821dfd88e441b659a1671513746,interfair/training/mlp/runs/confirmation/acs_employment_sex/1001/equality_direction/selected.pt
acs_employment_sex,mlp,1002,40,2440,6871040,b6fd8f1924dbfa6985f7ffbb91a2cafe9e54faba5a18e3b60fa7e1ded857d04b,interfair/training/mlp/runs/confirmation/acs_employment_sex/1002/equality_direction/selected.pt
acs_employment_sex,mlp,1003,40,2440,6871040,b02d0aa4ee335cf779c42ad6aca7ca7596a76b04cf336294e4ecbb6c93c9f0fc,interfair/training/mlp/runs/confirmation/acs_employment_sex/1003/equality_direction/selected.pt
acs_employment_sex,mlp,1004,40,2440,6871040,4511e023320411178e241e52ea84dde6915b1fc152ba077a699b998614c92b05,interfair/training/mlp/runs/confirmation/acs_employment_sex/1004/equality_direction/selected.pt
acs_employment_sex,mlp,1005,40,2440,6871040,46e8d9dfcea48ba8907ad26aedbbce9958825e3b062e5d591409812dd4b55b4f,interfair/training/mlp/runs/confirmation/acs_employment_sex/1005/equality_direction/selected.pt
acs_employment_sex,mlp,1006,40,2440,6871040,55639135e87dfba70350572d190119063fac8d262050d1ebd98ae47f7bc33aed,interfair/training/mlp/runs/confirmation/acs_employment_sex/1006/equality_direction/selected.pt
acs_employment_sex,mlp,1007,40,2440,6871040,bc16e4d450dcf0de3c8cf997e42502841ccf992fb3ea383ccdec3165496bb225,interfair/training/mlp/runs/confirmation/acs_employment_sex/1007/equality_direction/selected.pt
acs_employment_sex,mlp,1008,40,2440,6871040,733bb11b21a9275c42ce5c287ad16113901b0b8f4f31f0b6b6ede38b85476c32,interfair/training/mlp/runs/confirmation/acs_employment_sex/1008/equality_direction/selected.pt
acs_employment_sex,mlp,1009,40,2440,6871040,b724d46a46516d2347887c39b000cf71009aef08e6c8f1e66a94dba14b8ba76d,interfair/training/mlp/runs/confirmation/acs_employment_sex/1009/equality_direction/selected.pt
acs_income,ft,1000,30,1260,3548160,e9f298b7243f3de34b1b16734221363b43658ad6bed993c006c8f19989baece6,interfair/training/transformer/runs/confirmation/main/ft/acs_income/1000/soft/selected.pt
acs_income,ft,1001,32,1344,3784704,20861f8cd1c7240d6fc868a7c5a1f87e27164d0103ff90c8e1d2d14bfcdae9a0,interfair/training/transformer/runs/confirmation/main/ft/acs_income/1001/soft/selected.pt
acs_income,ft,1002,34,1428,4021248,337615b300e626aec6ebbc6014b1cebe1ff23adbf9dcf691732261bbae0781db,interfair/training/transformer/runs/confirmation/main/ft/acs_income/1002/soft/selected.pt
acs_income,ft,1003,26,1092,3075072,2c63dc053a17e8e4124ac463b290d7c86ac7af79624dd601262b63dfd2b23fe7,interfair/training/transformer/runs/confirmation/main/ft/acs_income/1003/soft/selected.pt
acs_income,ft,1004,35,1470,4139520,1d2378043df7cb3bf479990d997271944830f2e2bff5c9494cb78ff7affc6b9d,interfair/training/transformer/runs/confirmation/main/ft/acs_income/1004/soft/selected.pt
acs_income,ft,1005,22,924,2601984,423b410fa49e0f6f67ad245229709c24ae6d97a4fe75e1d26a46b7a704a7406e,interfair/training/transformer/runs/confirmation/main/ft/acs_income/1005/soft/selected.pt
acs_income,ft,1006,29,1218,3429888,c3ac4aa71f76e3f5647f7bca7e50ee17fae34033fdb331c46c9f1a09e3979f18,interfair/training/transformer/runs/confirmation/main/ft/acs_income/1006/soft/selected.pt
acs_income,ft,1007,43,1806,5085696,7548a0957ea85efd6de603c850704bbc3af6a09015c988ec11f98c235843223f,interfair/training/transformer/runs/confirmation/main/ft/acs_income/1007/soft/selected.pt
acs_income,ft,1008,21,882,2483712,c981d137e2b6e95b5c486e430d6b708e4c9127a582dd748e8d1a74f1d4697659,interfair/training/transformer/runs/confirmation/main/ft/acs_income/1008/soft/selected.pt
acs_income,ft,1009,41,1722,4849152,c7cf08a8dfff8c2ed4ee0d15698bf6032dde8c7a6cdd97652e55e9e7ff843049,interfair/training/transformer/runs/confirmation/main/ft/acs_income/1009/soft/selected.pt
acs_income,mlp,1000,40,1680,4730880,7d00f417607cba3d2965c934bad356cb807be693ea5a665df5bc59242f0dd8ec,interfair/training/mlp/runs/confirmation/acs_income/1000/equality_direction/selected.pt
acs_income,mlp,1001,40,1680,4730880,dc7a60470b5e53070f87ee8fc13b095af653b0f1df364122f39c80f5ac018b77,interfair/training/mlp/runs/confirmation/acs_income/1001/equality_direction/selected.pt
acs_income,mlp,1002,40,1680,4730880,e6c64f6ee2a9d5e14f2812145e01bca264d19f811ac7f3e883c01bb2a1687870,interfair/training/mlp/runs/confirmation/acs_income/1002/equality_direction/selected.pt
acs_income,mlp,1003,40,1680,4730880,e49ba44d89e498116d6d1af5c3ce24a10b77113ba73b10b305c8a040f0612b60,interfair/training/mlp/runs/confirmation/acs_income/1003/equality_direction/selected.pt
acs_income,mlp,1004,40,1680,4730880,fb32c8928726449c2e632145c67bd9e75e3b1418544770c2844c5059fc063a49,interfair/training/mlp/runs/confirmation/acs_income/1004/equality_direction/selected.pt
acs_income,mlp,1005,40,1680,4730880,5b2cec3fa48f8661c5be72ad033524279e98d34a8ab87d644c08979e38de0276,interfair/training/mlp/runs/confirmation/acs_income/1005/equality_direction/selected.pt
acs_income,mlp,1006,40,1680,4730880,8fa457efaa41623220321ec188f3abc4124684f396a61c8bc11dab1c0ebde478,interfair/training/mlp/runs/confirmation/acs_income/1006/equality_direction/selected.pt
acs_income,mlp,1007,40,1680,4730880,781ea79489aefa147512cfb88466d3296f3d4fd6ec53dbd8b12c06dc35087eb6,interfair/training/mlp/runs/confirmation/acs_income/1007/equality_direction/selected.pt
acs_income,mlp,1008,40,1680,4730880,392f1c237ebbec0eedb2bf5666488748c9d0bdf4f998d507fba2e6929df2c74a,interfair/training/mlp/runs/confirmation/acs_income/1008/equality_direction/selected.pt
acs_income,mlp,1009,40,1680,4730880,2794507395f007c6582a5a5d2e4522f4d357408084388f5374ff9fb999f3b344,interfair/training/mlp/runs/confirmation/acs_income/1009/equality_direction/selected.pt
credit_broad,mlp,1000,40,1560,4392960,bc86ef45e5297ea8b2cc51dcc90b4ba8ea85271a53be50e4d8cc8316928bdee0,interfair/training/mlp/runs/confirmation/credit_broad/1000/equality_direction/selected.pt
credit_broad,mlp,1001,40,1560,4392960,969fc55d49b000e87c9ffd5e34a57330bb71b821dfd88e441b659a1671513746,interfair/training/mlp/runs/confirmation/credit_broad/1001/equality_direction/selected.pt
credit_broad,mlp,1002,40,1560,4392960,b6fd8f1924dbfa6985f7ffbb91a2cafe9e54faba5a18e3b60fa7e1ded857d04b,interfair/training/mlp/runs/confirmation/credit_broad/1002/equality_direction/selected.pt
credit_broad,mlp,1003,40,1560,4392960,b02d0aa4ee335cf779c42ad6aca7ca7596a76b04cf336294e4ecbb6c93c9f0fc,interfair/training/mlp/runs/confirmation/credit_broad/1003/equality_direction/selected.pt
credit_broad,mlp,1004,40,1560,4392960,4511e023320411178e241e52ea84dde6915b1fc152ba077a699b998614c92b05,interfair/training/mlp/runs/confirmation/credit_broad/1004/equality_direction/selected.pt
credit_broad,mlp,1005,40,1560,4392960,46e8d9dfcea48ba8907ad26aedbbce9958825e3b062e5d591409812dd4b55b4f,interfair/training/mlp/runs/confirmation/credit_broad/1005/equality_direction/selected.pt
credit_broad,mlp,1006,40,1560,4392960,55639135e87dfba70350572d190119063fac8d262050d1ebd98ae47f7bc33aed,interfair/training/mlp/runs/confirmation/credit_broad/1006/equality_direction/selected.pt
credit_broad,mlp,1007,40,1560,4392960,bc16e4d450dcf0de3c8cf997e42502841ccf992fb3ea383ccdec3165496bb225,interfair/training/mlp/runs/confirmation/credit_broad/1007/equality_direction/selected.pt
credit_broad,mlp,1008,40,1560,4392960,733bb11b21a9275c42ce5c287ad16113901b0b8f4f31f0b6b6ede38b85476c32,interfair/training/mlp/runs/confirmation/credit_broad/1008/equality_direction/selected.pt
credit_broad,mlp,1009,40,1560,4392960,b724d46a46516d2347887c39b000cf71009aef08e6c8f1e66a94dba14b8ba76d,interfair/training/mlp/runs/confirmation/credit_broad/1009/equality_direction/selected.pt
hmda_oh,ft,1000,24,1848,5203968,ad1e2bf2bc50baecefc56de0ff4e1a61df92c65cdfd218c57805ebb296e00134,interfair/training/transformer/hmda/runs/confirmation/main/ft/hmda_oh/1000/soft/selected.pt
hmda_oh,ft,1001,31,2387,6721792,7a74cd6e3f8cc2418fc238b7f176d3fdf0c6da67cae673e7ee60d29c6630d030,interfair/training/transformer/hmda/runs/confirmation/main/ft/hmda_oh/1001/soft/selected.pt
hmda_oh,ft,1002,22,1694,4770304,9212ddc11fb37c39913297bee8ff715aa58c170993423107eabae03a0014a136,interfair/training/transformer/hmda/runs/confirmation/main/ft/hmda_oh/1002/soft/selected.pt
hmda_oh,ft,1003,22,1694,4770304,ac2e5e5e28472497aae6013515b58508faa55632267702055b6d5eeb735cebf1,interfair/training/transformer/hmda/runs/confirmation/main/ft/hmda_oh/1003/soft/selected.pt
hmda_oh,ft,1004,30,2310,6504960,517c9c055184bd1df58d15c9a0d1b44390af195b41e8ae4184cf79be737ac8c7,interfair/training/transformer/hmda/runs/confirmation/main/ft/hmda_oh/1004/soft/selected.pt
hmda_oh,ft,1005,28,2156,6071296,7dd8d997e6adb50b2861112a6e5629e7d30262c8310f8176f6da3b3b70c99f2e,interfair/training/transformer/hmda/runs/confirmation/main/ft/hmda_oh/1005/soft/selected.pt
hmda_oh,ft,1006,24,1848,5203968,494c04c8ce7b5f6e5a2cf54eb0ec9635f1cf7374d4c75c8bf76ae2feb33d39ea,interfair/training/transformer/hmda/runs/confirmation/main/ft/hmda_oh/1006/soft/selected.pt
hmda_oh,ft,1007,30,2310,6504960,2ad8310f3069b654263eaee40f45f93e016af18c01edeb9f13d968dd0ae7ce49,interfair/training/transformer/hmda/runs/confirmation/main/ft/hmda_oh/1007/soft/selected.pt
hmda_oh,ft,1008,25,1925,5420800,1c20713512ff98e5e8756fdf84a72d211ccb72486f896b32d68abd5b28fc2ba2,interfair/training/transformer/hmda/runs/confirmation/main/ft/hmda_oh/1008/soft/selected.pt
hmda_oh,ft,1009,38,2926,8239616,884d602d9c1c78af58426ee5a705b5d83330ca5a925ad57ab465588527c7cc7e,interfair/training/transformer/hmda/runs/confirmation/main/ft/hmda_oh/1009/soft/selected.pt
hmda_oh,mlp,1000,40,3080,8673280,6a435754a0f9bdb30cd26b642d67fe263a501a2867a6177a95c921b6dfaded5b,interfair/training/mlp/runs/confirmation/hmda_oh/1000/equality_direction/selected.pt
hmda_oh,mlp,1001,40,3080,8673280,83121a2109dfa871f8d5091ec4bc034169e0655954a91fac8fc6b0bb252a511f,interfair/training/mlp/runs/confirmation/hmda_oh/1001/equality_direction/selected.pt
hmda_oh,mlp,1002,40,3080,8673280,48ad497ceedad0349edc212ff91f21f8623573feeb63cd90e1c8718a01f0cb8d,interfair/training/mlp/runs/confirmation/hmda_oh/1002/equality_direction/selected.pt
hmda_oh,mlp,1003,40,3080,8673280,6b0ac52be72cec71f6001e38f73e486a636236ab127eba2a3f31688f8ea7ff3c,interfair/training/mlp/runs/confirmation/hmda_oh/1003/equality_direction/selected.pt
hmda_oh,mlp,1004,40,3080,8673280,ae3a1abc5049011a6b9a65c00a6da2e34a31fa97b328b67f1c7303d2d80d2b41,interfair/training/mlp/runs/confirmation/hmda_oh/1004/equality_direction/selected.pt
hmda_oh,mlp,1005,40,3080,8673280,646e692b60b511afb6fc5de2360f013ba66f3c499e20d75f696f4bdca330fb30,interfair/training/mlp/runs/confirmation/hmda_oh/1005/equality_direction/selected.pt
hmda_oh,mlp,1006,40,3080,8673280,88901f5dc51a3dc8d02c520b3143ef7e4709575be68b534c30119c3d1aafee84,interfair/training/mlp/runs/confirmation/hmda_oh/1006/equality_direction/selected.pt
hmda_oh,mlp,1007,40,3080,8673280,963e1898fd735a49519f81a4a3a1e71642eb742fb760552d5c8fc474f50f6137,interfair/training/mlp/runs/confirmation/hmda_oh/1007/equality_direction/selected.pt
hmda_oh,mlp,1008,40,3080,8673280,09b32dd4f709d155a29c89387384219b2ca931130cfe0df05c771f7805a6ecd9,interfair/training/mlp/runs/confirmation/hmda_oh/1008/equality_direction/selected.pt
hmda_oh,mlp,1009,40,3080,8673280,3871ab26e2ba1e0f14670c06f71f2e81fd8271234d05bbad3d16ee1594a939f8,interfair/training/mlp/runs/confirmation/hmda_oh/1009/equality_direction/selected.pt
