task,architecture,seed,arm,auc,ap,f1,accuracy,brier,bce,eomax,aod,dp,sex_aod,sex_dp,sex_eomax,subgroup_aod,subgroup_dp,decision_disagreement,P_R,P_third,opposite_005,L_R,L_third,violation_005,any_violation_005,group0_tpr,group0_fpr,group0_positive,group0_n,group1_tpr,group1_fpr,group1_positive,group1_n,conformance_005,admitted,uses_admission_guard,checkpoint,checkpoint_sha256,source_done,source_sha256,arrays,arrays_sha256,epochs_completed,training_seconds,training_device,phase,protocol,feature_count,training_protected_axes,race_P_population_effect_gap,race_P_mean_common_abs,joint,tpr_gap,fpr_gap,sex_tpr_gap,sex_fpr_gap,subgroup_eomax,P_mean_common_abs,P_population_effect_gap,selection_record,selection_sha256,selected_step,selected_penalties,decision_constraints,fitting,stage1_checkpoint,utility_budget_auc,configuration_basis,accepted_outcomes_only,block,joint_direction,checkpoint_direction,checkpoint_sha256_direction,arrays_direction,arrays_sha256_direction,auc_direction,ap_direction,f1_direction,accuracy_direction,brier_direction,bce_direction,eomax_direction,aod_direction,dp_direction,tpr_gap_direction,fpr_gap_direction,group0_tpr_direction,group0_fpr_direction,group0_positive_direction,group0_n_direction,group1_tpr_direction,group1_fpr_direction,group1_positive_direction,group1_n_direction,sex_eomax_direction,sex_aod_direction,sex_dp_direction,sex_tpr_gap_direction,sex_fpr_gap_direction,subgroup_aod_direction,subgroup_dp_direction,subgroup_eomax_direction,L_R_direction,violation_005_direction,P_R_direction,decision_disagreement_direction,opposite_005_direction,P_mean_common_abs_direction,L_third_direction,direction_L_R,direction_violation_005,direction_P_R,direction_decision_disagreement,direction_opposite_005,direction_P_mean_common_abs,direction_L_third,direction_direction_logit_loss,direction_adverse_magnitude,direction_adverse_decision,direction_common_response,direction_signed_common_response,direction_adverse_0,direction_both_adverse_0,direction_adverse_005,direction_both_adverse_005,direction_adverse_01,direction_both_adverse_01,direction_joint_pass,output_kind,selected_epoch,pretrained_weights_loaded,direction_constraints,negative_outcomes_retained
hmda_oh,mlp,1000,erm,0.8519298887898774,0.9515206517007684,0.9241209736906812,0.8714166666666666,0.0987964864455611,0.3292561919674276,0.162984496124031,0.1081298370602754,0.153484158784158,0.0410607335754092,0.0298631804928065,0.0798944607506401,0.1322521920994087,0.1571493832800365,0.0997501093948706,0.0373812084340921,,0.142139786885465,0.2609266951677796,0.181328201278471,0.845953235546004,,0.974429024150366,0.562984496124031,0.8987070887204637,11215.0,0.921153846153846,0.4,0.7452229299363057,785.0,0.154046764453996,1.0,False,interfair/training/mlp/runs/confirmation/hmda_oh/1000/erm/selected.pt,9d3caec05650d9e7e63f7eb5230b3b7692d071bba4b58093df946849ca639d45,interfair/training/mlp/runs/confirmation/hmda_oh/1000/erm/DONE.json,774a909ca7b9d87ed29b0585a4c30a358d4019b64c44a87dd18f3467891cf58b,interfair/training/transformer/auxiliary/joint/hmda_oh/mlp/1000/erm/audit.npz,48596d800f878a131e6b22ee645eb76b69fe3d8225f0c3a4bb9948be4bf17d04,40.0,13.07789805601351,,,random-initialization ERM,,,,,True,0.0532751779965199,0.162984496124031,0.0022270064001783,0.0798944607506401,0.2038676236044657,0.0847254971882042,,,,,,False,,,,,,,,,,,,,,,,,,,,,,,,,,,,,,,,,,,,,,,,,,,,,,0.2209551487801629,0.7988481709822453,0.0319995919878475,0.092081414667248,0.1274581398283525,0.0666468675499041,0.1632805833406641,0.0580167188173286,0.0110413218663779,0.0179662930653621,0.0666468675499041,0.0461880747591277,0.4506762497378764,0.1934756508189262,0.3526357457565836,0.1358717739229796,0.2917678029128943,0.1066008134606742,0.0177765314416321,probability,15.0,False,False,True
hmda_oh,mlp,1001,erm,0.8496541141289959,0.9503607178323924,0.923491115571002,0.86975,0.0998643559388384,0.3341757560979038,0.1480199648968846,0.0986044992309713,0.1427830674909342,0.0448907632844561,0.0330487553158115,0.083963030038094,0.1150969409434433,0.1538985778566032,0.1146910121456207,0.0476571889344274,,0.1746586220112857,0.3546223113097259,0.2330111609920022,0.8875061939070445,,0.978035187411212,0.5857558139534884,0.9058403923316988,11215.0,0.928846153846154,0.4377358490566038,0.7630573248407644,785.0,0.11249380609295545,1.0,False,interfair/training/mlp/runs/confirmation/hmda_oh/1001/erm/selected.pt,7897ba334ebd350ea166984bf0e4ae550dccf76421721eeb43e28cbe16a4c2c1,interfair/training/mlp/runs/confirmation/hmda_oh/1001/erm/DONE.json,0ead30108f526af7cc42de18d7fd9be94cdd37ce6fdd03a373b14a1517b7d61e,interfair/training/transformer/auxiliary/joint/hmda_oh/mlp/1001/erm/audit.npz,e3b9765bda4f954159e9b4ddd6b5461543cb2cc869f3a52121aaefa298538b3f,40.0,13.083222755987663,,,random-initialization ERM,,,,,True,0.0491890335650579,0.1480199648968846,0.0058184965308182,0.083963030038094,0.1837719298245613,0.0846662838383852,,,,,,False,,,,,,,,,,,,,,,,,,,,,,,,,,,,,,,,,,,,,,,,,,,,,,0.305282346843842,0.8485261441749227,0.04170050612815,0.1047439450188571,0.1894518898472074,0.0636343593033165,0.2188884446551132,0.136867970620634,0.0176036935093235,0.0285384297634447,0.0636343593033165,0.031412327526973,0.5895901807935011,0.2391287373262033,0.4676796740322708,0.1643861272197216,0.4032315630482569,0.1320789398264525,0.0118489853035597,probability,20.0,False,False,True
hmda_oh,mlp,1002,erm,0.8510029786768719,0.9509112262695456,0.9242638800722692,0.87075,0.0988472951562865,0.3297434201244006,0.1572253912534736,0.1089657255604137,0.1526935888297916,0.0336110263736738,0.022560990200021,0.0649940673203023,0.1205456064296071,0.1604361677669393,0.0837388393857411,0.0364610612247362,,0.129666328493289,0.2416645854705001,0.1495544223277807,0.8409027373548744,,0.9818599060212,0.5949612403100775,0.9106553722692822,11215.0,0.921153846153846,0.4377358490566038,0.7579617834394905,785.0,0.15909726264512558,1.0,False,interfair/training/mlp/runs/confirmation/hmda_oh/1002/erm/selected.pt,16e26090633bd861118865dc8ba91350d71c16d67a79030fea817fdc94465763,interfair/training/mlp/runs/confirmation/hmda_oh/1002/erm/DONE.json,9dc65175f4c58972278db49e28e3acd2c4d4d40db525939886c1b6e09a1d1202,interfair/training/transformer/auxiliary/joint/hmda_oh/mlp/1002/erm/audit.npz,8a36a38ff028753bb78fb620294cf6bf1e76c27cbdb8504a41274b8f6420a785,40.0,13.252514090039767,,,random-initialization ERM,,,,,True,0.0607060598673537,0.1572253912534736,0.0022279854270452,0.0649940673203023,0.1706140350877193,0.0806863013839737,,,,,,False,,,,,,,,,,,,,,,,,,,,,,,,,,,,,,,,,,,,,,,,,,,,,,0.2075651956559149,0.7857799994259547,0.0307824229021651,0.076166785690697,0.1374527266045409,0.0630583142798193,0.1249311733156446,0.0708969621474873,0.0147740275736458,0.0236738866947287,0.0630583142798193,0.0354926407026646,0.4689142887695853,0.2144137309206651,0.3866802729287556,0.1653622639660728,0.3348283642137896,0.1441996874961287,0.0263209535557878,probability,15.0,False,False,True
hmda_oh,mlp,1003,erm,0.8491582599511919,0.950286907990972,0.924722778564799,0.8715833333333334,0.0993849805155349,0.3315711713261314,0.101767953780898,0.0660489861790514,0.1151778640412777,0.046886653042191,0.034316692751536,0.0872541060388434,0.0904516122341219,0.1300160935395933,0.0776408950642495,0.0317723346079077,,0.1064475231543435,0.2123387563520495,0.1329787078437732,0.8107814327425429,,0.9803300185772048,0.5847868217054264,0.9075345519393668,11215.0,0.95,0.4830188679245283,0.7923566878980892,785.0,0.18921856725745712,1.0,False,interfair/training/mlp/runs/confirmation/hmda_oh/1003/erm/selected.pt,53bf7d70159f169d6502c1921d810f77a304d561f1508ae3c735cfc53e2d21da,interfair/training/mlp/runs/confirmation/hmda_oh/1003/erm/DONE.json,5aefc261c6666a768c5230e4f207584fc3e60d4d82a97a269a62214fe07c4d0c,interfair/training/transformer/auxiliary/joint/hmda_oh/mlp/1003/erm/audit.npz,f37e8cdcf738e2f5610ab8690c476e3725742522dd97fb6f582cc10e97b40b7c,40.0,13.111817253986374,,,random-initialization ERM,,,,,True,0.0303300185772047,0.101767953780898,0.0065192000455387,0.0872541060388434,0.1528309409888357,0.0721576013921892,,,,,,False,,,,,,,,,,,,,,,,,,,,,,,,,,,,,,,,,,,,,,,,,,,,,,0.1839612889221652,0.754879537424756,0.0272758426473831,0.0774961276003503,0.1070668618292759,0.0646916666084175,0.1254068551084459,0.050279146965106,0.0110524930373814,0.012430273586672,0.0646916666084175,0.0439680864574306,0.4319965846115473,0.198285496194451,0.3478988773186177,0.1475375731241985,0.2976442889935978,0.1161465864216196,0.0309204510231947,probability,15.0,False,False,True
hmda_oh,mlp,1004,erm,0.8488256778098187,0.9502347753946984,0.9244496739716624,0.8715833333333334,0.0994345632862203,0.3314026055541704,0.1647451367558871,0.1229527277552289,0.1712799338919952,0.0327470188636467,0.0228165813495626,0.0636295509898208,0.1385985936324091,0.1757726541202745,0.0775599470785847,0.0308805391248117,,0.119158811075889,0.2231210319807544,0.15605300152471,0.8374036417575241,,0.979237241831494,0.5760658914728682,0.9050378956754348,11215.0,0.8980769230769231,0.4113207547169811,0.7337579617834394,785.0,0.16259635824247587,1.0,False,interfair/training/mlp/runs/confirmation/hmda_oh/1004/erm/selected.pt,2ae621ad09dfbcdac0c45d1f46e4ca5f812418d514387c0bd00261c3fd28b46a,interfair/training/mlp/runs/confirmation/hmda_oh/1004/erm/DONE.json,f17208c527e6282bf36c5a9130adafaad14fed288532e4e86ee0dd4062fab8e2,interfair/training/transformer/auxiliary/joint/hmda_oh/mlp/1004/erm/audit.npz,992d315843c62a897506f947d2e1491d94b3b5e7743b71b1b65341295d41e0ee,40.0,13.231994018016849,,,random-initialization ERM,,,,,True,0.0811603187545707,0.1647451367558871,0.0018644867374726,0.0636295509898208,0.1882879134595381,0.0813444251514833,,,,,,False,,,,,,,,,,,,,,,,,,,,,,,,,,,,,,,,,,,,,,,,,,,,,,0.1877127898754049,0.7880958002420105,0.0266003304801128,0.0737306587020484,0.1071374447695228,0.0677362057555094,0.1389152161079986,0.0708706112663847,0.0123350661921384,0.0243165944745163,0.0677362057555094,0.0443849862093249,0.3790596722151377,0.175349296369643,0.3064027735476784,0.1391534422474886,0.2710477224795656,0.1167378574467824,0.0168153443691695,probability,15.0,False,False,True
hmda_oh,mlp,1005,erm,0.8524387514535208,0.951812051054148,0.9243020150521972,0.8700833333333333,0.0994425606618893,0.3301288259403612,0.1021025303495685,0.0680959555406963,0.1139670198295617,0.024031583072694,0.0147288229236861,0.0430899893836257,0.0934866311132995,0.1201434168085606,0.0664717551332834,0.024896507361885,,0.0749753799655806,0.1600193473791916,0.0954360512671436,0.7557516077675384,,0.9860124576549012,0.6153100775193798,0.9177886758805172,11215.0,0.9519230769230768,0.5132075471698113,0.8038216560509555,785.0,0.24424839223246164,1.0,False,interfair/training/mlp/runs/confirmation/hmda_oh/1005/erm/selected.pt,ba3c1299f8aad436a907e1235382cdf6b5d2a636b87baf082747bd425a8ddaf8,interfair/training/mlp/runs/confirmation/hmda_oh/1005/erm/DONE.json,e4b75293fbe29699d0a5858e23274b7b1cc9ad8426e86ef8604b398ed8c00200,interfair/training/transformer/auxiliary/joint/hmda_oh/mlp/1005/erm/audit.npz,b2068ffa4c0e65e8a40f622dd92f890dd689b945ccad643cff3177f4a9d0bbf5,40.0,13.05030566395726,,,random-initialization ERM,,,,,True,0.0340893807318242,0.1021025303495685,0.0049731767617623,0.0430899893836257,0.1481259968102073,0.0703657855453572,,,,,,False,,,,,,,,,,,,,,,,,,,,,,,,,,,,,,,,,,,,,,,,,,,,,,0.1344646860123864,0.6940505298355887,0.0204335226965037,0.0650225385309542,0.077258881389997,0.053935327736265,0.0900397214166864,0.0410410063346005,0.0112032868542211,0.0215354348477584,0.053935327736265,0.0323345818263577,0.4119319110122176,0.2037522561558028,0.3023111266757371,0.1552569329786019,0.2522780158614979,0.1319399221553315,0.0422551937043883,probability,10.0,False,False,True
hmda_oh,mlp,1006,erm,0.8482674228577919,0.9503685849528426,0.9244553243574052,0.8714166666666666,0.0993615253148871,0.3308603118265022,0.2018191458241919,0.1472809236682134,0.1901332099014343,0.037038240723896,0.0193500798111723,0.0667676263036283,0.1753266354751779,0.1984896936472998,0.111053183681341,0.038274988573056,,0.1546665497306593,0.2338667883078986,0.1683919627629826,0.8439650922446961,,0.9812042399737734,0.5867248062015504,0.908604547481052,11215.0,0.8884615384615384,0.3849056603773585,0.7184713375796178,785.0,0.15603490775530393,1.0,False,interfair/training/mlp/runs/confirmation/hmda_oh/1006/erm/selected.pt,4a9d7f1c17165e2fd8167a9f4b11ae267f8253f3dde3631ee250a8ea6ba3d193,interfair/training/mlp/runs/confirmation/hmda_oh/1006/erm/DONE.json,0fadab34103d4f46c1770cfa6fc046dac05975e0d18a35df036fdb41b9589988,interfair/training/transformer/auxiliary/joint/hmda_oh/mlp/1006/erm/audit.npz,b3e55a0345b8ac962975553050847f2abea79571f3f13bf28306bf2619c8b84c,40.0,13.121864139975514,,,random-initialization ERM,,,,,True,0.0927427015122349,0.2018191458241919,0.0073088551441637,0.0667676263036283,0.2491626794258373,0.0812321476856118,,,,,,False,,,,,,,,,,,,,,,,,,,,,,,,,,,,,,,,,,,,,,,,,,,,,,0.1977762155425259,0.7985802377591124,0.0325816595789557,0.1145822404165169,0.1596261795879415,0.0710243481677527,0.162890578806156,0.0679262169727237,0.014960226828455,0.0372605250898184,0.0710243481677527,0.0430307527421247,0.4783597970844611,0.20640140939814,0.3961292957528062,0.15362402885923,0.350116617414938,0.1287232057929764,0.009456640805952,probability,15.0,False,False,True
hmda_oh,mlp,1007,erm,0.8541751845240397,0.9522706763847854,0.924278670116682,0.87075,0.099123072461849,0.3288664267759534,0.1369039783530788,0.0918010556930193,0.1366936342648466,0.0432264326805647,0.032777432932576,0.0796384187847374,0.105730510966863,0.1566623969520806,0.0835828216384559,0.0292666802272971,,0.0836331085193764,0.1861926240149601,0.1365162227744984,0.7813649341498825,,0.9813135176483444,0.5935077519379846,0.9099420419081587,11215.0,0.9346153846153846,0.4566037735849056,0.7732484076433122,785.0,0.2186350658501175,1.0,False,interfair/training/mlp/runs/confirmation/hmda_oh/1007/erm/selected.pt,8b8d74e96c24c90b67764e9bfd3d658361f4e45b4f8801621c7f7b75092c8e45,interfair/training/mlp/runs/confirmation/hmda_oh/1007/erm/DONE.json,d45707e4d988ae2821a7b25419d9708b4c5678a4dd1d7ced2f7a644cac8419f8,interfair/training/transformer/auxiliary/joint/hmda_oh/mlp/1007/erm/audit.npz,e66a67f064abc026b1dee75a37d6763e14c18d7488fd79e34159aade7f3661b9,40.0,13.10724191594636,,,random-initialization ERM,,,,,True,0.0466981330329597,0.1369039783530788,0.0068144465763919,0.0796384187847374,0.1683014354066985,0.0717552354331606,,,,,,False,,,,,,,,,,,,,,,,,,,,,,,,,,,,,,,,,,,,,,,,,,,,,,0.1601477842404705,0.716944510255697,0.0263561561971333,0.0883236636257663,0.0797737915247145,0.064111919658266,0.1363701148040006,0.043011436154276,0.0106782071059415,0.021154486938498,0.064111919658266,0.0437249859084493,0.4042864045042048,0.2137568317718035,0.3150442148063027,0.1555400692911133,0.2708683063826171,0.1241508433172414,0.0464614112133473,probability,10.0,False,False,True
hmda_oh,mlp,1008,erm,0.8486289522099753,0.950304944652412,0.922748447204969,0.8673333333333333,0.1018585874541508,0.3399621707211254,0.1686009945882697,0.1109605722754315,0.1464763695119423,0.0325916201268581,0.0220371401180157,0.0637044901017923,0.1245301868438112,0.1594229316517226,0.0779663117352906,0.0330960846558561,,0.1441757726553086,0.2323160527724259,0.141696013501777,0.8398868024311313,,0.9860124576549012,0.6327519379844961,0.9209986625055728,11215.0,0.9326923076923076,0.4641509433962264,0.7745222929936306,785.0,0.16011319756886866,1.0,False,interfair/training/mlp/runs/confirmation/hmda_oh/1008/erm/selected.pt,5510ac5625a12d7a22673a1b185e25a5b761f7ee9372126883c41b2a88f7a43b,interfair/training/mlp/runs/confirmation/hmda_oh/1008/erm/DONE.json,db018527c9686692995fc4a9b2932638682ab1a8ed5272c8cc27f73621e45225,interfair/training/transformer/auxiliary/joint/hmda_oh/mlp/1008/erm/audit.npz,ebafe88f74932b66d8536293f7686c6dcbb40a7756b88123fcaa5ffe3df5efdc,40.0,13.043268627952784,,,random-initialization ERM,,,,,True,0.0533201499625933,0.1686009945882697,0.001478750151924,0.0637044901017923,0.1908154774287497,0.0672095189097368,,,,,,False,,,,,,,,,,,,,,,,,,,,,,,,,,,,,,,,,,,,,,,,,,,,,,0.1911385330998996,0.7717688018840629,0.026897320838148,0.0856273941176625,0.1487374790806655,0.0514258340690606,0.1278976418348961,0.0514254831980667,0.0110200738929432,0.0140589476405737,0.0514258340690606,0.0310807160347013,0.5094825814547038,0.1940752788426217,0.4024578709651993,0.1355701049238656,0.3323719110905256,0.1117063410046813,0.0268508139581232,probability,15.0,False,False,True
hmda_oh,mlp,1009,erm,0.849628385741474,0.9508435683084494,0.9221456692913386,0.8681666666666666,0.1003941320289996,0.3330953905043155,0.1687984496124031,0.1207395154848158,0.1671402324570994,0.0368380158745352,0.026626934538114,0.0733372884531318,0.1442997411581403,0.1721797693702673,0.1021697098082739,0.0327954830742727,,0.1268268391192862,0.1872337978310234,0.1181124148607439,0.8002426863833505,,0.9726805813572288,0.5687984496124031,0.8983504235399019,11215.0,0.9,0.4,0.7312101910828025,785.0,0.1997573136166495,1.0,False,interfair/training/mlp/runs/confirmation/hmda_oh/1009/erm/selected.pt,c4ab9993e3f11323e51d7a6a70595700e709f144b87966e942d0164914fdc3aa,interfair/training/mlp/runs/confirmation/hmda_oh/1009/erm/DONE.json,ae8b008177251b4897d729b2b9126fcffdee47247dcd93cc184bb60ba4b9e254,interfair/training/transformer/auxiliary/joint/hmda_oh/mlp/1009/erm/audit.npz,a5b9ddfe712a92e47589a2917303b85a9668dca7fa79149847f4c429ae654458,40.0,13.054647051962093,,,random-initialization ERM,,,,,True,0.0726805813572286,0.1687984496124031,0.0003387432959386,0.0733372884531318,0.2039074960127592,0.082920503997927,,,,,,False,,,,,,,,,,,,,,,,,,,,,,,,,,,,,,,,,,,,,,,,,,,,,,0.1869156367643601,0.7811379440291155,0.0316348789532279,0.103320909347015,0.1551899147256902,0.0717892501115219,0.1082225768428411,0.0396981487877268,0.011557196412716,0.0344572750213148,0.0717892501115219,0.0506718301132913,0.4110490362423358,0.1528952384632433,0.3393345234024715,0.1176613813407334,0.3008255754184974,0.0962800235495559,0.0294241213622759,probability,10.0,False,False,True
hmda_oh,mlp,1000,hifi,0.8445899505495509,0.9479034335605618,0.9158916092705244,0.8605833333333334,0.106162782221209,0.3516540441132399,0.1252413339183852,0.098981342127102,0.1602380796874069,0.0420470035626012,0.0372164558971137,0.0703928058452507,0.1074263534711728,0.1562426457355649,0.1323399669431444,0.0450352494952624,,0.1626523747504336,0.2832216266882739,0.1970660297798635,0.8576134608162962,,0.9457982734127418,0.4912790697674418,0.8621489077128845,11215.0,0.8730769230769231,0.3660377358490566,0.7019108280254777,785.0,0.1452110202204259,,False,interfair/training/shared/runs/confirmation/joint/mlp/hmda_oh/1000/hifi/selected.pt,2aa24e36a45e794ce1dfe1fb306f612ccbdb8462fea806c8e7c1e3667db53577,interfair/training/shared/runs/confirmation/joint/mlp/hmda_oh/1000/hifi/DONE.json,5335f0d4d8e6497961cc4cf62c0fa5777415777c53ad16bd7db31e5e94725f70,interfair/training/shared/runs/confirmation/joint/mlp/hmda_oh/1000/hifi/audit.npz,f9fb80cc6cb3ac48c68b0c8e96dbe01a6b5b564f9d3a3ead13f8ae725d0d07c8,13.0,21.25651087402366,cpu,confirmation,HIFI native objective/schedule; shared architecture and batch,13.0,race and sex; unclassified sex classification-only,0.0354184433782005,0.1114538506095562,,,,,,,,,,,,,,,,,,,,,,,,,,,,,,,,,,,,,,,,,,,,,,,,,,,,,,,,,,,0.2521865339540128,0.8258501681222452,0.0411036965768403,0.1231210339435438,0.2023266875539611,0.0878882114010318,0.1767881547249774,0.0765846668388209,0.0186960417829848,0.0401566367044049,0.0878882114010318,0.0536171739199412,0.5503962673321656,0.2337744740568158,0.459645057183205,0.1845005614273435,0.409641524444932,0.1550234871822159,0.0076745968593189,probability,,,,
hmda_oh,mlp,1001,hifi,0.8425532789620064,0.9475849590197702,0.922980588603632,0.86675,0.1070596241722651,0.3740625649296626,0.0753601725903173,0.0449567185253478,0.086514023813648,0.0364239292189979,0.0254687017584124,0.0715106475988258,0.0603921583437006,0.0948122967780077,0.0799601511008457,0.0419478792327597,,0.151409706557913,0.428058737323517,0.3095318814927213,0.9161789776003754,,0.9914763413834552,0.6564922480620154,0.929826125724476,11215.0,0.9769230769230768,0.5811320754716981,0.8433121019108281,785.0,0.092165782128371,,False,interfair/training/shared/runs/confirmation/joint/mlp/hmda_oh/1001/hifi/selected.pt,90b4d47f1c965c52204f2f60abe8893eaef1874abe4e152ada9c19b16ec4961a,interfair/training/shared/runs/confirmation/joint/mlp/hmda_oh/1001/hifi/DONE.json,e815c18e0c1d2cebfd319c05f5dba64c368f723c3f3fc444f8da528c14a43c4f,interfair/training/shared/runs/confirmation/joint/mlp/hmda_oh/1001/hifi/audit.npz,ba34366f5644098efca69191aeff9e754b226e3bd61f1e026c397c9c446c9d68,20.0,31.78298654902028,cpu,confirmation,HIFI native objective/schedule; shared architecture and batch,13.0,race and sex; unclassified sex classification-only,0.0345712497488209,0.0706215234562413,,,,,,,,,,,,,,,,,,,,,,,,,,,,,,,,,,,,,,,,,,,,,,,,,,,,,,,,,,,0.4158991075199278,0.902116918510646,0.0388990750642662,0.0734761626136983,0.1901917358382853,0.0535688108291777,0.2786169622670757,0.3012789289938543,0.0205299218094863,0.028403603100025,0.0535688108291777,0.0155342745948649,0.6221444033587242,0.240077045444436,0.4673179322111184,0.1548892253801425,0.3944364788134551,0.1229608678706815,0.0026623228993355,probability,,,,
hmda_oh,mlp,1002,hifi,0.8480873019463582,0.949520164260907,0.9211403552415544,0.8679166666666667,0.1014391980965348,0.3407601123373543,0.145794939300863,0.1081990970471851,0.1637911009765698,0.0256263881527657,0.0106859786603331,0.0398145256978704,0.1373846871614828,0.176073895649044,0.1237614770335846,0.0482859409033997,,0.1626643219753197,0.3727043874013581,0.2874329789914303,0.8918996370059866,,0.9609878701781226,0.5193798449612403,0.8797146678555506,11215.0,0.8903846153846153,0.3735849056603773,0.7159235668789808,785.0,0.1129598471558891,,False,interfair/training/shared/runs/confirmation/joint/mlp/hmda_oh/1002/hifi/selected.pt,92bd8279b52b717707d57c36fed3640494335d00485338265ce17b9a54e5a047,interfair/training/shared/runs/confirmation/joint/mlp/hmda_oh/1002/hifi/DONE.json,212a183d41732e56484d85b95008ec1765334d7dc6a635dab9053555c37cf7de,interfair/training/shared/runs/confirmation/joint/mlp/hmda_oh/1002/hifi/audit.npz,019513416a9a37bea85a480e37cdd3b0305077fff6fb90f86532f4146230ecdc,20.0,32.4910318920156,cpu,confirmation,HIFI native objective/schedule; shared architecture and batch,13.0,race and sex; unclassified sex classification-only,0.0457079278299468,0.1059208434397031,,,,,,,,,,,,,,,,,,,,,,,,,,,,,,,,,,,,,,,,,,,,,,,,,,,,,,,,,,,0.3267704842409934,0.8583781558965966,0.0454380420204053,0.1269673062726648,0.189015075945697,0.0868088463849458,0.25055845445536,0.1530181828958035,0.023263806802723,0.046312949409053,0.0868088463849458,0.0436937285678762,0.5360607361461902,0.238587088666655,0.4559383885842968,0.1922475953636984,0.4105604243098634,0.1661175958489518,0.0071770334928229,probability,,,,
hmda_oh,mlp,1003,hifi,0.8437591167619933,0.9478457827931634,0.9233031119823571,0.8695833333333334,0.1011526863625884,0.340263282257273,0.1682389937106918,0.1120684179484589,0.1542735928621528,0.0296167052368634,0.015192811521688,0.0513957409604696,0.1306930554296743,0.1614117419051178,0.0993917938656628,0.0450547857636823,,0.1707633457920189,0.3651202461757968,0.2409094322705718,0.8898029424706432,,0.9770516883400722,0.5833333333333334,0.9045920641997324,11215.0,0.921153846153846,0.4150943396226415,0.7503184713375797,785.0,0.1190909716656112,,False,interfair/training/shared/runs/confirmation/joint/mlp/hmda_oh/1003/hifi/selected.pt,195912f8b34d51dbb7a796b2e53ea6a7eadeb4e156c976c25c3cc4422afde624,interfair/training/shared/runs/confirmation/joint/mlp/hmda_oh/1003/hifi/DONE.json,d45f592bb42e37d68a0382f6fa348f5cabff86cd140636cb8f706f997c1d6a0c,interfair/training/shared/runs/confirmation/joint/mlp/hmda_oh/1003/hifi/audit.npz,3e828fbbaec852446481898e36bbede09e678048680e1e10e5555af5444e3939,20.0,33.09834458801197,cpu,confirmation,HIFI native objective/schedule; shared architecture and batch,13.0,race and sex; unclassified sex classification-only,0.0425993508323386,0.0868065721825225,,,,,,,,,,,,,,,,,,,,,,,,,,,,,,,,,,,,,,,,,,,,,,,,,,,,,,,,,,,0.3347733818421633,0.8710403990302549,0.0445265831440158,0.1064112771331944,0.1870855294047871,0.0722753834388599,0.2270256900859786,0.1726921765873527,0.019910433987785,0.0317199053152392,0.0722753834388599,0.0354606064822867,0.5546561807041528,0.2229992354850965,0.4402846223370512,0.1641880245158264,0.3807621052284969,0.1364894806709617,0.0044583420012481,probability,,,,
hmda_oh,mlp,1004,hifi,0.8370383691283502,0.9462672624685372,0.9201312910284464,0.8661666666666666,0.1052191187041079,0.355221344357811,0.1786108673394764,0.1385057102263146,0.1918546305420118,0.0274505382970322,0.0185146685060618,0.0507337788047211,0.1504708991166069,0.1906287636529756,0.1363994081646832,0.0573988364305432,,0.2043653246387103,0.4505004548916845,0.3249293504808989,0.9158537240314378,,0.9618620915746912,0.5295542635658915,0.8823004904146232,11215.0,0.8634615384615385,0.350943396226415,0.6904458598726114,785.0,0.0962906339300839,,False,interfair/training/shared/runs/confirmation/joint/mlp/hmda_oh/1004/hifi/selected.pt,972959057ff3cd1e49d724a1813124918595224761774abac0bc1fef75a0763f,interfair/training/shared/runs/confirmation/joint/mlp/hmda_oh/1004/hifi/DONE.json,e8799556d29b915ae521dcbb8b24a813992a35a5dc8e94e8b7af9b868b39a4e8,interfair/training/shared/runs/confirmation/joint/mlp/hmda_oh/1004/hifi/audit.npz,9e910a07639a06b7482da98461270ef36eda4df3a4f3e56d43102f68c7e70d2d,20.0,32.379789654980414,cpu,confirmation,HIFI native objective/schedule; shared architecture and batch,13.0,race and sex; unclassified sex classification-only,0.0512496338490405,0.1107618599771865,,,,,,,,,,,,,,,,,,,,,,,,,,,,,,,,,,,,,,,,,,,,,,,,,,,,,,,,,,,0.4211948018998147,0.8938103903924008,0.0542349763164656,0.1392744047990797,0.2183002636896837,0.096475587392459,0.2927076396314857,0.1607426812288473,0.0188313849697816,0.0359727518306604,0.096475587392459,0.0627637861969316,0.54707807538849,0.1913558145560248,0.4221047839059142,0.1372838238511961,0.3735880774508172,0.1177741036659294,0.0032604090237374,probability,,,,
hmda_oh,mlp,1005,hifi,0.8436403088844985,0.9474319068577192,0.922970297029703,0.8703333333333333,0.1027650751976416,0.3444133186223714,0.1674948807956706,0.1154873511263811,0.1646185869130004,0.02731501663509,0.0229777850969411,0.0540248548054705,0.122873574893016,0.1591930239432456,0.1343014715800602,0.0402894690616227,,0.1653095775821603,0.238854329420004,0.1530331435432847,0.8397248274408285,,0.9673259753032456,0.5373062015503876,0.8881854658938921,11215.0,0.903846153846154,0.3698113207547169,0.7235668789808917,785.0,0.1631216319405177,,False,interfair/training/shared/runs/confirmation/joint/mlp/hmda_oh/1005/hifi/selected.pt,93b2f77f7a1a4414927bcad7c372191275f1b0f7f4120ca8d42f4a93bdb7458d,interfair/training/shared/runs/confirmation/joint/mlp/hmda_oh/1005/hifi/DONE.json,8a2fb944a3bbdae5d07e92d4edc08eae8cc739b1dbdb02797beebbfd4442d98b,interfair/training/shared/runs/confirmation/joint/mlp/hmda_oh/1005/hifi/audit.npz,09d17b1c8a6091e388ca70be4c8ee1e42b03ad335b8ae6f9d8084a7edfcbff4a,13.0,21.99481804401148,cpu,confirmation,HIFI native objective/schedule; shared architecture and batch,13.0,race and sex; unclassified sex classification-only,0.03806227676557,0.1023117897942017,,,,,,,,,,,,,,,,,,,,,,,,,,,,,,,,,,,,,,,,,,,,,,,,,,,,,,,,,,,0.21202278551238,0.7991725495358095,0.0345246756012433,0.1225310433360225,0.1786923754614,0.0778575413233711,0.1374232539740536,0.1055462764480635,0.0233222765963287,0.0457471603204906,0.0778575413233711,0.0337131627251312,0.5662104706977835,0.2986723521608895,0.4928948763364288,0.2391009842942839,0.4506421623991855,0.2087450489062958,0.0170692295901655,probability,,,,
hmda_oh,mlp,1006,hifi,0.8381857131396229,0.945387597186234,0.9235528060097216,0.87025,0.1020086622260958,0.3444348567624802,0.1358051777095217,0.0960481046874147,0.1454330670649806,0.0426602133227314,0.029147078175869,0.0852900768125897,0.1199757496396038,0.1514064814430278,0.1264836980455263,0.0566535909560428,,0.2189906668313953,0.5028587591621779,0.3310965723914589,0.922498727454588,,0.975521800896077,0.5697674418604651,0.9008470798038342,11215.0,0.9192307692307692,0.4339622641509434,0.7554140127388536,785.0,0.0876609287146151,,False,interfair/training/shared/runs/confirmation/joint/mlp/hmda_oh/1006/hifi/selected.pt,228c0ba6433bf5d18e9adae12f17f503e116f0a64acf6e6ba9e1f1d66643a6eb,interfair/training/shared/runs/confirmation/joint/mlp/hmda_oh/1006/hifi/DONE.json,6222cd03f68c1f490f5b052f204e7d2c5804c8f4341c640b8040c1a5f5b25759,interfair/training/shared/runs/confirmation/joint/mlp/hmda_oh/1006/hifi/audit.npz,5842f3fc1a6606d17dd333097f9bec2333c98c644f7726465f873eb30a053395,20.0,32.696613286971115,cpu,confirmation,HIFI native objective/schedule; shared architecture and batch,13.0,race and sex; unclassified sex classification-only,0.0465358121471781,0.1063270622767389,,,,,,,,,,,,,,,,,,,,,,,,,,,,,,,,,,,,,,,,,,,,,,,,,,,,,,,,,,,0.4339525549306355,0.9058610661062416,0.0514275351551406,0.1309240811010016,0.2646882384830771,0.0888996769184108,0.3000768419724887,0.2882745615690025,0.028436064307083,0.0514289211833483,0.0888996769184108,0.0362557689452919,0.6578237204312312,0.2585243688864723,0.5503812922562854,0.1980539519850685,0.491160114643056,0.1669456256005091,0.0023923444976076,probability,,,,
hmda_oh,mlp,1007,hifi,0.8403829929098423,0.9467561366934244,0.9224188790560472,0.8685,0.1011166288977721,0.3381242229970609,0.1088032031592803,0.0710740123292009,0.1212167507688463,0.0161583501966929,0.0185269223091496,0.0291357022419284,0.1047177897000449,0.1285781524703406,0.1094820124846967,0.0486174191438156,,0.1994901055561319,0.4104992370733327,0.2713688748147775,0.9065100290783844,,0.97180635996066,0.565406976744186,0.8970129291127954,11215.0,0.9384615384615383,0.4566037735849056,0.7757961783439491,785.0,0.1020662830578591,,False,interfair/training/shared/runs/confirmation/joint/mlp/hmda_oh/1007/hifi/selected.pt,27396b853b3734160a41c7caa2eac9be42d4568ba1524c95b4dbe3d24b74544a,interfair/training/shared/runs/confirmation/joint/mlp/hmda_oh/1007/hifi/DONE.json,a40a8823ba3dfbfa9b596ebb0ba1e73d80e37a4ef12d3f798113bfa14f3f3376,interfair/training/shared/runs/confirmation/joint/mlp/hmda_oh/1007/hifi/audit.npz,6a74919d04fd183214823bda32c28c7de450ea2aa1c6ff4005435f80d124d101,20.0,32.85356518998742,cpu,confirmation,HIFI native objective/schedule; shared architecture and batch,13.0,race and sex; unclassified sex classification-only,0.0429953516616128,0.097893426233434,,,,,,,,,,,,,,,,,,,,,,,,,,,,,,,,,,,,,,,,,,,,,,,,,,,,,,,,,,,0.343781680846899,0.8800431088541832,0.0443425211458817,0.1046880513459782,0.1930183517435458,0.0834036904377705,0.2248386537463495,0.2213666639177663,0.0262984766090959,0.0434870316975135,0.0834036904377705,0.0339082004918532,0.5629311967075681,0.2563410152080104,0.46767655444945,0.2036832966643895,0.4212124658693832,0.1786963939666306,0.0041459701625605,probability,,,,
hmda_oh,mlp,1008,hifi,0.8353767459507979,0.944749060834054,0.9226789026652348,0.868,0.1036553572028272,0.3540567115540916,0.1115602603481058,0.0722125503383057,0.1178784101138431,0.0314890917523526,0.0212550494155309,0.0606819459189408,0.1094573530943558,0.1364030898293118,0.1286552159055674,0.0581897946770169,,0.2076116155357227,0.4973859219213207,0.3627278386054904,0.9280796117213386,,0.9790186864823516,0.5983527131782945,0.908961212661614,11215.0,0.946153846153846,0.4867924528301887,0.7910828025477707,785.0,0.0878148640596283,,False,interfair/training/shared/runs/confirmation/joint/mlp/hmda_oh/1008/hifi/selected.pt,cada1c3f587654307f6e5c3e9b5e880bdce015d61f4f42ef4b0b4472c6c1ea46,interfair/training/shared/runs/confirmation/joint/mlp/hmda_oh/1008/hifi/DONE.json,4392adf14dd5a6c4e71c81a83a1159aca074595d0bb28dbb586b34bf6fe26563,interfair/training/shared/runs/confirmation/joint/mlp/hmda_oh/1008/hifi/audit.npz,d8a9fb4c5853c361f07593e46524510b04b9377edfb535bdfa3f95f283a17375,20.0,33.08741410600487,cpu,confirmation,HIFI native objective/schedule; shared architecture and batch,13.0,race and sex; unclassified sex classification-only,0.0487256788155391,0.103667091851865,,,,,,,,,,,,,,,,,,,,,,,,,,,,,,,,,,,,,,,,,,,,,,,,,,,,,,,,,,,0.4821251459037741,0.9109353390562004,0.0555507632821879,0.1313368471792428,0.2489725483740254,0.0824674835357946,0.3333782785670386,0.3261234238240214,0.0245539739673727,0.0431536422701209,0.0824674835357946,0.0381201608823038,0.620269469013967,0.2190268438395949,0.5031765229657434,0.1507241104761665,0.4413263661056362,0.123546265611955,0.0005980861244019,probability,,,,
hmda_oh,mlp,1009,hifi,0.8406899576576006,0.946782727628285,0.9215889464594128,0.8675833333333334,0.1022198872997673,0.3426442541198548,0.19123519087319,0.1404258551475976,0.1867710158426357,0.0679785154755697,0.0503720726554479,0.1188534315868357,0.1700202552285048,0.1981476007488423,0.152194431698229,0.0569687549390248,,0.2046554901248936,0.4237548867678871,0.2878493419825055,0.9125412013163396,,0.970385750191236,0.561046511627907,0.8950512706197058,11215.0,0.8807692307692307,0.3698113207547169,0.70828025477707,785.0,0.1020180873906214,,False,interfair/training/shared/runs/confirmation/joint/mlp/hmda_oh/1009/hifi/selected.pt,724416f2d49a13022e7d25ade571b65a833af349adb40f481efa2402e5374790,interfair/training/shared/runs/confirmation/joint/mlp/hmda_oh/1009/hifi/DONE.json,d1efd83cab314d6db080f498f4bbe50e6c49ffeb0670366448ba5a7aa17cc585,interfair/training/shared/runs/confirmation/joint/mlp/hmda_oh/1009/hifi/audit.npz,dbae5e23f38b404ecc375b78b7662c31081c2e945313f1933dc5f5889139e506,20.0,32.565112169017084,cpu,confirmation,HIFI native objective/schedule; shared architecture and batch,13.0,race and sex; unclassified sex classification-only,0.0438449449965669,0.1030365077141839,,,,,,,,,,,,,,,,,,,,,,,,,,,,,,,,,,,,,,,,,,,,,,,,,,,,,,,,,,,0.3881502906024051,0.8914007458787528,0.0534463510407476,0.1528374316978473,0.2351638201565943,0.0833146625240376,0.2474237099619237,0.1948141653114369,0.0244033490616179,0.056364964809175,0.0833146625240376,0.0393027434234741,0.5824585319625737,0.2187703765695237,0.4797099063659798,0.1660163525121205,0.4301808147951213,0.1390705569605725,0.0011961722488038,probability,,,,
hmda_oh,mlp,1000,hifi_erm,0.8383737146184169,0.945626948226254,0.9177780006016244,0.8633333333333333,0.1059395130210983,0.3553498208420814,0.1561192774608746,0.1229214865318545,0.1814988456656378,0.0357588617011881,0.0218583836256734,0.0663741959657778,0.120436476801706,0.166032642551601,0.1837872327013033,0.0665553166545244,,0.2421741685336443,0.4630910734755803,0.3786165074237561,0.9136858617691463,,0.951262157141296,0.499515503875969,0.8681230494872938,11215.0,0.8615384615384616,0.3433962264150943,0.686624203821656,785.0,0.0894214216853639,,False,interfair/training/shared/runs/confirmation/joint/mlp/hmda_oh/1000/hifi_erm/selected.pt,f51e5a4e1f739b1555d06dff19c19b2ac28deb8e7959636b5e8dce82b8b49456,interfair/training/shared/runs/confirmation/joint/mlp/hmda_oh/1000/hifi_erm/DONE.json,fb915ff5c043dbc289cc01895c0d2392e3d363192082d2208be69cb303fe2906,interfair/training/shared/runs/confirmation/joint/mlp/hmda_oh/1000/hifi_erm/audit.npz,b1642e1a84c532a3cfdbda155e48f97dc1e33a08444163c3c8a0575290186f23,20.0,6.562422021001112,cpu,confirmation,HIFI native objective/schedule; shared architecture and batch,13.0,race and sex; unclassified sex classification-only,0.0497680504054902,0.1194079003683141,,,,,,,,,,,,,,,,,,,,,,,,,,,,,,,,,,,,,,,,,,,,,,,,,,,,,,,,,,,0.4099726410731003,0.8914488852392893,0.0614798157890901,0.186139136400961,0.2940332397498069,0.0923236927398001,0.3403218693246115,0.1951202714124197,0.028041971172721,0.0591111386401875,0.0923236927398001,0.0419577931817472,0.6658899854019583,0.2727101439861274,0.5767770851665398,0.2067696892875869,0.5193603759867061,0.1747639367233336,0.0017942583732057,probability,,,,
hmda_oh,mlp,1001,hifi_erm,0.8376576485301588,0.9468986168259445,0.8682237914177078,0.7978333333333333,0.1487224314617364,0.4645323153587899,0.166046877285359,0.1579379078473902,0.2312774917577971,0.1130567716067461,0.1198496458361122,0.12023668269531,0.2223522314413094,0.308077971557132,0.2276750680902342,0.0419132278662816,,0.1471615367999598,0.2152800892040562,0.1096102826718485,0.805232137462707,,0.834444323024806,0.3396317829457364,0.7433794025858226,11215.0,0.6846153846153846,0.1735849056603773,0.5121019108280255,785.0,0.2091748197809765,,False,interfair/training/shared/runs/confirmation/joint/mlp/hmda_oh/1001/hifi_erm/selected.pt,901f611ac37ed2365ce845b20a75440d60c3718c7ac6e9cdff289670b6bb65eb,interfair/training/shared/runs/confirmation/joint/mlp/hmda_oh/1001/hifi_erm/DONE.json,55976ebfa9909638c98dbaf5d2338f9c59aece29cda7b16bdcd4c8b7cde7a458,interfair/training/shared/runs/confirmation/joint/mlp/hmda_oh/1001/hifi_erm/audit.npz,9e921d9fcb1af93b882414c16009315e3cd370bb9d703bc3c1fe0fd5821e022e,7.0,2.8180282540270127,cpu,confirmation,HIFI native objective/schedule; shared architecture and batch,13.0,race and sex; unclassified sex classification-only,0.0363882229211041,0.1211402366788907,,,,,,,,,,,,,,,,,,,,,,,,,,,,,,,,,,,,,,,,,,,,,,,,,,,,,,,,,,,0.2155964350524954,0.7890081105152349,0.040917936370102,0.2022872721515156,0.2089741142150572,0.098617664364931,0.1052751019163493,0.0386898377656865,0.0171756064551758,0.0777197954913406,0.098617664364931,0.0671638473847656,0.4728507818165001,0.1914044563052686,0.4174893856421587,0.15949618044227,0.3865714148675113,0.1433232023782298,0.0234838928265096,probability,,,,
hmda_oh,mlp,1002,hifi_erm,0.8473517897256848,0.949372208211041,0.922749962931844,0.86975,0.1006511738991119,0.3384516144312901,0.1644105601872165,0.1156716730056902,0.164834971361717,0.0291732174719618,0.0150542938692153,0.0500062449259977,0.1467846853878727,0.1818977809155972,0.1196059078916306,0.0505461437906643,,0.1906046431359603,0.4282782303388118,0.3122858277791657,0.9094963375430434,,0.9688558627472408,0.5455426356589147,0.8909496210432456,11215.0,0.9019230769230768,0.3811320754716981,0.7261146496815286,785.0,0.1001504044921534,,False,interfair/training/shared/runs/confirmation/joint/mlp/hmda_oh/1002/hifi_erm/selected.pt,8f3515030ad7e226ae254fb1cb843cecc766399bc70b6de158c2306a87f76008,interfair/training/shared/runs/confirmation/joint/mlp/hmda_oh/1002/hifi_erm/DONE.json,c98a4d868c04854fd804302fa4f034bbe975a73ef9f032f1e1d6e29834a68bd3,interfair/training/shared/runs/confirmation/joint/mlp/hmda_oh/1002/hifi_erm/audit.npz,cc334ae55309766ed4e6bc2ae4ad7ad575e683351b11f165048058064783f167,20.0,6.529504197998904,cpu,confirmation,HIFI native objective/schedule; shared architecture and batch,13.0,race and sex; unclassified sex classification-only,0.0478119885322202,0.1005306581886923,,,,,,,,,,,,,,,,,,,,,,,,,,,,,,,,,,,,,,,,,,,,,,,,,,,,,,,,,,,0.3692018035104879,0.876106324179138,0.0491581684149338,0.1222328684827684,0.2366761655085305,0.0802253880048445,0.2785354358986469,0.1865502465303647,0.0225805199357115,0.0385940772953563,0.0802253880048445,0.0394927411282646,0.5715623399859059,0.2203091072093708,0.4843595955052949,0.172813138905023,0.4375599920427418,0.1438302325840382,0.0059808612440191,probability,,,,
hmda_oh,mlp,1003,hifi_erm,0.843336851544185,0.948057470940803,0.9223955514000296,0.8685833333333334,0.1010499881083795,0.3403781791556988,0.1507971332455755,0.1017410008250187,0.1481466757158152,0.0245053047892744,0.0053927497062191,0.033613314182227,0.1306715954990585,0.163134543239614,0.1146268896762413,0.0521517940610732,,0.1980753565832575,0.4163725310324396,0.2942909361976137,0.9044829903821326,,0.9719156376352313,0.5658914728682171,0.8971912617030763,11215.0,0.9192307692307692,0.4150943396226415,0.7490445859872611,785.0,0.1054460335904757,,False,interfair/training/shared/runs/confirmation/joint/mlp/hmda_oh/1003/hifi_erm/selected.pt,02d31a2e4faa4ab386a83e547bd9803edb09c76bcaec73ad94150d0ffac00dd4,interfair/training/shared/runs/confirmation/joint/mlp/hmda_oh/1003/hifi_erm/DONE.json,7f832312d73a0b35b3567bfcd90a552e78d1cbaa2390fc79021b8f7eb67b6667,interfair/training/shared/runs/confirmation/joint/mlp/hmda_oh/1003/hifi_erm/audit.npz,322d36e2033cf5d6eee76194a87e5b2034259f24ebdaa676ff293f7243312ee6,20.0,6.750851418997627,cpu,confirmation,HIFI native objective/schedule; shared architecture and batch,13.0,race and sex; unclassified sex classification-only,0.0449714669134759,0.0919300992482901,,,,,,,,,,,,,,,,,,,,,,,,,,,,,,,,,,,,,,,,,,,,,,,,,,,,,,,,,,,0.3576175228720337,0.8796858990018948,0.0480163487480403,0.1192619492541699,0.223930660265001,0.0724675303171044,0.2930778671065089,0.1657680558387649,0.0213915022185354,0.0387696403931657,0.0724675303171044,0.0334204440973072,0.5728317373351253,0.2133420463716167,0.4733228337524849,0.1629127192538496,0.423626872534378,0.1394377709452179,0.0041302342785741,probability,,,,
hmda_oh,mlp,1004,hifi_erm,0.8393926164811123,0.9466634987182724,0.9177126917712692,0.8623333333333333,0.1051151299723244,0.3543388723802441,0.1607119350592366,0.1355547478226505,0.1930904640338946,0.0291446960694329,0.0242522634140436,0.0567039280584525,0.1594733061910866,0.2059014078657751,0.1405494966157695,0.0601442384519582,,0.2249585343020863,0.4975072033183831,0.370522501543883,0.9262152440084024,,0.9584744836629876,0.5305232558139535,0.8797146678555506,11215.0,0.8480769230769231,0.3698113207547169,0.686624203821656,785.0,0.0811762863693705,,False,interfair/training/shared/runs/confirmation/joint/mlp/hmda_oh/1004/hifi_erm/selected.pt,9449677cfa6e36403fa9c2ce5638d2300a3489ab835b22b090b137d9211a8d92,interfair/training/shared/runs/confirmation/joint/mlp/hmda_oh/1004/hifi_erm/DONE.json,810cf6f781f3ddff5c9a46a89bd49ddaaac57bb6a0ace571d30361cc12d4336b,interfair/training/shared/runs/confirmation/joint/mlp/hmda_oh/1004/hifi_erm/audit.npz,823f47bc40956a6224d68824a3592971ed589ee0d0107bd6748936dc934dc04c,20.0,7.005132885999046,cpu,confirmation,HIFI native objective/schedule; shared architecture and batch,13.0,race and sex; unclassified sex classification-only,0.0552901375231214,0.1118891931477462,,,,,,,,,,,,,,,,,,,,,,,,,,,,,,,,,,,,,,,,,,,,,,,,,,,,,,,,,,,0.4579949520410977,0.9084830864831,0.0565042634797621,0.1481768774382622,0.2221614416122944,0.0993344613291918,0.3363251062739702,0.1843474459550776,0.0193772313632348,0.0405406589446751,0.0993344613291918,0.064421070359424,0.5364462486633867,0.180492308748677,0.4112498365639382,0.125417688335951,0.3573906373489705,0.1131171805753296,0.0014679113792386,probability,,,,
hmda_oh,mlp,1005,hifi_erm,0.8375657011780316,0.946223845917823,0.9183266932270916,0.8633333333333333,0.1046047518701848,0.3507706818768535,0.1800643557115694,0.1385548277553333,0.1907210259235385,0.0338416618772671,0.0281539405539862,0.0629800786860675,0.180109642922687,0.2106842753713471,0.1635829635282596,0.060831489462209,,0.2080326637608301,0.4491470303335437,0.2836276284213445,0.9123583185327628,,0.9585837613375588,0.5310077519379846,0.8798930004458315,11215.0,0.8615384615384616,0.350943396226415,0.689171974522293,785.0,0.0955269943240119,,False,interfair/training/shared/runs/confirmation/joint/mlp/hmda_oh/1005/hifi_erm/selected.pt,da35d037823021f7cdd8a34df1f9e4f60dbd3ed6cee961074b576ba8e3f2806b,interfair/training/shared/runs/confirmation/joint/mlp/hmda_oh/1005/hifi_erm/DONE.json,23215a4b6c2931282f17c91d78a068d62e43f985901ed10a057501501dbbc51f,interfair/training/shared/runs/confirmation/joint/mlp/hmda_oh/1005/hifi_erm/audit.npz,ed7288fbc7d23fab9f6b20dd4c355e31d401f2b789d83bc0a61b27c87ffc5212,20.0,6.771127957035787,cpu,confirmation,HIFI native objective/schedule; shared architecture and batch,13.0,race and sex; unclassified sex classification-only,0.0496008260245683,0.1177276450383987,,,,,,,,,,,,,,,,,,,,,,,,,,,,,,,,,,,,,,,,,,,,,,,,,,,,,,,,,,,0.3897541338116147,0.8913328638805629,0.0547263885029674,0.1567061260104392,0.2314200913515316,0.0921788659321569,0.2465902022314924,0.2641274417795986,0.0296102979011242,0.0633456558454075,0.0921788659321569,0.0376411291574892,0.6153319232526719,0.2819179411042225,0.524504143798188,0.2084233807730639,0.4781153238550152,0.1815050606127146,0.0035461233094517,probability,,,,
hmda_oh,mlp,1006,hifi_erm,0.8346490920987034,0.9442580743974712,0.9230920535011802,0.8696666666666667,0.1026179564500609,0.3468245996130599,0.134249305250841,0.094232030549649,0.1440319635610859,0.0394622359016663,0.0296770551594182,0.0752763379753949,0.116377914765729,0.1649653496239367,0.1211614547887993,0.0532128048078381,,0.2164108441347528,0.4528436284301532,0.3207438823105513,0.9180634995870258,,0.9734455250792264,0.564437984496124,0.898172090949621,11215.0,0.9192307692307692,0.430188679245283,0.7541401273885351,785.0,0.0903825400991599,,False,interfair/training/shared/runs/confirmation/joint/mlp/hmda_oh/1006/hifi_erm/selected.pt,d36a315a86896c4916ba51d661b2d280fdacf57365711171cacac1c0445daa0f,interfair/training/shared/runs/confirmation/joint/mlp/hmda_oh/1006/hifi_erm/DONE.json,2ab1d42e6638b60e2d01cf35affbdf2e9fe5e604cbd4a672918d4c740f8ca261,interfair/training/shared/runs/confirmation/joint/mlp/hmda_oh/1006/hifi_erm/audit.npz,251a8a60cc92224efe49a23371618603dfde3f8ebde5ea8ff103211148719912,20.0,6.888734103005845,cpu,confirmation,HIFI native objective/schedule; shared architecture and batch,13.0,race and sex; unclassified sex classification-only,0.0440844082232882,0.102462577048849,,,,,,,,,,,,,,,,,,,,,,,,,,,,,,,,,,,,,,,,,,,,,,,,,,,,,,,,,,,0.4223420086296939,0.8963120678171239,0.0509661599129059,0.1268088829722057,0.2724040561476767,0.0858307733694615,0.2937774053192954,0.2674382055250897,0.0276285917277386,0.048327860506575,0.0858307733694615,0.0352289889685486,0.6638783357244048,0.247207709855915,0.5551705741177486,0.1852578629354098,0.4949791591661523,0.1553246902481448,0.0005980861244019,probability,,,,
hmda_oh,mlp,1007,hifi_erm,0.8355529376779427,0.9449894021309034,0.922217868338558,0.8676666666666667,0.1020261894924071,0.3416128018919133,0.0827976451660085,0.0588581376641639,0.1116367694540125,0.014695548442521,0.0151076144718408,0.0287141697370886,0.0970883841765722,0.1276001218212273,0.0986719048651244,0.0486153742888843,,0.2173190580489533,0.4358701618186702,0.305148545412722,0.9095190780852468,,0.9753032455469348,0.5809108527131783,0.9027195720017832,11215.0,0.9403846153846154,0.4981132075471698,0.7910828025477707,785.0,0.0937613212525527,,False,interfair/training/shared/runs/confirmation/joint/mlp/hmda_oh/1007/hifi_erm/selected.pt,63b62885561ac38dba638486a1b4c44a95f9788df285318b03fa0d82ced2920b,interfair/training/shared/runs/confirmation/joint/mlp/hmda_oh/1007/hifi_erm/DONE.json,ae11c68fdaa4aa698a7d61c17b59a86b637c55b47fa0d0c368c72be30d4b9a5d,interfair/training/shared/runs/confirmation/joint/mlp/hmda_oh/1007/hifi_erm/audit.npz,056bf689e564f279e6dc3fa723f9a35cb83e9b02fa4a14e28e59d9151584aa77,20.0,6.9509412460029125,cpu,confirmation,HIFI native objective/schedule; shared architecture and batch,13.0,race and sex; unclassified sex classification-only,0.0430483264925455,0.0992632693861011,,,,,,,,,,,,,,,,,,,,,,,,,,,,,,,,,,,,,,,,,,,,,,,,,,,,,,,,,,,0.3682947881849328,0.8890052836169553,0.046072057492721,0.1032623046253063,0.2433956629797887,0.0784815341984837,0.2715464203150215,0.1893163759670134,0.0246818486668232,0.0415506893455477,0.0784815341984837,0.0328771812219708,0.5837869494354981,0.2304812381980228,0.4943657878786381,0.1880171659214453,0.4491918119319333,0.1625702785977484,0.0047846889952153,probability,,,,
hmda_oh,mlp,1008,hifi_erm,0.8351782222496698,0.9451582360308086,0.9227465716656092,0.8680833333333333,0.1045807588257065,0.3570635131037654,0.1338196577446248,0.0855385201460697,0.1278656031077577,0.0297696559219542,0.0194571349962572,0.0563573346655842,0.115539265021989,0.139409167047358,0.1149564536378989,0.0538306840928687,,0.206937118917585,0.4899534464497369,0.3492253836498243,0.9266498225067872,,0.979565074855207,0.6017441860465116,0.9100312082032992,11215.0,0.9423076923076924,0.4679245283018868,0.7821656050955414,785.0,0.0899414870448733,,False,interfair/training/shared/runs/confirmation/joint/mlp/hmda_oh/1008/hifi_erm/selected.pt,64cad825e18b7d80a74c4a33babd95ca84a56ba6c1261c463f49b09913df05e1,interfair/training/shared/runs/confirmation/joint/mlp/hmda_oh/1008/hifi_erm/DONE.json,d7ba4d24bb9b718e36efc46fee5c49a5467b0c4d9a98a48ee154376e12883722,interfair/training/shared/runs/confirmation/joint/mlp/hmda_oh/1008/hifi_erm/audit.npz,bd66278a8a75dfb8407f5f6352d33968378f2b6357b39b413b7e96782f1bede4,20.0,6.794272782979533,cpu,confirmation,HIFI native objective/schedule; shared architecture and batch,13.0,race and sex; unclassified sex classification-only,0.0423735902129145,0.0969149459201724,,,,,,,,,,,,,,,,,,,,,,,,,,,,,,,,,,,,,,,,,,,,,,,,,,,,,,,,,,,0.4396990413579406,0.9022464936907102,0.0500277651731312,0.116160406228395,0.2177776694765366,0.080821316398296,0.3146252816721924,0.2916748223272614,0.0226805112667604,0.0371212415081446,0.080821316398296,0.0394457502239288,0.653216358744675,0.2686470867750652,0.5228779212370728,0.1667433722464674,0.4453947347239353,0.1334324753440212,0.0011961722488038,probability,,,,
hmda_oh,mlp,1009,hifi_erm,0.842618854161954,0.947968782401172,0.9217827626918536,0.8675,0.1018426634794738,0.341530414128756,0.215255228901565,0.1439679051293968,0.1814840792728119,0.0674868812339489,0.0501164815059061,0.1175263848123399,0.168938606712032,0.1971392912273787,0.1612401883411858,0.0618656028844632,,0.2226377284966608,0.4476994442728664,0.3446791363994364,0.9149357923231194,,0.9726805813572288,0.5775193798449613,0.8999554168524297,11215.0,0.9,0.3622641509433962,0.7184713375796178,785.0,0.1034648057888227,,False,interfair/training/shared/runs/confirmation/joint/mlp/hmda_oh/1009/hifi_erm/selected.pt,66f97d959c2bde9134f762213ea110765c5203b5fba7c73b8718d5fe8c497979,interfair/training/shared/runs/confirmation/joint/mlp/hmda_oh/1009/hifi_erm/DONE.json,ae556f4f618aa7d8c4c05d4657ff724b3401e63bdc9e0b6087a355ceb84ffc1c,interfair/training/shared/runs/confirmation/joint/mlp/hmda_oh/1009/hifi_erm/audit.npz,25158a4b3a0a1e04f77aa1e26745f7965012d310ba57f7614443066bffecce98,20.0,6.389515769958962,cpu,confirmation,HIFI native objective/schedule; shared architecture and batch,13.0,race and sex; unclassified sex classification-only,0.0444308783642646,0.1015847053685013,,,,,,,,,,,,,,,,,,,,,,,,,,,,,,,,,,,,,,,,,,,,,,,,,,,,,,,,,,,0.4228471062223376,0.8955558321790912,0.058957272905981,0.1695612634421146,0.2515129578239642,0.0840327409291732,0.323739677010239,0.2236139925198601,0.0259318347135753,0.0563775439621343,0.0840327409291732,0.0367125539402437,0.622413820862651,0.2521989613008438,0.538254004271771,0.1903194655574988,0.4812890542384354,0.1600287028866868,0.0011961722488038,probability,,,,
hmda_oh,mlp,1000,hifi_shared,0.8522610724080293,0.9516517022565903,0.9237354851407203,0.8708333333333333,0.0989140720240298,0.3293571157536752,0.1705316659353517,0.1154763816256619,0.1606816394103666,0.0385312645350563,0.0262516204205653,0.0758633610191719,0.1344970676814121,0.1603977186206515,0.100940988956755,0.0373086445918295,,0.1232394719505678,0.2562316005599099,0.1780501025572065,0.840706704986136,,0.9738826357775108,0.562984496124031,0.8982612572447615,11215.0,0.9134615384615384,0.3924528301886792,0.7375796178343949,785.0,0.1713528357324242,,False,interfair/training/shared/runs/confirmation/joint/mlp/hmda_oh/1000/hifi_shared/selected.pt,837f3914492e04c22913ae308c71a520a72523cc9709852e359358c9ac6a816a,interfair/training/shared/runs/confirmation/joint/mlp/hmda_oh/1000/hifi_shared/DONE.json,0fd9c5c731b4640c12de4f2755f4eedfe380eb525cb631d47e7ea0f3a04d15b3,interfair/training/shared/runs/confirmation/joint/mlp/hmda_oh/1000/hifi_shared/audit.npz,19de2a2ac41940fd2375607c8326db13f1fd6f42bd027a45c52710a14a16f382,40.0,64.04947102500591,cpu,confirmation,HIFI native objective; shared architecture fitting and validation selector,13.0,race and sex; unclassified sex classification-only,0.0419856077011763,0.0907736255384637,,,,,,,,,,,,,,,,,,,,,,,,,,,,,,,,,,,,,,,,,,,,,,,,,,,,,,,,,,,0.2246395584638001,0.7971559019294623,0.0336477847765227,0.094701812100745,0.1164559776101741,0.0707549140984294,0.1462465382007179,0.0605858789149836,0.0108080942059789,0.0159982328044562,0.0707549140984294,0.0506057406489357,0.4402892092339112,0.1927461552809794,0.3310019136060128,0.1316264526713877,0.2662588037879553,0.1050431794224033,0.0191190232386984,probability,,,,
hmda_oh,mlp,1001,hifi_shared,0.8511826112151173,0.9508490912638508,0.9230021388294768,0.868,0.0995120327482658,0.330835310224604,0.1834905660377358,0.115608059680519,0.1487185894687221,0.0475634234937462,0.0314304253485482,0.0937082370573908,0.1423650399526681,0.1767678260583965,0.0782566591771936,0.0255135418117384,,0.0846753880675582,0.1671852818697365,0.1001181978265687,0.7707015842024867,,0.9842640148617636,0.625,0.9181453410610788,11215.0,0.9365384615384617,0.4415094339622641,0.7694267515923567,785.0,0.2441608494024255,,False,interfair/training/shared/runs/confirmation/joint/mlp/hmda_oh/1001/hifi_shared/selected.pt,b7771470ab7e26b8475310d4ad006807102b0892b056508a5fe1ade2ac558cc2,interfair/training/shared/runs/confirmation/joint/mlp/hmda_oh/1001/hifi_shared/DONE.json,a34af08e1333a1815bad6e13f398a30775a0a96536655f7cf789a675daf6438c,interfair/training/shared/runs/confirmation/joint/mlp/hmda_oh/1001/hifi_shared/audit.npz,a5b8c568b46e1d709baca5f03865b96de0dce266bc54f929790d0d53e8f67a7c,40.0,60.95139928295976,cpu,confirmation,HIFI native objective; shared architecture fitting and validation selector,13.0,race and sex; unclassified sex classification-only,0.0332228177828334,0.0707675339439,,,,,,,,,,,,,,,,,,,,,,,,,,,,,,,,,,,,,,,,,,,,,,,,,,,,,,,,,,,0.1462132915241102,0.7294210115866887,0.0217305209268039,0.0734036938924882,0.090573886900127,0.0527957562443913,0.0929254589832765,0.0357254321498754,0.0094005976720686,0.0172545342956414,0.0527957562443913,0.0351165944789768,0.3835283943880821,0.1830531669624295,0.3024264256583031,0.1317053007425725,0.2564971307623929,0.1016914487139403,0.0401091059192128,probability,,,,
hmda_oh,mlp,1002,hifi_shared,0.8513647300168681,0.950869907613223,0.9235808927785656,0.86975,0.0988978439018575,0.3292854432405495,0.1751243235337135,0.1209417629874043,0.1626427299652706,0.0389562008068415,0.0254376532708588,0.0760413414101043,0.1309532181027873,0.1674746280421716,0.0823710986629106,0.0316059019689489,,0.0991062960931593,0.2003568527699104,0.1263742122571354,0.7938483584269611,,0.9802207409026336,0.5939922480620154,0.9091395452518948,11215.0,0.9134615384615384,0.4188679245283019,0.7464968152866241,785.0,0.2327554990667431,,False,interfair/training/shared/runs/confirmation/joint/mlp/hmda_oh/1002/hifi_shared/selected.pt,b9a877b5dae1bfe9c3c450e6ac414b596a5e1d3615dee4a2a5218bb3e5f8e504,interfair/training/shared/runs/confirmation/joint/mlp/hmda_oh/1002/hifi_shared/DONE.json,57e5ada02f1d0931f47451fe2a5e0df849c197f761c888cdda941e37886359bc,interfair/training/shared/runs/confirmation/joint/mlp/hmda_oh/1002/hifi_shared/audit.npz,3e15728019a20c7afba8c74021aeb2cf7382c0b8330f9ece3a8eac7bff83506c,40.0,64.36468031501863,cpu,confirmation,HIFI native objective; shared architecture fitting and validation selector,13.0,race and sex; unclassified sex classification-only,0.0478001398559502,0.0749863970698589,,,,,,,,,,,,,,,,,,,,,,,,,,,,,,,,,,,,,,,,,,,,,,,,,,,,,,,,,,,0.1697188531530065,0.7428058713117448,0.0272920049668216,0.0819139401380802,0.0902916910710859,0.0653305178113898,0.1055902594195844,0.0509911114591266,0.0104653175376022,0.0172029803998039,0.0653305178113898,0.0455073885745044,0.3789852351043394,0.1875264011420915,0.2925370303271218,0.1452133509915955,0.246919281039228,0.1217695241024303,0.0300037675021006,probability,,,,
hmda_oh,mlp,1003,hifi_shared,0.8497686820392636,0.950443994021981,0.9250171082217226,0.8721666666666666,0.0991409345893409,0.3308717084298215,0.1096972356296621,0.0749305970856968,0.1249231153681232,0.0488958892661479,0.0341716342176853,0.0935177668144632,0.0962605898944477,0.1443459125693829,0.0906465220890037,0.0338221204771289,,0.1142060385863317,0.2288382928520439,0.1430775409789745,0.8320753220036929,,0.9805485739263468,0.5813953488372093,0.9070887204636648,11215.0,0.9403846153846154,0.4716981132075472,0.7821656050955414,785.0,0.1793880708684908,,False,interfair/training/shared/runs/confirmation/joint/mlp/hmda_oh/1003/hifi_shared/selected.pt,b008ecd24f43c95da7896cefed69103456c62d5434ec80b7697cd63dc6fa43ab,interfair/training/shared/runs/confirmation/joint/mlp/hmda_oh/1003/hifi_shared/DONE.json,611ac8c06a5b4956ce715a2762168402d5f6020c38e3b5a3febce019c7a3d166,interfair/training/shared/runs/confirmation/joint/mlp/hmda_oh/1003/hifi_shared/audit.npz,5f568ef0b78a5e3e4498f54d8b539669241bbf66c82dea468f5b3702dd0f8246,40.0,64.88387997198151,cpu,confirmation,HIFI native objective; shared architecture fitting and validation selector,13.0,race and sex; unclassified sex classification-only,0.0335770048131385,0.0791785763447036,,,,,,,,,,,,,,,,,,,,,,,,,,,,,,,,,,,,,,,,,,,,,,,,,,,,,,,,,,,0.1914817557094789,0.7613086349751652,0.028155237096585,0.0924397976968047,0.1116677592465015,0.0688075284945872,0.139009546917486,0.0591405151016544,0.0121542658360877,0.0151353397900713,0.0688075284945872,0.0458647879903882,0.4528877915877461,0.2188906450032661,0.3610830876363259,0.1613970230213613,0.3061404543198373,0.1296735818708279,0.0303978727284152,probability,,,,
hmda_oh,mlp,1004,hifi_shared,0.8523025619302711,0.9519203102267584,0.9242158581726088,0.8703333333333333,0.0994291865577473,0.3306163226405977,0.1627596167909901,0.1099956385275529,0.1506041442449402,0.0414591348723694,0.0295285191949615,0.0802504215325048,0.1353203139830969,0.1657092652806515,0.0798397908343039,0.0277407888861914,,0.0821645259362164,0.1777082436386137,0.117559029505234,0.7852971838483137,,0.9841547371871928,0.6080426356589147,0.9149353544360233,11215.0,0.926923076923077,0.4452830188679245,0.7643312101910829,785.0,0.2280879960240824,,False,interfair/training/shared/runs/confirmation/joint/mlp/hmda_oh/1004/hifi_shared/selected.pt,59308a06cfe3c82321462415b4d38fdf938a44f56b97b36698ca8fa79b330293,interfair/training/shared/runs/confirmation/joint/mlp/hmda_oh/1004/hifi_shared/DONE.json,4a36bb0299684919d67912a32caadd33d77129c44343b9138de110b7ffe8047f,interfair/training/shared/runs/confirmation/joint/mlp/hmda_oh/1004/hifi_shared/audit.npz,3a9b1b18b841c70c0e6eaa431400d2f47ce1a6ce2bfb3668038667943bae1481,40.0,65.3364312699996,cpu,confirmation,HIFI native objective; shared architecture fitting and validation selector,13.0,race and sex; unclassified sex classification-only,0.0383521515339446,0.0747272351575238,,,,,,,,,,,,,,,,,,,,,,,,,,,,,,,,,,,,,,,,,,,,,,,,,,,,,,,,,,,0.1492978175727932,0.7270827136910862,0.0236665200444416,0.0697771448122778,0.0854749477149022,0.0592274304772186,0.1076570637115429,0.0530081710485201,0.0107361311154721,0.0165839938279097,0.0592274304772186,0.0387102431226304,0.4091150323017696,0.208680190480598,0.3158024919081097,0.1510947466209894,0.2611493414385211,0.119389277483912,0.0361624205437573,probability,,,,
hmda_oh,mlp,1005,hifi_shared,0.8517797362331927,0.9513093723448004,0.9231749767122616,0.8694166666666666,0.0992069156598594,0.3296509866588175,0.1454951001901419,0.0994070997029322,0.1453819526282759,0.03183762107104,0.021450779081069,0.0611034784237807,0.1182992071211347,0.1488939186289574,0.0843418308431413,0.0292912129740186,,0.0979401561836814,0.1945978236901342,0.1042484749610929,0.7960707485207492,,0.9763960222926455,0.5794573643410853,0.9033437360677664,11215.0,0.9230769230769232,0.4339622641509434,0.7579617834394905,785.0,0.2147394803715886,,False,interfair/training/shared/runs/confirmation/joint/mlp/hmda_oh/1005/hifi_shared/selected.pt,f302b640310d4b3c0e7bcc742bbb195c16299de085f86e7fee4f32a82b551f12,interfair/training/shared/runs/confirmation/joint/mlp/hmda_oh/1005/hifi_shared/DONE.json,63e93da3af8f37dce9a1e18ce34f0ebb373d7d37a03e7013284f0530a37cd124,interfair/training/shared/runs/confirmation/joint/mlp/hmda_oh/1005/hifi_shared/audit.npz,61b5df032c21eef050e56bcf3890e81d14c91c556e54d8747fc8fe84b1a2c3b0,40.0,65.99151673796587,cpu,confirmation,HIFI native objective; shared architecture fitting and validation selector,13.0,race and sex; unclassified sex classification-only,0.0336424757196768,0.0859886657932219,,,,,,,,,,,,,,,,,,,,,,,,,,,,,,,,,,,,,,,,,,,,,,,,,,,,,,,,,,,0.1580484878170634,0.7273131270652022,0.0252547371309825,0.080332712928866,0.0833410822673429,0.0679091075409498,0.0984316476067165,0.056534203146464,0.0123627906895257,0.0186555127103992,0.0679091075409498,0.0443020237453983,0.4314620666745959,0.2278748440818366,0.3171230504252162,0.1616359976262376,0.2675797528987957,0.1335145729766326,0.038504621525728,probability,,,,
hmda_oh,mlp,1006,hifi_shared,0.8486614068282298,0.95014157703778,0.924401160788943,0.8719166666666667,0.0994336324569818,0.3316071646677114,0.1307554482960362,0.0910537746847395,0.1422230804399248,0.0530944863420534,0.0370832371865168,0.1012364953475301,0.110060382405367,0.153653890366867,0.112435228972902,0.0417145005554365,,0.1409476302058838,0.279714901985846,0.1842499916133154,0.867669230980296,,0.974429024150366,0.5571705426356589,0.8976370931787784,11215.0,0.9230769230769232,0.4264150943396226,0.7554140127388536,785.0,0.1572875842664168,,False,interfair/training/shared/runs/confirmation/joint/mlp/hmda_oh/1006/hifi_shared/selected.pt,910741380bda8fccfd5c9883b973e4b182bf03af181c9e045da6a5b88d1c9619,interfair/training/shared/runs/confirmation/joint/mlp/hmda_oh/1006/hifi_shared/DONE.json,b0024f8252eb52ad6efa20f570792b62a759c1cb86d055e53df026d14b2f69de,interfair/training/shared/runs/confirmation/joint/mlp/hmda_oh/1006/hifi_shared/audit.npz,0f4b69dc95eb4d2bf10cdfca358888427a534379e8a586a2b1960031ca690e4f,40.0,64.13193242897978,cpu,confirmation,HIFI native objective; shared architecture fitting and validation selector,13.0,race and sex; unclassified sex classification-only,0.039997954649849,0.0859165280350403,,,,,,,,,,,,,,,,,,,,,,,,,,,,,,,,,,,,,,,,,,,,,,,,,,,,,,,,,,,0.2367142019367009,0.8240554063306662,0.0366116751419259,0.1154694516096711,0.1407734941304549,0.0729216165786874,0.1689386172283342,0.1041255717375413,0.0169416364479615,0.02735986480171,0.0729216165786874,0.0410135836145729,0.4758132018563897,0.2334234949295827,0.3963852359997475,0.1728303694948363,0.3507726596678055,0.1393274703942434,0.0059384678070593,probability,,,,
hmda_oh,mlp,1007,hifi_shared,0.8534598509955643,0.951862029538272,0.9240456897393342,0.8703333333333333,0.0992857633360993,0.3296666838130268,0.1388419628492028,0.0906830545061477,0.1342350298593501,0.0415051931254218,0.030906989246377,0.0781458814713045,0.1016525593268818,0.1491214241140341,0.079921804575275,0.0285072556330754,,0.0735367624167136,0.1830776559457214,0.120336510996793,0.7771867713405205,,0.9809856846246312,0.5954457364341085,0.9100312082032992,11215.0,0.9384615384615383,0.4566037735849056,0.7757961783439491,785.0,0.2513571616860269,,False,interfair/training/shared/runs/confirmation/joint/mlp/hmda_oh/1007/hifi_shared/selected.pt,6e560de1608b064a328bec5d6b5780d98414a62ece2b11c5ce9d3dbc9d67e92e,interfair/training/shared/runs/confirmation/joint/mlp/hmda_oh/1007/hifi_shared/DONE.json,762b45275b064c3900c4826562a4a55ae60d96a6ba18bff34a61dcc73f93ff77,interfair/training/shared/runs/confirmation/joint/mlp/hmda_oh/1007/hifi_shared/audit.npz,3c512ede957a6821971c3701dca3e91f1c4e0906eb1cc3a501b4abdd9fac6669,40.0,64.57011673599482,cpu,confirmation,HIFI native objective; shared architecture fitting and validation selector,13.0,race and sex; unclassified sex classification-only,0.0357703753499792,0.0745961226013939,,,,,,,,,,,,,,,,,,,,,,,,,,,,,,,,,,,,,,,,,,,,,,,,,,,,,,,,,,,0.1592595203074633,0.7176414636946432,0.0252562917279828,0.0855962865946741,0.0666873159077702,0.0659111311280276,0.1229707645115274,0.0401208749200262,0.0096635140249242,0.017998947397947,0.0659111311280276,0.0474176456385815,0.3885715530780956,0.2117057532767285,0.287633874465828,0.1447610272084055,0.2335919600080541,0.1136199362982876,0.0457894598840128,probability,,,,
hmda_oh,mlp,1008,hifi_shared,0.8481495917266741,0.9499008783022138,0.9230238177424922,0.8699166666666667,0.1000610130896229,0.3331909005542922,0.1324886646189849,0.0959411708223073,0.1484908462562935,0.0441341099012085,0.0352127935003179,0.0786954349590957,0.1182124104719513,0.1715029395342726,0.1170420608117999,0.0401501598904525,,0.1800933850227927,0.2546091517292779,0.1743114964119443,0.8590033735937823,,0.9709321385640912,0.5513565891472868,0.8937137761925992,11215.0,0.9115384615384616,0.4188679245283019,0.7452229299363057,785.0,0.1621909449745987,,False,interfair/training/shared/runs/confirmation/joint/mlp/hmda_oh/1008/hifi_shared/selected.pt,e9f16385c64ef17792b4c7edfc4c5edaa0677835e4a7edd96a29850b9c1620d5,interfair/training/shared/runs/confirmation/joint/mlp/hmda_oh/1008/hifi_shared/DONE.json,0574ff17c5c38193bdae79c0ce3410c755d36a9b2ab49bfd02060823ed2f1763,interfair/training/shared/runs/confirmation/joint/mlp/hmda_oh/1008/hifi_shared/audit.npz,3b437b7d1a146325963a2a0a2a6af06f62179eebcd8a510982c0e2d3a5187c67,40.0,64.80717162700603,cpu,confirmation,HIFI native objective; shared architecture fitting and validation selector,13.0,race and sex; unclassified sex classification-only,0.0397088613660443,0.0963720747517602,,,,,,,,,,,,,,,,,,,,,,,,,,,,,,,,,,,,,,,,,,,,,,,,,,,,,,,,,,,0.2299085445985929,0.8089366439397737,0.0344241833386734,0.1145700259899443,0.2044574965144873,0.0693788154408269,0.1500711559811967,0.0728286743578233,0.0160159045763227,0.0281540641229072,0.0693788154408269,0.0402014565120007,0.5463322137949728,0.2076164821730009,0.4520650523987086,0.1574273047950808,0.3951853547071223,0.1347506628587963,0.0166882821623074,probability,,,,
hmda_oh,mlp,1009,hifi_shared,0.8504622829608504,0.9512077469128376,0.9226991454670465,0.8688333333333333,0.099441796000153,0.3302887713501651,0.2025833698990785,0.1430626557555882,0.1845157333075868,0.0533150821074976,0.0367424489871279,0.1015674764254043,0.1659617557407384,0.2076953394423095,0.0877615180074236,0.0318503627677333,,0.1204475571513968,0.2207327281294273,0.1369468581055349,0.8288632839097859,,0.9758496339197902,0.5799418604651163,0.9029870708872046,11215.0,0.8923076923076924,0.3773584905660377,0.7184713375796178,785.0,0.1793183406334054,,False,interfair/training/shared/runs/confirmation/joint/mlp/hmda_oh/1009/hifi_shared/selected.pt,6d00d4801193d47d5970a32bc5222525ba0e9aa10243847288dd8d8dfb614225,interfair/training/shared/runs/confirmation/joint/mlp/hmda_oh/1009/hifi_shared/DONE.json,172fcf3ba9a3d98b29027deb7a823941c62196b33e7c8e4c2ba4a54b613822c6,interfair/training/shared/runs/confirmation/joint/mlp/hmda_oh/1009/hifi_shared/audit.npz,765cc7dc501bdae3014c94cd6a19cbb874cd2d93e3d7f45f596d7a9003defef4,40.0,61.685204130015336,cpu,confirmation,HIFI native objective; shared architecture fitting and validation selector,13.0,race and sex; unclassified sex classification-only,0.0433194719731373,0.0819437623151059,,,,,,,,,,,,,,,,,,,,,,,,,,,,,,,,,,,,,,,,,,,,,,,,,,,,,,,,,,,0.2122529428278785,0.8021086709482155,0.0312474646032345,0.0909759933687161,0.1341242228964278,0.0641866257415488,0.1279692323443154,0.0697951693108854,0.0127865321593261,0.0229973489659832,0.0641866257415488,0.0403861083597906,0.4573524282442676,0.1876077629674199,0.3642914401642364,0.1330439991862376,0.316114238501563,0.1071583919290795,0.0209364177074636,probability,,,,
hmda_oh,mlp,1000,reweighing,0.8512639031522226,0.9512754838689732,0.9237069175644712,0.8695833333333334,0.0996536941569819,0.3304748481027879,0.0794335966066988,0.0492764933345775,0.0984770737552924,0.0406336018034929,0.0234850759855844,0.0769593455317555,0.0647875568325548,0.0935675107563963,0.0482508623348795,0.0224359612494803,,0.098640016149462,0.1736398148745435,0.1176908117156463,0.781394722450716,,0.980657851600918,0.5964147286821705,0.9099420419081587,11215.0,0.9615384615384616,0.5169811320754717,0.8114649681528663,785.0,0.2181144763028063,,False,interfair/training/shared/runs/confirmation/joint/mlp/hmda_oh/1000/reweighing/selected.pt,a230bd4a7f99cdf19241bc6e271645e9b6de2ecf67aa939dc6b4071f0326132a,interfair/training/shared/runs/confirmation/joint/mlp/hmda_oh/1000/reweighing/DONE.json,26c59267692dd0f5b72254a4511e67eb7a5de3c823586a32613243543648a040,interfair/training/shared/runs/confirmation/joint/mlp/hmda_oh/1000/reweighing/audit.npz,b854e9bdd1618785eb829312ad95ddabab19fee07655853a9b08ec6004bf2eff,40.0,12.093812775041442,cpu,confirmation,shared architecture/task training with method preprocessing,13.0,race and sex; unclassified sex classification-only,0.0299702196192944,0.0653559333968348,,,,,,,,,,,,,,,,,,,,,,,,,,,,,,,,,,,,,,,,,,,,,,,,,,,,,,,,,,,0.152474102374071,0.7248118275332173,0.0204127576041311,0.0542393705903153,0.0976765842161555,0.0506917742870534,0.1045378495398907,0.0369330223915112,0.0100553582151772,0.0151965225973101,0.0506917742870534,0.0316707979242853,0.4901680667983483,0.2459770238423126,0.3786928834530945,0.1727995408160743,0.3104765805510798,0.1269665331085677,0.0356744856072603,probability,,,,
hmda_oh,mlp,1001,reweighing,0.8510648910779058,0.9505909469360396,0.9234356781966576,0.8686666666666667,0.0996872255061029,0.3321121215340817,0.086523694602896,0.0534445301524184,0.0993556741284278,0.028429339220689,0.0190438175299428,0.0541372634734278,0.0689872475931134,0.0960947990641915,0.0472671047586077,0.0255352429459736,,0.1311825344708033,0.2091606115596201,0.1273589639954866,0.8199324173877895,,0.9838269041634794,0.6148255813953488,0.915916183682568,11215.0,0.9634615384615384,0.5283018867924528,0.8165605095541402,785.0,0.1827097135137118,,False,interfair/training/shared/runs/confirmation/joint/mlp/hmda_oh/1001/reweighing/selected.pt,a5dd0582df07596ab6db2a377f1b965e6a8ec522c48ef301f72c849366e0ea5c,interfair/training/shared/runs/confirmation/joint/mlp/hmda_oh/1001/reweighing/DONE.json,83c38ca26e19b624368870ca967a5e3d75fee6282a7b4d579818d5ff85973a71,interfair/training/shared/runs/confirmation/joint/mlp/hmda_oh/1001/reweighing/audit.npz,89d8e4f937303819dcb3c174bf562f1ceaa76a3db8f0ef7d4bbf1aa8c558bdbb,40.0,11.695116950955708,cpu,confirmation,shared architecture/task training with method preprocessing,13.0,race and sex; unclassified sex classification-only,0.0352976779297157,0.0648549385520274,,,,,,,,,,,,,,,,,,,,,,,,,,,,,,,,,,,,,,,,,,,,,,,,,,,,,,,,,,,0.1986915275750908,0.7912183984379588,0.0238818410465087,0.0474494142682618,0.1257659382013027,0.051634972557787,0.1213773080432673,0.0582569318921082,0.0102734853752965,0.0101572416986515,0.051634972557787,0.0327233250955934,0.4351856545244397,0.1701089565400966,0.3343111586408461,0.1199881561729214,0.2790695583878981,0.0958579353094232,0.0217023168509977,probability,,,,
hmda_oh,mlp,1002,reweighing,0.8517503006491945,0.9510941717268026,0.924059270813024,0.8701666666666666,0.0991875200170916,0.3300143560360164,0.0954969284774023,0.058597530755181,0.1055598308680082,0.0374332051538571,0.0181765297776108,0.0666520951726722,0.065388311908282,0.1141820212171971,0.049220606887303,0.0256171403131582,,0.1016134929816642,0.1992742805045363,0.1197790493439154,0.8068259518253289,,0.9813135176483444,0.5973837209302325,0.9106553722692822,11215.0,0.9596153846153846,0.5018867924528302,0.8050955414012739,785.0,0.2171685867285973,,False,interfair/training/shared/runs/confirmation/joint/mlp/hmda_oh/1002/reweighing/selected.pt,6722f9a274967da880071289fabdd7c7c31fa27c5566775c581c142ac4bf1a47,interfair/training/shared/runs/confirmation/joint/mlp/hmda_oh/1002/reweighing/DONE.json,4dd684c9b5cf5de73b06cd6d8e395c5cda8cde208c9d86cb82445d513592df8c,interfair/training/shared/runs/confirmation/joint/mlp/hmda_oh/1002/reweighing/audit.npz,6c7058bbc5389076b76a6bf09281d87af9442c803e521514031a0bd18f5f22fd,40.0,12.06874560198048,cpu,confirmation,shared architecture/task training with method preprocessing,13.0,race and sex; unclassified sex classification-only,0.0408554769817539,0.0684549785242461,,,,,,,,,,,,,,,,,,,,,,,,,,,,,,,,,,,,,,,,,,,,,,,,,,,,,,,,,,,0.1737805196924236,0.7574531664644457,0.0231257581109535,0.0462153055007523,0.1010591161794993,0.0571204344469571,0.0994386565911323,0.0399820696153484,0.0086532441627251,0.0081166089903987,0.0571204344469571,0.0409733772886964,0.3948540435574034,0.1774911663169653,0.3030149716258308,0.1293994973807545,0.2476767259249293,0.1034799430334259,0.0342887755867699,probability,,,,
hmda_oh,mlp,1003,reweighing,0.8495732661675167,0.9503543309208754,0.9245521806853584,0.8708333333333333,0.099400964158146,0.3312096983156777,0.0705353225098727,0.0430355176472599,0.0930629190318925,0.0504736182170089,0.0340169713516846,0.0978673577718104,0.0626644825267238,0.1116645318093736,0.0644116843932706,0.0264684436528467,,0.0968324685350582,0.1996735888367449,0.1104561733870024,0.7995400069466994,,0.9828434050923396,0.5988372093023255,0.9121711992866696,11215.0,0.9673076923076924,0.5283018867924528,0.8191082802547771,785.0,0.2267445745392249,,False,interfair/training/shared/runs/confirmation/joint/mlp/hmda_oh/1003/reweighing/selected.pt,471b270aadfa5119288c99d51b744d57f41c695925576edca6954449b13dce55,interfair/training/shared/runs/confirmation/joint/mlp/hmda_oh/1003/reweighing/DONE.json,566bf4b40413549f07711c19639ebfb4957ff5cdb04199aea1699e30c443792d,interfair/training/shared/runs/confirmation/joint/mlp/hmda_oh/1003/reweighing/audit.npz,1ad3383b2bfb02d098564ab446d5845d6ec51ecd973cc7d77340f75035e811e8,40.0,12.56602184503572,cpu,confirmation,shared architecture/task training with method preprocessing,13.0,race and sex; unclassified sex classification-only,0.0306621031336709,0.0718801161806835,,,,,,,,,,,,,,,,,,,,,,,,,,,,,,,,,,,,,,,,,,,,,,,,,,,,,,,,,,,0.1698064777526146,0.7413997562307411,0.0227641356541087,0.0590955710383788,0.1023660237657376,0.0580604478766982,0.1024595548329246,0.0460649337655958,0.0113009547068236,0.013643356854433,0.0580604478766982,0.0367375434831864,0.456460708510492,0.2475949003166792,0.3769966775382269,0.179610522156474,0.3216812046507051,0.1473572210850074,0.0337981444607258,probability,,,,
hmda_oh,mlp,1004,reweighing,0.8516760013281975,0.9514716461614916,0.923809986872174,0.8694166666666666,0.0998785044778543,0.3318797500589873,0.0419025157232704,0.0268506761681674,0.0801201757200745,0.0318262773126614,0.0239202515871366,0.0626459751451945,0.0371784351350693,0.0890399710973166,0.0487282724269766,0.0226128914691469,,0.0854110672317594,0.1866046147080049,0.1287998016565916,0.794516407973152,,0.9829526827669108,0.6041666666666666,0.9132411948283548,11215.0,0.971153846153846,0.5622641509433962,0.8331210191082803,785.0,0.202710612846299,,False,interfair/training/shared/runs/confirmation/joint/mlp/hmda_oh/1004/reweighing/selected.pt,952e116e86dd0ce91aa569503d9ffd8aa9b8fe9999bfc82e86bd69853b40f82b,interfair/training/shared/runs/confirmation/joint/mlp/hmda_oh/1004/reweighing/DONE.json,4e77a165f1d81fce178ec711ebb47cd4ce96dbd96a59c5a94e528d9937d24540,interfair/training/shared/runs/confirmation/joint/mlp/hmda_oh/1004/reweighing/audit.npz,4b0fcefe55981888cace21e6c3fdfe987b5325ca1275ddac69358b3c660822b3,40.0,11.915065030974802,cpu,confirmation,shared architecture/task training with method preprocessing,13.0,race and sex; unclassified sex classification-only,0.0325793206368995,0.0708559330123631,,,,,,,,,,,,,,,,,,,,,,,,,,,,,,,,,,,,,,,,,,,,,,,,,,,,,,,,,,,0.1598822155383271,0.7441382911014122,0.0203260964526894,0.0443262819565239,0.0737273044516805,0.0549735983362596,0.1185095668995293,0.0414392633479391,0.0085679358871933,0.0093049130565082,0.0549735983362596,0.0386740719048017,0.3796361963651306,0.187610620972308,0.2873683450713108,0.1325839237678365,0.2303134574007475,0.1022672111893029,0.028321421526909,probability,,,,
hmda_oh,mlp,1005,reweighing,0.8503834772872503,0.9507509087807682,0.9230542886567604,0.86925,0.099523400342351,0.3307738826656803,0.046590244259178,0.034493456905948,0.0930509923299948,0.0229883575507529,0.0187602413436196,0.044826078810966,0.0420819676159839,0.0893010805662298,0.068166654894944,0.028709083230703,,0.1120941105705932,0.2163964909522333,0.139145141414291,0.8169028384558852,,0.974319746475795,0.5673449612403101,0.8994204190815872,11215.0,0.9519230769230768,0.5207547169811321,0.8063694267515924,785.0,0.1933649320528009,,False,interfair/training/shared/runs/confirmation/joint/mlp/hmda_oh/1005/reweighing/selected.pt,9b39ebd126879fa9d12ba80816128fb45697767ebc32501fb0b18951a70884e8,interfair/training/shared/runs/confirmation/joint/mlp/hmda_oh/1005/reweighing/DONE.json,70e96da2f1f5fb951cff62cb1e79e5d5e700ea5ccce4c6cbc9b68085105a6cd1,interfair/training/shared/runs/confirmation/joint/mlp/hmda_oh/1005/reweighing/audit.npz,4b144dd5a03de773e481dc2dff5528252cf6b52f242fd4492809ecf6d9a01d04,40.0,12.789244512969162,cpu,confirmation,shared architecture/task training with method preprocessing,13.0,race and sex; unclassified sex classification-only,0.0280626132111914,0.0818816525761291,,,,,,,,,,,,,,,,,,,,,,,,,,,,,,,,,,,,,,,,,,,,,,,,,,,,,,,,,,,0.181093499207855,0.7637804990679946,0.0251506326908783,0.0671641475903539,0.1158432181367717,0.0631234459835921,0.1247151707322974,0.0522992179377522,0.0117979269090109,0.0170881321381121,0.0631234459835921,0.0409752566844913,0.4561542867393515,0.19867184882275,0.3402594224540256,0.1424963036812444,0.2875142030029616,0.1152001997723031,0.0221155613146954,probability,,,,
hmda_oh,mlp,1006,reweighing,0.8485171591473696,0.9498148419529824,0.9229403058707448,0.8698333333333333,0.1002337013406955,0.3336699674148057,0.0496471405587245,0.0349398459280934,0.0958923870725909,0.0332976340310524,0.0186531861585345,0.0600199837631924,0.0420025252901017,0.0859725625372038,0.0779504866997302,0.0353977738571079,,0.1495323229740099,0.2729822448744467,0.1962351760473606,0.8656160099802305,,0.9683094743743852,0.5402131782945736,0.8895229603209986,11215.0,0.948076923076923,0.490566037735849,0.7936305732484077,785.0,0.1349565246942922,,False,interfair/training/shared/runs/confirmation/joint/mlp/hmda_oh/1006/reweighing/selected.pt,ef6a977023f181c1669e6b9086af428a14bf9be88e26857b6b4f170fdc6cab7c,interfair/training/shared/runs/confirmation/joint/mlp/hmda_oh/1006/reweighing/DONE.json,86b413af44fe0f0bb4d30545aab5b70cd2544a1f69328e8b3ebefb7c9be74212,interfair/training/shared/runs/confirmation/joint/mlp/hmda_oh/1006/reweighing/audit.npz,7136c6787c19e5915ac7dadd185fa8d10f96e39ffc755cb77da3654f1973e63d,40.0,12.8211409500218,cpu,confirmation,shared architecture/task training with method preprocessing,13.0,race and sex; unclassified sex classification-only,0.0402316967412983,0.0888633595900361,,,,,,,,,,,,,,,,,,,,,,,,,,,,,,,,,,,,,,,,,,,,,,,,,,,,,,,,,,,0.243219036917105,0.8245469171150073,0.0344607241681683,0.0806735174271142,0.1404822575030872,0.0715326259716578,0.1821716492668003,0.1123555877989747,0.0169244785449281,0.0264302601715961,0.0715326259716578,0.039663657376829,0.4744157557947832,0.222394314860945,0.3879406403753859,0.1629520323743651,0.3363075060334143,0.1375705634274094,0.0139713513994395,probability,,,,
hmda_oh,mlp,1007,reweighing,0.8483587930416056,0.9502074425551844,0.9240500122579064,0.8709166666666667,0.0994042345189174,0.3310272487844258,0.1151016527716835,0.0765180683013953,0.1261208970015702,0.0387362350331025,0.030254225844049,0.0719977518266409,0.0821812044826642,0.1310276874568923,0.0773391103925709,0.034579433354347,,0.1389056381494176,0.276718743620072,0.2056545934122352,0.8554302282291647,,0.9763960222926455,0.5717054263565892,0.9019170753455192,11215.0,0.9384615384615383,0.4566037735849056,0.7757961783439491,785.0,0.1643436935731694,,False,interfair/training/shared/runs/confirmation/joint/mlp/hmda_oh/1007/reweighing/selected.pt,c443afaa6c729ccc598d88207fdcbb0f9a1f9e178635a6c3818b98ed3783f561,interfair/training/shared/runs/confirmation/joint/mlp/hmda_oh/1007/reweighing/DONE.json,d7d34032f1db43c15a318804e8b8a35c35780e943aeeecdccc484048d3d9cc4e,interfair/training/shared/runs/confirmation/joint/mlp/hmda_oh/1007/reweighing/audit.npz,ff5ea3d367981d6004e1a2e785e721625b947a35473db93bb9dfe1dfa39a5b93,40.0,12.42309529997874,cpu,confirmation,shared architecture/task training with method preprocessing,13.0,race and sex; unclassified sex classification-only,0.0307345425870185,0.08165740484398,,,,,,,,,,,,,,,,,,,,,,,,,,,,,,,,,,,,,,,,,,,,,,,,,,,,,,,,,,,0.225616395082919,0.7926415183739148,0.0302055477757671,0.069635528804639,0.1264004050486386,0.0659120964416572,0.193895166504816,0.0976096518926834,0.0161274666360451,0.0202082109635574,0.0659120964416572,0.0352690771244584,0.5110751626000265,0.2560486147104843,0.4109027807526653,0.1855171460395326,0.3527516496050222,0.1484822238370236,0.0251745749555168,probability,,,,
hmda_oh,mlp,1008,reweighing,0.8487251839268924,0.9502095124424536,0.9237010606579013,0.8699166666666667,0.0997924005562028,0.3323719078078555,0.0738993710691824,0.0461595869325048,0.0977512487540855,0.0439623896034561,0.0328626299824231,0.0815774683070005,0.0656703787724724,0.1063881498998259,0.0557262913143228,0.0307362975734444,,0.1683106675723213,0.2847495539568906,0.1661167623755455,0.8650578206966395,,0.978035187411212,0.5833333333333334,0.9053945608559965,11215.0,0.9596153846153846,0.5094339622641509,0.8076433121019109,785.0,0.1487677748687951,,False,interfair/training/shared/runs/confirmation/joint/mlp/hmda_oh/1008/reweighing/selected.pt,be932ed520c10140b22c3799918172ae2c6e3045d37a9ad9bc87c7503b12025a,interfair/training/shared/runs/confirmation/joint/mlp/hmda_oh/1008/reweighing/DONE.json,c0f486292f924515e312006fcd6fea9e64234faf4b9544f61400c915e3a32349,interfair/training/shared/runs/confirmation/joint/mlp/hmda_oh/1008/reweighing/audit.npz,686c129c44e278372a69a73e6daddfe15508bfd21bb67cff6281a0f1f8bf9aba,40.0,12.71869259601226,cpu,confirmation,shared architecture/task training with method preprocessing,13.0,race and sex; unclassified sex classification-only,0.0362125544216892,0.0716399947063846,,,,,,,,,,,,,,,,,,,,,,,,,,,,,,,,,,,,,,,,,,,,,,,,,,,,,,,,,,,0.2425311526847113,0.8194901819162381,0.0295407808497341,0.0609737840693984,0.1596905448812274,0.0583514350439623,0.1547171298421389,0.0534254324100966,0.0100058145461743,0.0103800124484201,0.0583514350439623,0.0402876970395863,0.4808127016634116,0.1609723369261131,0.3617743797822098,0.1183233192626945,0.2977381043258998,0.0967998779741592,0.0155235816814764,probability,,,,
hmda_oh,mlp,1009,reweighing,0.8485278145623918,0.9505911643180138,0.9223077300132346,0.8679166666666667,0.1004856938853436,0.3328102604466246,0.0614048559309639,0.0407206689311603,0.095305706926858,0.0297071597267097,0.0155807934221584,0.0519952538562417,0.0524134869069246,0.088512119827789,0.0465095835162778,0.0170862705778585,,0.0749920794999767,0.1237909776719981,0.0783990985520575,0.7106266658869729,,0.9738826357775108,0.5746124031007752,0.900401248328132,11215.0,0.953846153846154,0.5132075471698113,0.8050955414012739,785.0,0.2960208530063867,,False,interfair/training/shared/runs/confirmation/joint/mlp/hmda_oh/1009/reweighing/selected.pt,041684cfa792eb1a6b13b23352bb9f3fb85b2bd4aaee1d4c1a807bd332a32d16,interfair/training/shared/runs/confirmation/joint/mlp/hmda_oh/1009/reweighing/DONE.json,95d60ba78ca0f5528e36e388cc122101791c5fc9410dec94b52da0f4344f65c7,interfair/training/shared/runs/confirmation/joint/mlp/hmda_oh/1009/reweighing/audit.npz,9dd8d323dcd0be30d7a612b10f7a3b386ceba429b5b9bc63dfad613dce240b27,40.0,12.007998550019693,cpu,confirmation,shared architecture/task training with method preprocessing,13.0,race and sex; unclassified sex classification-only,0.0296467572482792,0.0674651802443899,,,,,,,,,,,,,,,,,,,,,,,,,,,,,,,,,,,,,,,,,,,,,,,,,,,,,,,,,,,0.1365994790477107,0.7100622864058361,0.0183967891297317,0.0468638993857756,0.1149052852638857,0.0520342350729195,0.0741305518749248,0.0313709566872179,0.0099022037983795,0.014310961458487,0.0520342350729195,0.0335808931673225,0.4597113898069943,0.2051989296727164,0.3663931062043313,0.1425174785440624,0.3025125395335546,0.1113318766529347,0.058194605846136,probability,,,,
hmda_oh,mlp,1000,soft,0.8451365067438343,0.9489441563764625,0.9173873572554828,0.8559166666666667,0.1078292402219992,0.3529588177782115,0.0440635512651748,0.0248949557810368,0.0251630692515426,0.0061881047769773,0.0082083093535514,0.0119090738774745,0.0339947962488438,0.0368709940889018,0.0051926092140888,0.0017982226177262,,9.13575735428467e-05,0.0106656368681204,0.0060561747560529,0.0037784746770105,,0.992350562780024,0.7068798449612403,0.9398127507802052,11215.0,0.9980769230769232,0.7509433962264151,0.9146496815286624,785.0,0.9962215253229895,1.0,True,interfair/training/transformer/runs/confirmation/joint/mlp/hmda_oh/1000/soft/selected.pt,ad207e42e076415ef7c20a88b953d9ad54c2bfd4e16e403b794b2200d26e8d66,interfair/training/transformer/runs/confirmation/joint/mlp/hmda_oh/1000/soft/DONE.json,21e437f7e19c19f09aabd2bbde39ff0325df1f821ea1a6665b4f3ab8f64a41df,interfair/training/transformer/auxiliary/joint/hmda_oh/mlp/1000/soft/audit.npz,a4ffe5d723432c902183b4d79612c9b7cfbeb9fea54ce1b8ee07dc53cf7ba9db,40.0,261.57023916201433,,,random-initialization equality-and-direction training,,,,,True,0.0057263602968989,0.0440635512651748,0.0004671356764802,0.0119090738774745,0.064316490403447,0.0399459517555624,,,,,,True,,,,,,,,,,,,,,,,,,,,,,,,,,,,,,,,,,,,,,,,,,,,,,0.0091710940784884,0.0015553386053939,0.0014685905091365,0.0044687882694725,0.0,0.0395541107427602,0.0056438748919555,5.7644976502851045e-05,0.0001121949684562,0.0,0.0395541107427602,0.0393332372940982,0.0327392346423216,0.0219004131843365,0.0087994815073179,0.0056845746750197,0.0042857142857142,0.0031428571428571,0.9832498506369304,probability,15.0,False,True,True
hmda_oh,mlp,1001,soft,0.846403324596041,0.94906099658042,0.919777905418342,0.8603333333333333,0.1059151393286166,0.3488102466267846,0.0275431475793476,0.0141652886421909,0.0368574844313944,0.0177725866758565,0.0144190832118509,0.0353181789795791,0.0213475093544273,0.0558396557953164,0.0047242684473461,0.0015078097721481,,0.0001792302514776,0.010269162669739,0.006711374214009,0.004182495713068,,0.9934433395257348,0.689437984496124,0.9374944271065536,11215.0,0.9942307692307693,0.7169811320754716,0.9006369426751593,785.0,0.995817504286932,1.0,True,interfair/training/transformer/runs/confirmation/joint/mlp/hmda_oh/1001/soft/selected.pt,ea0c389909a7e11c6f99795b2f1ed43e15714f103e586e81373bb25ddecc83d7,interfair/training/transformer/runs/confirmation/joint/mlp/hmda_oh/1001/soft/DONE.json,b74c7bc25bb00f4e903433ebd47bbee2690d0e80df1da6777993db258473f433,interfair/training/transformer/auxiliary/joint/hmda_oh/mlp/1001/soft/audit.npz,d7066f49b49e12a3c2203ee705c7e6945a5cc02354d74a70b7d4d4cbbcf4ee90,40.0,259.8190764359897,,,random-initialization equality-and-direction training,,,,,True,0.0007874297050343,0.0275431475793476,0.0002269943721339,0.0353181789795791,0.0414823914823915,0.0396304993123707,,,,,,True,,,,,,,,,,,,,,,,,,,,,,,,,,,,,,,,,,,,,,,,,,,,,,0.0085031257508565,0.000911610859951,0.0011903924541117,0.0039375244351755,0.0,0.0354003595006483,0.0055715476588399,0.0001303420248187,0.0002099218694127,0.0,0.0354003595006483,0.034983631777928,0.0374141302277796,0.028871119456629,0.0169082302260658,0.0105206999434577,0.0082240639887564,0.0056574496323274,0.9778938437446624,probability,15.0,False,True,True
hmda_oh,mlp,1002,soft,0.8490707301565427,0.9501492276396712,0.9170922628991456,0.85525,0.1071162403769878,0.3505206367260761,0.0453122714640924,0.0241206667206729,0.0257616760991733,0.0085680479761553,0.0089432063549547,0.0165521763567102,0.0283289741767718,0.0339655795316451,0.0046951255145668,0.0014353925731486,,0.0,0.0100239470446107,0.0055848856702507,0.0059228226409654,,0.9932247841765928,0.7131782945736435,0.9416852429781544,11215.0,0.9961538461538462,0.7584905660377359,0.9159235668789808,785.0,0.9940771773590346,1.0,True,interfair/training/transformer/runs/confirmation/joint/mlp/hmda_oh/1002/soft/selected.pt,a9db7f79a30bff354087dba3bc1b384d79b792f02c3b9edd1a6c8542a578ec30,interfair/training/transformer/runs/confirmation/joint/mlp/hmda_oh/1002/soft/DONE.json,509e7bb47ede816b62377b6111a4a372f2398facb4a7e097540869eb74a05942,interfair/training/transformer/auxiliary/joint/hmda_oh/mlp/1002/soft/audit.npz,f218cdffae144a594b9b05408cd386e40be6b12f198a8fa9263e1ecf5c95a722,40.0,263.5210828880081,,,random-initialization equality-and-direction training,,,,,True,0.0029290619772534,0.0453122714640924,0.0005839195956004,0.0165521763567102,0.0535056795926361,0.0389904655088485,,,,,,True,,,,,,,,,,,,,,,,,,,,,,,,,,,,,,,,,,,,,,,,,,,,,,0.0098021883678403,0.0068877223433822,0.001244045706374,0.0028121639050117,0.0,0.0374656855786886,0.0046098023218777,0.0001192320390527,0.0002083184092381,0.0002699784017278,0.0374656855786886,0.0370508642679466,0.0343123737642966,0.0294600451221532,0.0158819815922051,0.0124848819316066,0.0085176464571651,0.0059243745477627,0.9587337634416332,probability,20.0,False,True,True
hmda_oh,mlp,1003,soft,0.8478722623519459,0.949329549226664,0.9214594335093615,0.8636666666666667,0.1054931805848078,0.347856868107015,0.0158768465701331,0.0079598585212324,0.0545010521054888,0.013571902458235,0.0135233964429031,0.0264784862299382,0.0364754921655283,0.0633839130291982,0.0042284083219925,0.0014350902303714,,0.0,0.0099984817067275,0.005812846400495,0.0042126578695253,,0.992350562780024,0.6724806201550387,0.933481943825234,11215.0,0.9923076923076924,0.6566037735849056,0.8789808917197452,785.0,0.9957873421304747,1.0,True,interfair/training/transformer/runs/confirmation/joint/mlp/hmda_oh/1003/soft/selected.pt,8c03ae1004ca88d2b67f6190e84092b7bdbb311f35352d912cbf202850ba1888,interfair/training/transformer/runs/confirmation/joint/mlp/hmda_oh/1003/soft/DONE.json,39b583c674ba4c6e12a129fe113bbbc3a4f455ac94aaba8012a60acdbcf7fb87,interfair/training/transformer/auxiliary/joint/hmda_oh/mlp/1003/soft/audit.npz,2e559da94b963e698d3045725121d34e6e87fdd89092760a8e5b859b3c5523a3,40.0,280.81328123400453,,,random-initialization equality-and-direction training,,,,,True,4.287047233175745e-05,0.0158768465701331,0.0006653186865319,0.0264784862299382,0.0675438596491228,0.0422223356117149,,,,,,True,,,,,,,,,,,,,,,,,,,,,,,,,,,,,,,,,,,,,,,,,,,,,,0.0092460700648976,0.0027998518794831,0.0011812105161101,0.0042359211185836,0.0,0.0420280938879292,0.0049972731227813,0.0002071405911101,0.0003100467922963,0.0,0.0420280938879292,0.0414111083509123,0.0391554317545885,0.0297824031689875,0.0170243712453433,0.0134167152615487,0.0116866936632765,0.0093948719235748,0.9702874869852904,probability,25.0,False,True,True
hmda_oh,mlp,1004,soft,0.8429853782399288,0.947586573026422,0.918774202801549,0.8584166666666667,0.1076705585653917,0.3542473790725093,0.0286894836916775,0.0167161724587184,0.0322713835826108,0.0149541112028107,0.0124350434591889,0.0292075188909011,0.0252483459942414,0.044275298058922,0.003712277557638,0.0019575206656075,,0.0001068376068376,0.0114002737626554,0.0075141531779635,0.0067104586248834,,0.9933340618511638,0.6996124031007752,0.9392777530093624,11215.0,0.9980769230769232,0.7283018867924528,0.9070063694267516,785.0,0.9932895413751166,1.0,True,interfair/training/transformer/runs/confirmation/joint/mlp/hmda_oh/1004/soft/selected.pt,0314e842f05270cc902cbd7b0967884d171a9e2e19b9259f5ef64e779a491315,interfair/training/transformer/runs/confirmation/joint/mlp/hmda_oh/1004/soft/DONE.json,74879de42001dc42241b5a31e4af8c0baef01eb726d99c25833526ecbaaa6161,interfair/training/transformer/auxiliary/joint/hmda_oh/mlp/1004/soft/audit.npz,5f48a0d160830f7f6cfc84113655a4963174f3b0e15b8516bdea6cfbef388c3b,40.0,264.5932332119555,,,random-initialization equality-and-direction training,,,,,True,0.0047428612257592,0.0286894836916775,0.0007007035147204,0.0292075188909011,0.0478652565609087,0.0420744614489519,,,,,,True,,,,,,,,,,,,,,,,,,,,,,,,,,,,,,,,,,,,,,,,,,,,,,0.0102088840701217,0.0051902747851496,0.0016353435118244,0.0030310559006211,0.0,0.0390674626026975,0.0064817576321265,2.754245140827788e-05,6.779368689363059e-05,0.0,0.0390674626026975,0.0389336100590708,0.0145190503705288,0.0110668748752767,0.0061978744069044,0.0036609710897412,0.0033909926880134,0.0022511890314488,0.9736719116778364,probability,10.0,False,True,True
hmda_oh,mlp,1005,soft,0.8469497697964181,0.948574269436179,0.9190044597899584,0.85925,0.1061748155545365,0.3497114100906462,0.0423577592511335,0.022993204247508,0.0306538956299996,0.0158389832908881,0.011441491857472,0.0295010304127896,0.0279510486969442,0.0420139915262587,0.0060774495765227,0.001190721386031,,0.0,0.0072612714393028,0.0032139648010681,0.0009370416893448,,0.9906021199868866,0.6821705426356589,0.9338386090057958,11215.0,0.9942307692307693,0.7245283018867924,0.9031847133757962,785.0,0.9990629583106552,1.0,True,interfair/training/transformer/runs/confirmation/joint/mlp/hmda_oh/1005/soft/selected.pt,77375e60efe8933766d1bb277b8f0441ab25f0d281a524298d3f34122bfc44db,interfair/training/transformer/runs/confirmation/joint/mlp/hmda_oh/1005/soft/DONE.json,8944b6e9a221779d31ceadafc4f5997c07a153289ef577ade19320fb3fc08f11,interfair/training/transformer/auxiliary/joint/hmda_oh/mlp/1005/soft/audit.npz,99178b45d1a4e5aef8bf6ff6bce8627b6ff41d5bf3da91a2ff8bda5beaa2630a,40.0,280.98360649798997,,,random-initialization equality-and-direction training,,,,,True,0.0036286492438826,0.0423577592511335,0.0021769361689867,0.0295010304127896,0.0532706619663142,0.0438225253479094,,,,,,True,,,,,,,,,,,,,,,,,,,,,,,,,,,,,,,,,,,,,,,,,,,,,,0.0064496945382654,0.0001799856011519,0.0009299198005098,0.0030402168409011,0.0,0.0414631978355759,0.002770307947363,9.36826327079547e-05,0.0001749864452011,0.0002857142857142,0.0414631978355759,0.0411149365044015,0.0275064200766045,0.0232923422959947,0.0124888708787394,0.0094054358144141,0.0077173396819805,0.0052070939177907,0.9864312155143492,probability,35.0,False,True,True
hmda_oh,mlp,1006,soft,0.8467326879141266,0.9492934771096856,0.9190201729106628,0.8595,0.1074614999053587,0.3567314395866064,0.0297882843352347,0.0153087668828649,0.0386158210540364,0.0112568065688802,0.010678195839453,0.0215793417847998,0.0154631530147265,0.0538296055440601,0.0047632872760081,0.0013715094139592,,0.0,0.0072119409677613,0.0018745443808363,0.0023286962281131,,0.9892907878920336,0.6758720930232558,0.9316094516272848,11215.0,0.9884615384615384,0.7056603773584905,0.8929936305732484,785.0,0.997671303771887,1.0,True,interfair/training/transformer/runs/confirmation/joint/mlp/hmda_oh/1006/soft/selected.pt,f15e0c9db4f0c111643e2884e1d21cfaa070a56210021178998b4b7f36d3f969,interfair/training/transformer/runs/confirmation/joint/mlp/hmda_oh/1006/soft/DONE.json,c7f4ec0bf8b8418fabedd48d7b8948f43ebb1eca573c31c30463849535b6e1a0,interfair/training/transformer/auxiliary/joint/hmda_oh/mlp/1006/soft/audit.npz,decbb72fe66ae2e4e156f4928d73b2167d95eb78998897c8c624528c4452dcd2,40.0,274.61409924400505,,,random-initialization equality-and-direction training,,,,,True,0.0008292494304951,0.0297882843352347,0.0009342713529606,0.0215793417847998,0.0264925212293632,0.0449117438641877,,,,,,True,,,,,,,,,,,,,,,,,,,,,,,,,,,,,,,,,,,,,,,,,,,,,,0.0085597308928121,0.0043327420323061,0.0015376973763085,0.0027715311967589,0.0,0.041739616686092,0.0016878734906508,0.0001940482217847,0.0003012348888548,0.000557453416149,0.041739616686092,0.0411406669957083,0.0384898073023842,0.0322381502998141,0.0176172848951958,0.014519874675591,0.0096767069737276,0.0079357637064686,0.964414564051435,probability,35.0,False,True,True
hmda_oh,mlp,1007,soft,0.8483538205145953,0.9498060590846344,0.9154138915318744,0.8518333333333333,0.1086434617372318,0.3562399590331914,0.0442134708205353,0.0238224999757208,0.022372788945651,0.0069614166867576,0.008788543488954,0.0128520577031161,0.0257967204556593,0.0318908592549523,0.0038004841132533,0.0012037292684924,,0.0,0.0081264680973827,0.0041140566725103,0.0017804309793431,,0.9946453939460168,0.7369186046511628,0.9472135532768612,11215.0,0.9980769230769232,0.7811320754716982,0.9248407643312102,785.0,0.9982195690206569,1.0,True,interfair/training/transformer/runs/confirmation/joint/mlp/hmda_oh/1007/soft/selected.pt,9172489e145e2a0c8595334897679b828b30538e6a892fbee336ff8f3b55ff95,interfair/training/transformer/runs/confirmation/joint/mlp/hmda_oh/1007/soft/DONE.json,df39865db7d7793a43fb5d6539615168d3600a647fafd3c47b1be1771fc06b52,interfair/training/transformer/auxiliary/joint/hmda_oh/mlp/1007/soft/audit.npz,5869353868018002129ecfdfc3011f1e7deb76632c9edb46e8e8c95bee3d1f70,40.0,287.39385625801515,,,random-initialization equality-and-direction training,,,,,True,0.0034315291309062,0.0442134708205353,0.0010707756703991,0.0128520577031161,0.0489620054837446,0.0393621056457099,,,,,,True,,,,,,,,,,,,,,,,,,,,,,,,,,,,,,,,,,,,,,,,,,,,,,0.0076863565845854,0.0025362318840579,0.0010959094325981,0.0025404247745769,0.0,0.0366372307458341,0.0036390409731231,0.0001197120481364,0.0002578742792408,0.0,0.0366372307458341,0.0361240495031899,0.0392681615094258,0.032508487442494,0.0216945623273731,0.015992958529379,0.0111078648802749,0.0080170296043765,0.9682510898465398,probability,25.0,False,True,True
hmda_oh,mlp,1008,soft,0.8489212435632969,0.9495986973278764,0.9196085955487336,0.8603333333333333,0.1055929131382109,0.3476171210320787,0.0169116571595728,0.0090354205537615,0.0411124773179687,0.0127139946189736,0.0108643211728413,0.0239649035158933,0.0150854566809769,0.0593605281308503,0.0036800890848477,0.0011907251885168,,8.481044864727334e-05,0.0072742926999498,0.0024502355044904,0.0015999548784974,,0.991148508359742,0.6812015503875969,0.9341061078912172,11215.0,0.9923076923076924,0.6981132075471698,0.8929936305732484,785.0,0.9984000451215026,1.0,True,interfair/training/transformer/runs/confirmation/joint/mlp/hmda_oh/1008/soft/selected.pt,331646e39ac739eb255cfb94a3d93c60af7c3b594bf4021885bcefbaa2a45711,interfair/training/transformer/runs/confirmation/joint/mlp/hmda_oh/1008/soft/DONE.json,fc9dc4ee6bbc3662954d565dbdaeffd3526ef06f51976ae9e042b04da5adaa59,interfair/training/transformer/auxiliary/joint/hmda_oh/mlp/1008/soft/audit.npz,13efcf788113e4d9d9d7e726ba4e34ad892d5c7b52012e7feefa0f59f6b93996,40.0,250.21607790200505,,,random-initialization equality-and-direction training,,,,,True,0.0011591839479502,0.0169116571595728,0.001463085722054,0.0239649035158933,0.028294323031165,0.0433729855104577,,,,,,True,,,,,,,,,,,,,,,,,,,,,,,,,,,,,,,,,,,,,,,,,,,,,,0.0066966363595401,0.0015048034556593,0.000946631209592,0.0062560037278506,0.0,0.0420946110947113,0.0020700979445921,0.0002370193664537,0.0003103040465302,0.0014237572135719,0.0420946110947113,0.041475706161815,0.0372115383837734,0.0324011352074686,0.0193569284566301,0.0168606578477198,0.0138051730939536,0.0109917164313561,0.9740510993397922,probability,40.0,False,True,True
hmda_oh,mlp,1009,soft,0.8469443310950006,0.9491339256102894,0.918720152817574,0.8581666666666666,0.1068043707241952,0.350944422922318,0.0309071961386572,0.0172786403093528,0.031596105079923,0.0148082229463489,0.011889335241946,0.0286204958471242,0.019842940588836,0.0457828357473641,0.0050891408090613,0.0011841767507042,,0.0,0.0079443594490101,0.0029227688935902,0.0038243106466457,,0.9944268385968746,0.7049418604651163,0.9411502452073116,11215.0,0.9980769230769232,0.7358490566037735,0.9095541401273886,785.0,0.9961756893533543,1.0,True,interfair/training/transformer/runs/confirmation/joint/mlp/hmda_oh/1009/soft/selected.pt,4eb351af2bd2341d6cf7b9c860f39f3e9ed97781e77191377ea67212d8504b8d,interfair/training/transformer/runs/confirmation/joint/mlp/hmda_oh/1009/soft/DONE.json,0d396749a496fed43d61c5e6071d7210548c22ba9a23d99248a7e837ba1dce82,interfair/training/transformer/auxiliary/joint/hmda_oh/mlp/1009/soft/audit.npz,7d8adcee142af3d2b4f9dd6edfec581379b611edf32258761efc61a419b4eab0,40.0,247.54540916200494,,,random-initialization equality-and-direction training,,,,,True,0.0036500844800484,0.0309071961386572,0.0009959500455737,0.0286204958471242,0.0370544457500979,0.0446059935811407,,,,,,True,,,,,,,,,,,,,,,,,,,,,,,,,,,,,,,,,,,,,,,,,,,,,,0.0070577811526683,0.0006322972423075,0.0009334653476005,0.0045216354042979,0.0,0.0398932375366192,0.0024869149491349,0.0001903088717276,0.0001778183908949,0.0005714285714285,0.0398932375366192,0.0395394295078838,0.0258818644509925,0.0208080578166662,0.0131554223993383,0.0106748876744144,0.007852270071537,0.0059309494914691,0.9852211857328808,probability,30.0,False,True,True
