task,architecture,seed,arm,metric,value,algebraic,direction,family
hmda_oh,mlp,1000,cot_phi,auc,0.8478976799565294,False,higher,hmda_oh / mlp / auc
hmda_oh,mlp,1001,cot_phi,auc,0.8499007647879734,False,higher,hmda_oh / mlp / auc
hmda_oh,mlp,1002,cot_phi,auc,0.8499694478173025,False,higher,hmda_oh / mlp / auc
hmda_oh,mlp,1003,cot_phi,auc,0.8467902937515891,False,higher,hmda_oh / mlp / auc
hmda_oh,mlp,1004,cot_phi,auc,0.8477709249153306,False,higher,hmda_oh / mlp / auc
hmda_oh,mlp,1005,cot_phi,auc,0.8512129347503674,False,higher,hmda_oh / mlp / auc
hmda_oh,mlp,1006,cot_phi,auc,0.8495800589945932,False,higher,hmda_oh / mlp / auc
hmda_oh,mlp,1007,cot_phi,auc,0.8486121477325343,False,higher,hmda_oh / mlp / auc
hmda_oh,mlp,1008,cot_phi,auc,0.8458902663627328,False,higher,hmda_oh / mlp / auc
hmda_oh,mlp,1009,cot_phi,auc,0.8470802320340935,False,higher,hmda_oh / mlp / auc
hmda_oh,mlp,1000,dralign,auc,0.8496094501810287,False,higher,hmda_oh / mlp / auc
hmda_oh,mlp,1001,dralign,auc,0.8459341755521359,False,higher,hmda_oh / mlp / auc
hmda_oh,mlp,1002,dralign,auc,0.8476923856271061,False,higher,hmda_oh / mlp / auc
hmda_oh,mlp,1003,dralign,auc,0.8325679341534421,False,higher,hmda_oh / mlp / auc
hmda_oh,mlp,1004,dralign,auc,0.8410763052472725,False,higher,hmda_oh / mlp / auc
hmda_oh,mlp,1005,dralign,auc,0.83978728861377,False,higher,hmda_oh / mlp / auc
hmda_oh,mlp,1006,dralign,auc,0.8409293049175317,False,higher,hmda_oh / mlp / auc
hmda_oh,mlp,1007,dralign,auc,0.8486419384970332,False,higher,hmda_oh / mlp / auc
hmda_oh,mlp,1008,dralign,auc,0.8394505553002942,False,higher,hmda_oh / mlp / auc
hmda_oh,mlp,1009,dralign,auc,0.8375443459504252,False,higher,hmda_oh / mlp / auc
hmda_oh,mlp,1000,erm,auc,0.8521493237429862,False,higher,hmda_oh / mlp / auc
hmda_oh,mlp,1001,erm,auc,0.8516278521715669,False,higher,hmda_oh / mlp / auc
hmda_oh,mlp,1002,erm,auc,0.8527306876263416,False,higher,hmda_oh / mlp / auc
hmda_oh,mlp,1003,erm,auc,0.8491249617792482,False,higher,hmda_oh / mlp / auc
hmda_oh,mlp,1004,erm,auc,0.8518740366561373,False,higher,hmda_oh / mlp / auc
hmda_oh,mlp,1005,erm,auc,0.8529895920125943,False,higher,hmda_oh / mlp / auc
hmda_oh,mlp,1006,erm,auc,0.8501275697364725,False,higher,hmda_oh / mlp / auc
hmda_oh,mlp,1007,erm,auc,0.8542168294377506,False,higher,hmda_oh / mlp / auc
hmda_oh,mlp,1008,erm,auc,0.84902939602577,False,higher,hmda_oh / mlp / auc
hmda_oh,mlp,1009,erm,auc,0.8494643811452609,False,higher,hmda_oh / mlp / auc
hmda_oh,mlp,1000,ltdd,auc,0.8470415839558576,False,higher,hmda_oh / mlp / auc
hmda_oh,mlp,1001,ltdd,auc,0.8474452243961588,False,higher,hmda_oh / mlp / auc
hmda_oh,mlp,1002,ltdd,auc,0.8498262212803822,False,higher,hmda_oh / mlp / auc
hmda_oh,mlp,1003,ltdd,auc,0.8463349079520874,False,higher,hmda_oh / mlp / auc
hmda_oh,mlp,1004,ltdd,auc,0.8474347465713872,False,higher,hmda_oh / mlp / auc
hmda_oh,mlp,1005,ltdd,auc,0.8501196003739873,False,higher,hmda_oh / mlp / auc
hmda_oh,mlp,1006,ltdd,auc,0.8452433272794297,False,higher,hmda_oh / mlp / auc
hmda_oh,mlp,1007,ltdd,auc,0.847849464203555,False,higher,hmda_oh / mlp / auc
hmda_oh,mlp,1008,ltdd,auc,0.8462948391518484,False,higher,hmda_oh / mlp / auc
hmda_oh,mlp,1009,ltdd,auc,0.847532909582277,False,higher,hmda_oh / mlp / auc
hmda_oh,mlp,1000,neufair,auc,0.8210984898213481,False,higher,hmda_oh / mlp / auc
hmda_oh,mlp,1001,neufair,auc,0.821766340156632,False,higher,hmda_oh / mlp / auc
hmda_oh,mlp,1002,neufair,auc,0.8364744756858746,False,higher,hmda_oh / mlp / auc
hmda_oh,mlp,1003,neufair,auc,0.8356081460470253,False,higher,hmda_oh / mlp / auc
hmda_oh,mlp,1004,neufair,auc,0.833400677036191,False,higher,hmda_oh / mlp / auc
hmda_oh,mlp,1005,neufair,auc,0.8331349354252992,False,higher,hmda_oh / mlp / auc
hmda_oh,mlp,1006,neufair,auc,0.8241030060746077,False,higher,hmda_oh / mlp / auc
hmda_oh,mlp,1007,neufair,auc,0.8318054948110571,False,higher,hmda_oh / mlp / auc
hmda_oh,mlp,1008,neufair,auc,0.8093854582620956,False,higher,hmda_oh / mlp / auc
hmda_oh,mlp,1009,neufair,auc,0.8406668487262717,False,higher,hmda_oh / mlp / auc
hmda_oh,mlp,1000,soft,auc,0.8400263472895444,False,higher,hmda_oh / mlp / auc
hmda_oh,mlp,1001,soft,auc,0.8424104742019305,False,higher,hmda_oh / mlp / auc
hmda_oh,mlp,1002,soft,auc,0.8421241321219962,False,higher,hmda_oh / mlp / auc
hmda_oh,mlp,1003,soft,auc,0.839585546089354,False,higher,hmda_oh / mlp / auc
hmda_oh,mlp,1004,soft,auc,0.8405000026860525,False,higher,hmda_oh / mlp / auc
hmda_oh,mlp,1005,soft,auc,0.8434946404816355,False,higher,hmda_oh / mlp / auc
hmda_oh,mlp,1006,soft,auc,0.8427267180402702,False,higher,hmda_oh / mlp / auc
hmda_oh,mlp,1007,soft,auc,0.8404844191415828,False,higher,hmda_oh / mlp / auc
hmda_oh,mlp,1008,soft,auc,0.8409693071214269,False,higher,hmda_oh / mlp / auc
hmda_oh,mlp,1009,soft,auc,0.8422595002903379,False,higher,hmda_oh / mlp / auc
hmda_oh,mlp,1000,cot_phi,accuracy,0.87,False,higher,hmda_oh / mlp / accuracy
hmda_oh,mlp,1001,cot_phi,accuracy,0.8679166666666667,False,higher,hmda_oh / mlp / accuracy
hmda_oh,mlp,1002,cot_phi,accuracy,0.869,False,higher,hmda_oh / mlp / accuracy
hmda_oh,mlp,1003,cot_phi,accuracy,0.87025,False,higher,hmda_oh / mlp / accuracy
hmda_oh,mlp,1004,cot_phi,accuracy,0.8694166666666666,False,higher,hmda_oh / mlp / accuracy
hmda_oh,mlp,1005,cot_phi,accuracy,0.869,False,higher,hmda_oh / mlp / accuracy
hmda_oh,mlp,1006,cot_phi,accuracy,0.8686666666666667,False,higher,hmda_oh / mlp / accuracy
hmda_oh,mlp,1007,cot_phi,accuracy,0.8690833333333333,False,higher,hmda_oh / mlp / accuracy
hmda_oh,mlp,1008,cot_phi,accuracy,0.8690833333333333,False,higher,hmda_oh / mlp / accuracy
hmda_oh,mlp,1009,cot_phi,accuracy,0.8684166666666666,False,higher,hmda_oh / mlp / accuracy
hmda_oh,mlp,1000,dralign,accuracy,0.8691666666666666,False,higher,hmda_oh / mlp / accuracy
hmda_oh,mlp,1001,dralign,accuracy,0.8660833333333333,False,higher,hmda_oh / mlp / accuracy
hmda_oh,mlp,1002,dralign,accuracy,0.8695833333333334,False,higher,hmda_oh / mlp / accuracy
hmda_oh,mlp,1003,dralign,accuracy,0.8528333333333333,False,higher,hmda_oh / mlp / accuracy
hmda_oh,mlp,1004,dralign,accuracy,0.8575,False,higher,hmda_oh / mlp / accuracy
hmda_oh,mlp,1005,dralign,accuracy,0.8411666666666666,False,higher,hmda_oh / mlp / accuracy
hmda_oh,mlp,1006,dralign,accuracy,0.8625,False,higher,hmda_oh / mlp / accuracy
hmda_oh,mlp,1007,dralign,accuracy,0.8668333333333333,False,higher,hmda_oh / mlp / accuracy
hmda_oh,mlp,1008,dralign,accuracy,0.8538333333333333,False,higher,hmda_oh / mlp / accuracy
hmda_oh,mlp,1009,dralign,accuracy,0.8585,False,higher,hmda_oh / mlp / accuracy
hmda_oh,mlp,1000,erm,accuracy,0.8715833333333334,False,higher,hmda_oh / mlp / accuracy
hmda_oh,mlp,1001,erm,accuracy,0.8683333333333333,False,higher,hmda_oh / mlp / accuracy
hmda_oh,mlp,1002,erm,accuracy,0.8703333333333333,False,higher,hmda_oh / mlp / accuracy
hmda_oh,mlp,1003,erm,accuracy,0.8714166666666666,False,higher,hmda_oh / mlp / accuracy
hmda_oh,mlp,1004,erm,accuracy,0.8701666666666666,False,higher,hmda_oh / mlp / accuracy
hmda_oh,mlp,1005,erm,accuracy,0.8705,False,higher,hmda_oh / mlp / accuracy
hmda_oh,mlp,1006,erm,accuracy,0.8689166666666667,False,higher,hmda_oh / mlp / accuracy
hmda_oh,mlp,1007,erm,accuracy,0.8699166666666667,False,higher,hmda_oh / mlp / accuracy
hmda_oh,mlp,1008,erm,accuracy,0.8671666666666666,False,higher,hmda_oh / mlp / accuracy
hmda_oh,mlp,1009,erm,accuracy,0.86675,False,higher,hmda_oh / mlp / accuracy
hmda_oh,mlp,1000,ltdd,accuracy,0.8706666666666667,False,higher,hmda_oh / mlp / accuracy
hmda_oh,mlp,1001,ltdd,accuracy,0.8686666666666667,False,higher,hmda_oh / mlp / accuracy
hmda_oh,mlp,1002,ltdd,accuracy,0.8671666666666666,False,higher,hmda_oh / mlp / accuracy
hmda_oh,mlp,1003,ltdd,accuracy,0.8696666666666667,False,higher,hmda_oh / mlp / accuracy
hmda_oh,mlp,1004,ltdd,accuracy,0.8673333333333333,False,higher,hmda_oh / mlp / accuracy
hmda_oh,mlp,1005,ltdd,accuracy,0.8694166666666666,False,higher,hmda_oh / mlp / accuracy
hmda_oh,mlp,1006,ltdd,accuracy,0.869,False,higher,hmda_oh / mlp / accuracy
hmda_oh,mlp,1007,ltdd,accuracy,0.8690833333333333,False,higher,hmda_oh / mlp / accuracy
hmda_oh,mlp,1008,ltdd,accuracy,0.8698333333333333,False,higher,hmda_oh / mlp / accuracy
hmda_oh,mlp,1009,ltdd,accuracy,0.86725,False,higher,hmda_oh / mlp / accuracy
hmda_oh,mlp,1000,neufair,accuracy,0.8553333333333333,False,higher,hmda_oh / mlp / accuracy
hmda_oh,mlp,1001,neufair,accuracy,0.84875,False,higher,hmda_oh / mlp / accuracy
hmda_oh,mlp,1002,neufair,accuracy,0.8496666666666667,False,higher,hmda_oh / mlp / accuracy
hmda_oh,mlp,1003,neufair,accuracy,0.8530833333333333,False,higher,hmda_oh / mlp / accuracy
hmda_oh,mlp,1004,neufair,accuracy,0.8480833333333333,False,higher,hmda_oh / mlp / accuracy
hmda_oh,mlp,1005,neufair,accuracy,0.8476666666666667,False,higher,hmda_oh / mlp / accuracy
hmda_oh,mlp,1006,neufair,accuracy,0.8495833333333334,False,higher,hmda_oh / mlp / accuracy
hmda_oh,mlp,1007,neufair,accuracy,0.85,False,higher,hmda_oh / mlp / accuracy
hmda_oh,mlp,1008,neufair,accuracy,0.8508333333333333,False,higher,hmda_oh / mlp / accuracy
hmda_oh,mlp,1009,neufair,accuracy,0.8523333333333334,False,higher,hmda_oh / mlp / accuracy
hmda_oh,mlp,1000,soft,accuracy,0.8640833333333333,False,higher,hmda_oh / mlp / accuracy
hmda_oh,mlp,1001,soft,accuracy,0.866,False,higher,hmda_oh / mlp / accuracy
hmda_oh,mlp,1002,soft,accuracy,0.8655,False,higher,hmda_oh / mlp / accuracy
hmda_oh,mlp,1003,soft,accuracy,0.8616666666666667,False,higher,hmda_oh / mlp / accuracy
hmda_oh,mlp,1004,soft,accuracy,0.8649166666666667,False,higher,hmda_oh / mlp / accuracy
hmda_oh,mlp,1005,soft,accuracy,0.8680833333333333,False,higher,hmda_oh / mlp / accuracy
hmda_oh,mlp,1006,soft,accuracy,0.8650833333333333,False,higher,hmda_oh / mlp / accuracy
hmda_oh,mlp,1007,soft,accuracy,0.86525,False,higher,hmda_oh / mlp / accuracy
hmda_oh,mlp,1008,soft,accuracy,0.8661666666666666,False,higher,hmda_oh / mlp / accuracy
hmda_oh,mlp,1009,soft,accuracy,0.8643333333333333,False,higher,hmda_oh / mlp / accuracy
hmda_oh,mlp,1000,cot_phi,f1,0.9230313795145056,False,higher,hmda_oh / mlp / f1
hmda_oh,mlp,1001,cot_phi,f1,0.92282222330428,False,higher,hmda_oh / mlp / f1
hmda_oh,mlp,1002,cot_phi,f1,0.9232646685541346,False,higher,hmda_oh / mlp / f1
hmda_oh,mlp,1003,cot_phi,f1,0.9242298895323372,False,higher,hmda_oh / mlp / f1
hmda_oh,mlp,1004,cot_phi,f1,0.9235870678304968,False,higher,hmda_oh / mlp / f1
hmda_oh,mlp,1005,cot_phi,f1,0.923182173573104,False,higher,hmda_oh / mlp / f1
hmda_oh,mlp,1006,cot_phi,f1,0.9221343873517788,False,higher,hmda_oh / mlp / f1
hmda_oh,mlp,1007,cot_phi,f1,0.9232047709830375,False,higher,hmda_oh / mlp / f1
hmda_oh,mlp,1008,cot_phi,f1,0.9228578443407808,False,higher,hmda_oh / mlp / f1
hmda_oh,mlp,1009,cot_phi,f1,0.922556280347246,False,higher,hmda_oh / mlp / f1
hmda_oh,mlp,1000,dralign,f1,0.9238455568490492,False,higher,hmda_oh / mlp / f1
hmda_oh,mlp,1001,dralign,f1,0.9214296191267785,False,higher,hmda_oh / mlp / f1
hmda_oh,mlp,1002,dralign,f1,0.923632459864344,False,higher,hmda_oh / mlp / f1
hmda_oh,mlp,1003,dralign,f1,0.9105369807497468,False,higher,hmda_oh / mlp / f1
hmda_oh,mlp,1004,dralign,f1,0.9139232860163092,False,higher,hmda_oh / mlp / f1
hmda_oh,mlp,1005,dralign,f1,0.9018234263933244,False,higher,hmda_oh / mlp / f1
hmda_oh,mlp,1006,dralign,f1,0.9174174174174174,False,higher,hmda_oh / mlp / f1
hmda_oh,mlp,1007,dralign,f1,0.9212730318257956,False,higher,hmda_oh / mlp / f1
hmda_oh,mlp,1008,dralign,f1,0.9163407421539636,False,higher,hmda_oh / mlp / f1
hmda_oh,mlp,1009,dralign,f1,0.9151509094543274,False,higher,hmda_oh / mlp / f1
hmda_oh,mlp,1000,erm,f1,0.9242044169003,False,higher,hmda_oh / mlp / f1
hmda_oh,mlp,1001,erm,f1,0.9232637202525498,False,higher,hmda_oh / mlp / f1
hmda_oh,mlp,1002,erm,f1,0.924075339123646,False,higher,hmda_oh / mlp / f1
hmda_oh,mlp,1003,erm,f1,0.924602980698754,False,higher,hmda_oh / mlp / f1
hmda_oh,mlp,1004,erm,f1,0.9240888715649972,False,higher,hmda_oh / mlp / f1
hmda_oh,mlp,1005,erm,f1,0.923972602739726,False,higher,hmda_oh / mlp / f1
hmda_oh,mlp,1006,erm,f1,0.9221248576662212,False,higher,hmda_oh / mlp / f1
hmda_oh,mlp,1007,erm,f1,0.9238648002731308,False,higher,hmda_oh / mlp / f1
hmda_oh,mlp,1008,erm,f1,0.9214855679243424,False,higher,hmda_oh / mlp / f1
hmda_oh,mlp,1009,erm,f1,0.921583051346182,False,higher,hmda_oh / mlp / f1
hmda_oh,mlp,1000,ltdd,f1,0.92388425698872,False,higher,hmda_oh / mlp / f1
hmda_oh,mlp,1001,ltdd,f1,0.9222649699122027,False,higher,hmda_oh / mlp / f1
hmda_oh,mlp,1002,ltdd,f1,0.9222742344450946,False,higher,hmda_oh / mlp / f1
hmda_oh,mlp,1003,ltdd,f1,0.923610432743968,False,higher,hmda_oh / mlp / f1
hmda_oh,mlp,1004,ltdd,f1,0.9221287419291724,False,higher,hmda_oh / mlp / f1
hmda_oh,mlp,1005,ltdd,f1,0.9240684207975964,False,higher,hmda_oh / mlp / f1
hmda_oh,mlp,1006,ltdd,f1,0.9225310467179184,False,higher,hmda_oh / mlp / f1
hmda_oh,mlp,1007,ltdd,f1,0.923264787769257,False,higher,hmda_oh / mlp / f1
hmda_oh,mlp,1008,ltdd,f1,0.9239754696777962,False,higher,hmda_oh / mlp / f1
hmda_oh,mlp,1009,ltdd,f1,0.92228889214108,False,higher,hmda_oh / mlp / f1
hmda_oh,mlp,1000,neufair,f1,0.917128126790147,False,higher,hmda_oh / mlp / f1
hmda_oh,mlp,1001,neufair,f1,0.9135920019043084,False,higher,hmda_oh / mlp / f1
hmda_oh,mlp,1002,neufair,f1,0.9140297369424324,False,higher,hmda_oh / mlp / f1
hmda_oh,mlp,1003,neufair,f1,0.915947556615018,False,higher,hmda_oh / mlp / f1
hmda_oh,mlp,1004,neufair,f1,0.9131532561574008,False,higher,hmda_oh / mlp / f1
hmda_oh,mlp,1005,neufair,f1,0.9129192073170732,False,higher,hmda_oh / mlp / f1
hmda_oh,mlp,1006,neufair,f1,0.9140762602941876,False,higher,hmda_oh / mlp / f1
hmda_oh,mlp,1007,neufair,f1,0.9142285333079196,False,higher,hmda_oh / mlp / f1
hmda_oh,mlp,1008,neufair,f1,0.9146481022315468,False,higher,hmda_oh / mlp / f1
hmda_oh,mlp,1009,neufair,f1,0.9155868902439024,False,higher,hmda_oh / mlp / f1
hmda_oh,mlp,1000,soft,f1,0.9195402298850576,False,higher,hmda_oh / mlp / f1
hmda_oh,mlp,1001,soft,f1,0.9206474536123174,False,higher,hmda_oh / mlp / f1
hmda_oh,mlp,1002,soft,f1,0.9203041674896306,False,higher,hmda_oh / mlp / f1
hmda_oh,mlp,1003,soft,f1,0.9176260420801906,False,higher,hmda_oh / mlp / f1
hmda_oh,mlp,1004,soft,f1,0.9204260959206716,False,higher,hmda_oh / mlp / f1
hmda_oh,mlp,1005,soft,f1,0.9220926226684384,False,higher,hmda_oh / mlp / f1
hmda_oh,mlp,1006,soft,f1,0.9201322085738248,False,higher,hmda_oh / mlp / f1
hmda_oh,mlp,1007,soft,f1,0.9211411850768104,False,higher,hmda_oh / mlp / f1
hmda_oh,mlp,1008,soft,f1,0.921096590350791,False,higher,hmda_oh / mlp / f1
hmda_oh,mlp,1009,soft,f1,0.9195969972342948,False,higher,hmda_oh / mlp / f1
hmda_oh,mlp,1000,cot_phi,aod,0.0901497790684906,False,lower,hmda_oh / mlp / aod
hmda_oh,mlp,1001,cot_phi,aod,0.0879097033562416,False,lower,hmda_oh / mlp / aod
hmda_oh,mlp,1002,cot_phi,aod,0.0644097156937958,False,lower,hmda_oh / mlp / aod
hmda_oh,mlp,1003,cot_phi,aod,0.070322229238656,False,lower,hmda_oh / mlp / aod
hmda_oh,mlp,1004,cot_phi,aod,0.0536543283555244,False,lower,hmda_oh / mlp / aod
hmda_oh,mlp,1005,cot_phi,aod,0.0423693388366638,False,lower,hmda_oh / mlp / aod
hmda_oh,mlp,1006,cot_phi,aod,0.0306869437956657,False,lower,hmda_oh / mlp / aod
hmda_oh,mlp,1007,cot_phi,aod,0.0686238990181461,False,lower,hmda_oh / mlp / aod
hmda_oh,mlp,1008,cot_phi,aod,0.0655156183073287,False,lower,hmda_oh / mlp / aod
hmda_oh,mlp,1009,cot_phi,aod,0.09257134224078,False,lower,hmda_oh / mlp / aod
hmda_oh,mlp,1000,dralign,aod,0.0026745281223822,False,lower,hmda_oh / mlp / aod
hmda_oh,mlp,1001,dralign,aod,0.0135836214854094,False,lower,hmda_oh / mlp / aod
hmda_oh,mlp,1002,dralign,aod,0.028452494758373,False,lower,hmda_oh / mlp / aod
hmda_oh,mlp,1003,dralign,aod,0.0227725975752129,False,lower,hmda_oh / mlp / aod
hmda_oh,mlp,1004,dralign,aod,0.0510198793795828,False,lower,hmda_oh / mlp / aod
hmda_oh,mlp,1005,dralign,aod,0.0420038307360069,False,lower,hmda_oh / mlp / aod
hmda_oh,mlp,1006,dralign,aod,0.0513890278179014,False,lower,hmda_oh / mlp / aod
hmda_oh,mlp,1007,dralign,aod,0.0049686624251201,False,lower,hmda_oh / mlp / aod
hmda_oh,mlp,1008,dralign,aod,0.0103300361065579,False,lower,hmda_oh / mlp / aod
hmda_oh,mlp,1009,dralign,aod,0.0378760899223473,False,lower,hmda_oh / mlp / aod
hmda_oh,mlp,1000,erm,aod,0.1157679301791285,False,lower,hmda_oh / mlp / aod
hmda_oh,mlp,1001,erm,aod,0.0926463948982133,False,lower,hmda_oh / mlp / aod
hmda_oh,mlp,1002,erm,aod,0.1200808765091815,False,lower,hmda_oh / mlp / aod
hmda_oh,mlp,1003,erm,aod,0.0715396844160199,False,lower,hmda_oh / mlp / aod
hmda_oh,mlp,1004,erm,aod,0.1079795228562547,False,lower,hmda_oh / mlp / aod
hmda_oh,mlp,1005,erm,aod,0.1035545307783359,False,lower,hmda_oh / mlp / aod
hmda_oh,mlp,1006,erm,aod,0.1115626418412221,False,lower,hmda_oh / mlp / aod
hmda_oh,mlp,1007,erm,aod,0.0916432616143835,False,lower,hmda_oh / mlp / aod
hmda_oh,mlp,1008,erm,aod,0.1002251959402704,False,lower,hmda_oh / mlp / aod
hmda_oh,mlp,1009,erm,aod,0.1212122989471553,False,lower,hmda_oh / mlp / aod
hmda_oh,mlp,1000,ltdd,aod,0.0529278769785281,False,lower,hmda_oh / mlp / aod
hmda_oh,mlp,1001,ltdd,aod,0.0482182064212646,False,lower,hmda_oh / mlp / aod
hmda_oh,mlp,1002,ltdd,aod,0.004815806672355,False,lower,hmda_oh / mlp / aod
hmda_oh,mlp,1003,ltdd,aod,0.0231191663362093,False,lower,hmda_oh / mlp / aod
hmda_oh,mlp,1004,ltdd,aod,0.015195328199969,False,lower,hmda_oh / mlp / aod
hmda_oh,mlp,1005,ltdd,aod,0.0094946398376051,False,lower,hmda_oh / mlp / aod
hmda_oh,mlp,1006,ltdd,aod,0.0623697217729619,False,lower,hmda_oh / mlp / aod
hmda_oh,mlp,1007,ltdd,aod,0.0196593318950153,False,lower,hmda_oh / mlp / aod
hmda_oh,mlp,1008,ltdd,aod,0.0053125251632897,False,lower,hmda_oh / mlp / aod
hmda_oh,mlp,1009,ltdd,aod,0.0285344090372328,False,lower,hmda_oh / mlp / aod
hmda_oh,mlp,1000,neufair,aod,0.0225409534117912,False,lower,hmda_oh / mlp / aod
hmda_oh,mlp,1001,neufair,aod,0.021658889681348,False,lower,hmda_oh / mlp / aod
hmda_oh,mlp,1002,neufair,aod,0.0227635672611168,False,lower,hmda_oh / mlp / aod
hmda_oh,mlp,1003,neufair,aod,0.029877169797821,False,lower,hmda_oh / mlp / aod
hmda_oh,mlp,1004,neufair,aod,0.0538094055841992,False,lower,hmda_oh / mlp / aod
hmda_oh,mlp,1005,neufair,aod,0.0409504418522607,False,lower,hmda_oh / mlp / aod
hmda_oh,mlp,1006,neufair,aod,0.0120381415848867,False,lower,hmda_oh / mlp / aod
hmda_oh,mlp,1007,neufair,aod,0.0413149191697762,False,lower,hmda_oh / mlp / aod
hmda_oh,mlp,1008,neufair,aod,0.0366126334788324,False,lower,hmda_oh / mlp / aod
hmda_oh,mlp,1009,neufair,aod,0.0364890319436159,False,lower,hmda_oh / mlp / aod
hmda_oh,mlp,1000,soft,aod,0.0648835673770325,False,lower,hmda_oh / mlp / aod
hmda_oh,mlp,1001,soft,aod,0.0814777554087287,False,lower,hmda_oh / mlp / aod
hmda_oh,mlp,1002,soft,aod,0.0644364867015662,False,lower,hmda_oh / mlp / aod
hmda_oh,mlp,1003,soft,aod,0.0839564110743852,False,lower,hmda_oh / mlp / aod
hmda_oh,mlp,1004,soft,aod,0.0636932107801198,False,lower,hmda_oh / mlp / aod
hmda_oh,mlp,1005,soft,aod,0.0630547787026518,False,lower,hmda_oh / mlp / aod
hmda_oh,mlp,1006,soft,aod,0.0508869830223809,False,lower,hmda_oh / mlp / aod
hmda_oh,mlp,1007,soft,aod,0.0369506387604108,False,lower,hmda_oh / mlp / aod
hmda_oh,mlp,1008,soft,aod,0.0750526302232968,False,lower,hmda_oh / mlp / aod
hmda_oh,mlp,1009,soft,aod,0.0683978812069412,False,lower,hmda_oh / mlp / aod
hmda_oh,mlp,1000,cot_phi,sex_aod,0.040192632118166,False,lower,hmda_oh / mlp / sex_aod
hmda_oh,mlp,1001,cot_phi,sex_aod,0.0350360669285681,False,lower,hmda_oh / mlp / sex_aod
hmda_oh,mlp,1002,cot_phi,sex_aod,0.0336617091128559,False,lower,hmda_oh / mlp / sex_aod
hmda_oh,mlp,1003,cot_phi,sex_aod,0.050549831596762,False,lower,hmda_oh / mlp / sex_aod
hmda_oh,mlp,1004,cot_phi,sex_aod,0.0394986323567416,False,lower,hmda_oh / mlp / sex_aod
hmda_oh,mlp,1005,cot_phi,sex_aod,0.0378988240693108,False,lower,hmda_oh / mlp / sex_aod
hmda_oh,mlp,1006,cot_phi,sex_aod,0.0429386993828257,False,lower,hmda_oh / mlp / sex_aod
hmda_oh,mlp,1007,cot_phi,sex_aod,0.0443377101745511,False,lower,hmda_oh / mlp / sex_aod
hmda_oh,mlp,1008,cot_phi,sex_aod,0.0460209708135186,False,lower,hmda_oh / mlp / sex_aod
hmda_oh,mlp,1009,cot_phi,sex_aod,0.0548623002521605,False,lower,hmda_oh / mlp / sex_aod
hmda_oh,mlp,1000,dralign,sex_aod,0.0340955940890087,False,lower,hmda_oh / mlp / sex_aod
hmda_oh,mlp,1001,dralign,sex_aod,0.0362431576199877,False,lower,hmda_oh / mlp / sex_aod
hmda_oh,mlp,1002,dralign,sex_aod,0.0397043606180104,False,lower,hmda_oh / mlp / sex_aod
hmda_oh,mlp,1003,dralign,sex_aod,0.0267925357235236,False,lower,hmda_oh / mlp / sex_aod
hmda_oh,mlp,1004,dralign,sex_aod,0.0233216202463689,False,lower,hmda_oh / mlp / sex_aod
hmda_oh,mlp,1005,dralign,sex_aod,0.0432996117305681,False,lower,hmda_oh / mlp / sex_aod
hmda_oh,mlp,1006,dralign,sex_aod,0.0386296241041508,False,lower,hmda_oh / mlp / sex_aod
hmda_oh,mlp,1007,dralign,sex_aod,0.0310308094759821,False,lower,hmda_oh / mlp / sex_aod
hmda_oh,mlp,1008,dralign,sex_aod,0.0156765299491434,False,lower,hmda_oh / mlp / sex_aod
hmda_oh,mlp,1009,dralign,sex_aod,0.0400887081675405,False,lower,hmda_oh / mlp / sex_aod
hmda_oh,mlp,1000,erm,sex_aod,0.0467455923526149,False,lower,hmda_oh / mlp / sex_aod
hmda_oh,mlp,1001,erm,sex_aod,0.0539197855931622,False,lower,hmda_oh / mlp / sex_aod
hmda_oh,mlp,1002,erm,sex_aod,0.0418264513848192,False,lower,hmda_oh / mlp / sex_aod
hmda_oh,mlp,1003,erm,sex_aod,0.0475473328055913,False,lower,hmda_oh / mlp / sex_aod
hmda_oh,mlp,1004,erm,sex_aod,0.043599334023089,False,lower,hmda_oh / mlp / sex_aod
hmda_oh,mlp,1005,erm,sex_aod,0.0284764457983049,False,lower,hmda_oh / mlp / sex_aod
hmda_oh,mlp,1006,erm,sex_aod,0.0374678924073886,False,lower,hmda_oh / mlp / sex_aod
hmda_oh,mlp,1007,erm,sex_aod,0.0473176593805577,False,lower,hmda_oh / mlp / sex_aod
hmda_oh,mlp,1008,erm,sex_aod,0.0488508919625297,False,lower,hmda_oh / mlp / sex_aod
hmda_oh,mlp,1009,erm,sex_aod,0.0357604786451865,False,lower,hmda_oh / mlp / sex_aod
hmda_oh,mlp,1000,ltdd,sex_aod,0.0454093695985658,False,lower,hmda_oh / mlp / sex_aod
hmda_oh,mlp,1001,ltdd,sex_aod,0.0469085906702751,False,lower,hmda_oh / mlp / sex_aod
hmda_oh,mlp,1002,ltdd,sex_aod,0.0437362898751934,False,lower,hmda_oh / mlp / sex_aod
hmda_oh,mlp,1003,ltdd,sex_aod,0.0491108556094207,False,lower,hmda_oh / mlp / sex_aod
hmda_oh,mlp,1004,ltdd,sex_aod,0.0449935243414212,False,lower,hmda_oh / mlp / sex_aod
hmda_oh,mlp,1005,ltdd,sex_aod,0.0331142058699638,False,lower,hmda_oh / mlp / sex_aod
hmda_oh,mlp,1006,ltdd,sex_aod,0.0454151858523599,False,lower,hmda_oh / mlp / sex_aod
hmda_oh,mlp,1007,ltdd,sex_aod,0.0317027095031698,False,lower,hmda_oh / mlp / sex_aod
hmda_oh,mlp,1008,ltdd,sex_aod,0.0421799416042945,False,lower,hmda_oh / mlp / sex_aod
hmda_oh,mlp,1009,ltdd,sex_aod,0.0260177850258905,False,lower,hmda_oh / mlp / sex_aod
hmda_oh,mlp,1000,neufair,sex_aod,0.0388216487152319,False,lower,hmda_oh / mlp / sex_aod
hmda_oh,mlp,1001,neufair,sex_aod,0.0171977580948968,False,lower,hmda_oh / mlp / sex_aod
hmda_oh,mlp,1002,neufair,sex_aod,0.0259226134405986,False,lower,hmda_oh / mlp / sex_aod
hmda_oh,mlp,1003,neufair,sex_aod,0.0110776597375411,False,lower,hmda_oh / mlp / sex_aod
hmda_oh,mlp,1004,neufair,sex_aod,0.01644856084942,False,lower,hmda_oh / mlp / sex_aod
hmda_oh,mlp,1005,neufair,sex_aod,0.0336839478407661,False,lower,hmda_oh / mlp / sex_aod
hmda_oh,mlp,1006,neufair,sex_aod,0.0091667042577007,False,lower,hmda_oh / mlp / sex_aod
hmda_oh,mlp,1007,neufair,sex_aod,0.0099533710591632,False,lower,hmda_oh / mlp / sex_aod
hmda_oh,mlp,1008,neufair,sex_aod,0.0055296411613919,False,lower,hmda_oh / mlp / sex_aod
hmda_oh,mlp,1009,neufair,sex_aod,0.0052975954430558,False,lower,hmda_oh / mlp / sex_aod
hmda_oh,mlp,1000,soft,sex_aod,0.0393598636751291,False,lower,hmda_oh / mlp / sex_aod
hmda_oh,mlp,1001,soft,sex_aod,0.0452807782349252,False,lower,hmda_oh / mlp / sex_aod
hmda_oh,mlp,1002,soft,sex_aod,0.0492069575051865,False,lower,hmda_oh / mlp / sex_aod
hmda_oh,mlp,1003,soft,sex_aod,0.0449498074455192,False,lower,hmda_oh / mlp / sex_aod
hmda_oh,mlp,1004,soft,sex_aod,0.0369138464354022,False,lower,hmda_oh / mlp / sex_aod
hmda_oh,mlp,1005,soft,sex_aod,0.0367615571074551,False,lower,hmda_oh / mlp / sex_aod
hmda_oh,mlp,1006,soft,sex_aod,0.0355831264604674,False,lower,hmda_oh / mlp / sex_aod
hmda_oh,mlp,1007,soft,sex_aod,0.0458322423212777,False,lower,hmda_oh / mlp / sex_aod
hmda_oh,mlp,1008,soft,sex_aod,0.043704632424468,False,lower,hmda_oh / mlp / sex_aod
hmda_oh,mlp,1009,soft,sex_aod,0.0408252456311965,False,lower,hmda_oh / mlp / sex_aod
hmda_oh,mlp,1000,cot_phi,subgroup_aod,0.1028188206935807,False,lower,hmda_oh / mlp / subgroup_aod
hmda_oh,mlp,1001,cot_phi,subgroup_aod,0.1093910738111889,False,lower,hmda_oh / mlp / subgroup_aod
hmda_oh,mlp,1002,cot_phi,subgroup_aod,0.0879299050502344,False,lower,hmda_oh / mlp / subgroup_aod
hmda_oh,mlp,1003,cot_phi,subgroup_aod,0.0891475372296541,False,lower,hmda_oh / mlp / subgroup_aod
hmda_oh,mlp,1004,cot_phi,subgroup_aod,0.0834502732336535,False,lower,hmda_oh / mlp / subgroup_aod
hmda_oh,mlp,1005,cot_phi,subgroup_aod,0.0603919216118448,False,lower,hmda_oh / mlp / subgroup_aod
hmda_oh,mlp,1006,cot_phi,subgroup_aod,0.055910612005206,False,lower,hmda_oh / mlp / subgroup_aod
hmda_oh,mlp,1007,cot_phi,subgroup_aod,0.086541754539277,False,lower,hmda_oh / mlp / subgroup_aod
hmda_oh,mlp,1008,cot_phi,subgroup_aod,0.0901677812189664,False,lower,hmda_oh / mlp / subgroup_aod
hmda_oh,mlp,1009,cot_phi,subgroup_aod,0.1137232367121657,False,lower,hmda_oh / mlp / subgroup_aod
hmda_oh,mlp,1000,dralign,subgroup_aod,0.0402162998458573,False,lower,hmda_oh / mlp / subgroup_aod
hmda_oh,mlp,1001,dralign,subgroup_aod,0.0461315177855455,False,lower,hmda_oh / mlp / subgroup_aod
hmda_oh,mlp,1002,dralign,subgroup_aod,0.046969733216406,False,lower,hmda_oh / mlp / subgroup_aod
hmda_oh,mlp,1003,dralign,subgroup_aod,0.0483808437262467,False,lower,hmda_oh / mlp / subgroup_aod
hmda_oh,mlp,1004,dralign,subgroup_aod,0.0761814471041152,False,lower,hmda_oh / mlp / subgroup_aod
hmda_oh,mlp,1005,dralign,subgroup_aod,0.0809083554303221,False,lower,hmda_oh / mlp / subgroup_aod
hmda_oh,mlp,1006,dralign,subgroup_aod,0.0654322753749118,False,lower,hmda_oh / mlp / subgroup_aod
hmda_oh,mlp,1007,dralign,subgroup_aod,0.0391075527354124,False,lower,hmda_oh / mlp / subgroup_aod
hmda_oh,mlp,1008,dralign,subgroup_aod,0.0360012632330334,False,lower,hmda_oh / mlp / subgroup_aod
hmda_oh,mlp,1009,dralign,subgroup_aod,0.0690264048770993,False,lower,hmda_oh / mlp / subgroup_aod
hmda_oh,mlp,1000,erm,subgroup_aod,0.1411868825901682,False,lower,hmda_oh / mlp / subgroup_aod
hmda_oh,mlp,1001,erm,subgroup_aod,0.1270121568861976,False,lower,hmda_oh / mlp / subgroup_aod
hmda_oh,mlp,1002,erm,subgroup_aod,0.1335625780745418,False,lower,hmda_oh / mlp / subgroup_aod
hmda_oh,mlp,1003,erm,subgroup_aod,0.0981354191138352,False,lower,hmda_oh / mlp / subgroup_aod
hmda_oh,mlp,1004,erm,subgroup_aod,0.1257090489450341,False,lower,hmda_oh / mlp / subgroup_aod
hmda_oh,mlp,1005,erm,subgroup_aod,0.1218562235001233,False,lower,hmda_oh / mlp / subgroup_aod
hmda_oh,mlp,1006,erm,subgroup_aod,0.1342020509395849,False,lower,hmda_oh / mlp / subgroup_aod
hmda_oh,mlp,1007,erm,subgroup_aod,0.1067938362744021,False,lower,hmda_oh / mlp / subgroup_aod
hmda_oh,mlp,1008,erm,subgroup_aod,0.1228193590250149,False,lower,hmda_oh / mlp / subgroup_aod
hmda_oh,mlp,1009,erm,subgroup_aod,0.1586421650698915,False,lower,hmda_oh / mlp / subgroup_aod
hmda_oh,mlp,1000,ltdd,subgroup_aod,0.0818135279705075,False,lower,hmda_oh / mlp / subgroup_aod
hmda_oh,mlp,1001,ltdd,subgroup_aod,0.0737220895020769,False,lower,hmda_oh / mlp / subgroup_aod
hmda_oh,mlp,1002,ltdd,subgroup_aod,0.0561749258675107,False,lower,hmda_oh / mlp / subgroup_aod
hmda_oh,mlp,1003,ltdd,subgroup_aod,0.0525397237847841,False,lower,hmda_oh / mlp / subgroup_aod
hmda_oh,mlp,1004,ltdd,subgroup_aod,0.0510582553201325,False,lower,hmda_oh / mlp / subgroup_aod
hmda_oh,mlp,1005,ltdd,subgroup_aod,0.055945278806578,False,lower,hmda_oh / mlp / subgroup_aod
hmda_oh,mlp,1006,ltdd,subgroup_aod,0.0807002175077261,False,lower,hmda_oh / mlp / subgroup_aod
hmda_oh,mlp,1007,ltdd,subgroup_aod,0.0367561278120865,False,lower,hmda_oh / mlp / subgroup_aod
hmda_oh,mlp,1008,ltdd,subgroup_aod,0.052941682911362,False,lower,hmda_oh / mlp / subgroup_aod
hmda_oh,mlp,1009,ltdd,subgroup_aod,0.0490072893871831,False,lower,hmda_oh / mlp / subgroup_aod
hmda_oh,mlp,1000,neufair,subgroup_aod,0.0564801550711307,False,lower,hmda_oh / mlp / subgroup_aod
hmda_oh,mlp,1001,neufair,subgroup_aod,0.0481072099372876,False,lower,hmda_oh / mlp / subgroup_aod
hmda_oh,mlp,1002,neufair,subgroup_aod,0.0485222201368035,False,lower,hmda_oh / mlp / subgroup_aod
hmda_oh,mlp,1003,neufair,subgroup_aod,0.0685168520942409,False,lower,hmda_oh / mlp / subgroup_aod
hmda_oh,mlp,1004,neufair,subgroup_aod,0.0920973373213183,False,lower,hmda_oh / mlp / subgroup_aod
hmda_oh,mlp,1005,neufair,subgroup_aod,0.0817996321569122,False,lower,hmda_oh / mlp / subgroup_aod
hmda_oh,mlp,1006,neufair,subgroup_aod,0.0323613652097097,False,lower,hmda_oh / mlp / subgroup_aod
hmda_oh,mlp,1007,neufair,subgroup_aod,0.0603453955760581,False,lower,hmda_oh / mlp / subgroup_aod
hmda_oh,mlp,1008,neufair,subgroup_aod,0.0899773749392461,False,lower,hmda_oh / mlp / subgroup_aod
hmda_oh,mlp,1009,neufair,subgroup_aod,0.0705449669878163,False,lower,hmda_oh / mlp / subgroup_aod
hmda_oh,mlp,1000,soft,subgroup_aod,0.0811464251160023,False,lower,hmda_oh / mlp / subgroup_aod
hmda_oh,mlp,1001,soft,subgroup_aod,0.09657673711957,False,lower,hmda_oh / mlp / subgroup_aod
hmda_oh,mlp,1002,soft,subgroup_aod,0.0739045571558628,False,lower,hmda_oh / mlp / subgroup_aod
hmda_oh,mlp,1003,soft,subgroup_aod,0.09658669488811,False,lower,hmda_oh / mlp / subgroup_aod
hmda_oh,mlp,1004,soft,subgroup_aod,0.066921407052986,False,lower,hmda_oh / mlp / subgroup_aod
hmda_oh,mlp,1005,soft,subgroup_aod,0.0764936746751174,False,lower,hmda_oh / mlp / subgroup_aod
hmda_oh,mlp,1006,soft,subgroup_aod,0.0645256423685998,False,lower,hmda_oh / mlp / subgroup_aod
hmda_oh,mlp,1007,soft,subgroup_aod,0.0588118335843713,False,lower,hmda_oh / mlp / subgroup_aod
hmda_oh,mlp,1008,soft,subgroup_aod,0.0891317118929725,False,lower,hmda_oh / mlp / subgroup_aod
hmda_oh,mlp,1009,soft,subgroup_aod,0.0812043286006502,False,lower,hmda_oh / mlp / subgroup_aod
hmda_oh,mlp,1000,cot_phi,L_R,0.3248152989301439,False,lower,hmda_oh / mlp / L_R
hmda_oh,mlp,1001,cot_phi,L_R,0.2237230885829337,False,lower,hmda_oh / mlp / L_R
hmda_oh,mlp,1002,cot_phi,L_R,0.2273490707171945,False,lower,hmda_oh / mlp / L_R
hmda_oh,mlp,1003,cot_phi,L_R,0.224650545022447,False,lower,hmda_oh / mlp / L_R
hmda_oh,mlp,1004,cot_phi,L_R,0.2511731322836161,False,lower,hmda_oh / mlp / L_R
hmda_oh,mlp,1005,cot_phi,L_R,0.2635609473202664,False,lower,hmda_oh / mlp / L_R
hmda_oh,mlp,1006,cot_phi,L_R,0.3224770781050358,False,lower,hmda_oh / mlp / L_R
hmda_oh,mlp,1007,cot_phi,L_R,0.2924975334728941,False,lower,hmda_oh / mlp / L_R
hmda_oh,mlp,1008,cot_phi,L_R,0.2572694489609051,False,lower,hmda_oh / mlp / L_R
hmda_oh,mlp,1009,cot_phi,L_R,0.2709871112262673,False,lower,hmda_oh / mlp / L_R
hmda_oh,mlp,1000,dralign,L_R,0.2345557090958597,False,lower,hmda_oh / mlp / L_R
hmda_oh,mlp,1001,dralign,L_R,0.1738713777729668,False,lower,hmda_oh / mlp / L_R
hmda_oh,mlp,1002,dralign,L_R,0.178704574560281,False,lower,hmda_oh / mlp / L_R
hmda_oh,mlp,1003,dralign,L_R,0.283747522921264,False,lower,hmda_oh / mlp / L_R
hmda_oh,mlp,1004,dralign,L_R,0.2257053908061957,False,lower,hmda_oh / mlp / L_R
hmda_oh,mlp,1005,dralign,L_R,0.3066633180704045,False,lower,hmda_oh / mlp / L_R
hmda_oh,mlp,1006,dralign,L_R,0.304900442059232,False,lower,hmda_oh / mlp / L_R
hmda_oh,mlp,1007,dralign,L_R,0.2064265227950905,False,lower,hmda_oh / mlp / L_R
hmda_oh,mlp,1008,dralign,L_R,0.2150195684503443,False,lower,hmda_oh / mlp / L_R
hmda_oh,mlp,1009,dralign,L_R,0.1485791908549364,False,lower,hmda_oh / mlp / L_R
hmda_oh,mlp,1000,erm,L_R,0.2586041740604965,False,lower,hmda_oh / mlp / L_R
hmda_oh,mlp,1001,erm,L_R,0.1813164146138035,False,lower,hmda_oh / mlp / L_R
hmda_oh,mlp,1002,erm,L_R,0.1857480594578186,False,lower,hmda_oh / mlp / L_R
hmda_oh,mlp,1003,erm,L_R,0.2139639605131274,False,lower,hmda_oh / mlp / L_R
hmda_oh,mlp,1004,erm,L_R,0.1824987923751933,False,lower,hmda_oh / mlp / L_R
hmda_oh,mlp,1005,erm,L_R,0.2062726933433656,False,lower,hmda_oh / mlp / L_R
hmda_oh,mlp,1006,erm,L_R,0.2876907320208092,False,lower,hmda_oh / mlp / L_R
hmda_oh,mlp,1007,erm,L_R,0.1868621001908824,False,lower,hmda_oh / mlp / L_R
hmda_oh,mlp,1008,erm,L_R,0.2682807554819153,False,lower,hmda_oh / mlp / L_R
hmda_oh,mlp,1009,erm,L_R,0.1324193540499338,False,lower,hmda_oh / mlp / L_R
hmda_oh,mlp,1000,ltdd,L_R,0.3503978206974241,False,lower,hmda_oh / mlp / L_R
hmda_oh,mlp,1001,ltdd,L_R,0.3675106107496696,False,lower,hmda_oh / mlp / L_R
hmda_oh,mlp,1002,ltdd,L_R,0.2371006781384565,False,lower,hmda_oh / mlp / L_R
hmda_oh,mlp,1003,ltdd,L_R,0.326379881189248,False,lower,hmda_oh / mlp / L_R
hmda_oh,mlp,1004,ltdd,L_R,0.2659282272862934,False,lower,hmda_oh / mlp / L_R
hmda_oh,mlp,1005,ltdd,L_R,0.2475118119501352,False,lower,hmda_oh / mlp / L_R
hmda_oh,mlp,1006,ltdd,L_R,0.331852885235788,False,lower,hmda_oh / mlp / L_R
hmda_oh,mlp,1007,ltdd,L_R,0.2615315877064705,False,lower,hmda_oh / mlp / L_R
hmda_oh,mlp,1008,ltdd,L_R,0.2937007808799289,False,lower,hmda_oh / mlp / L_R
hmda_oh,mlp,1009,ltdd,L_R,0.2637150992846539,False,lower,hmda_oh / mlp / L_R
hmda_oh,mlp,1000,neufair,L_R,0.1516931049914553,False,lower,hmda_oh / mlp / L_R
hmda_oh,mlp,1001,neufair,L_R,0.1016163649388623,False,lower,hmda_oh / mlp / L_R
hmda_oh,mlp,1002,neufair,L_R,0.0895372857349285,False,lower,hmda_oh / mlp / L_R
hmda_oh,mlp,1003,neufair,L_R,0.1016794168462681,False,lower,hmda_oh / mlp / L_R
hmda_oh,mlp,1004,neufair,L_R,0.0903200712990264,False,lower,hmda_oh / mlp / L_R
hmda_oh,mlp,1005,neufair,L_R,0.1202768318371939,False,lower,hmda_oh / mlp / L_R
hmda_oh,mlp,1006,neufair,L_R,0.13629667129523,False,lower,hmda_oh / mlp / L_R
hmda_oh,mlp,1007,neufair,L_R,0.0935254883950865,False,lower,hmda_oh / mlp / L_R
hmda_oh,mlp,1008,neufair,L_R,0.1280997695074855,False,lower,hmda_oh / mlp / L_R
hmda_oh,mlp,1009,neufair,L_R,0.0591212380575315,False,lower,hmda_oh / mlp / L_R
hmda_oh,mlp,1000,soft,L_R,0.0050739326815323,False,lower,hmda_oh / mlp / L_R
hmda_oh,mlp,1001,soft,L_R,0.0050542585763766,False,lower,hmda_oh / mlp / L_R
hmda_oh,mlp,1002,soft,L_R,0.0053531542989702,False,lower,hmda_oh / mlp / L_R
hmda_oh,mlp,1003,soft,L_R,0.0068408342307565,False,lower,hmda_oh / mlp / L_R
hmda_oh,mlp,1004,soft,L_R,0.0043863021283061,False,lower,hmda_oh / mlp / L_R
hmda_oh,mlp,1005,soft,L_R,0.0041106862383073,False,lower,hmda_oh / mlp / L_R
hmda_oh,mlp,1006,soft,L_R,0.005646707894629,False,lower,hmda_oh / mlp / L_R
hmda_oh,mlp,1007,soft,L_R,0.0041018090386911,False,lower,hmda_oh / mlp / L_R
hmda_oh,mlp,1008,soft,L_R,0.0047669598920902,False,lower,hmda_oh / mlp / L_R
hmda_oh,mlp,1009,soft,L_R,0.0056387809064144,False,lower,hmda_oh / mlp / L_R
hmda_oh,mlp,1000,cot_phi,violation_005,0.8777783210838644,False,lower,hmda_oh / mlp / violation_005
hmda_oh,mlp,1001,cot_phi,violation_005,0.8219316198215876,False,lower,hmda_oh / mlp / violation_005
hmda_oh,mlp,1002,cot_phi,violation_005,0.8252988880261978,False,lower,hmda_oh / mlp / violation_005
hmda_oh,mlp,1003,cot_phi,violation_005,0.822040818772643,False,lower,hmda_oh / mlp / violation_005
hmda_oh,mlp,1004,cot_phi,violation_005,0.8444489964087935,False,lower,hmda_oh / mlp / violation_005
hmda_oh,mlp,1005,cot_phi,violation_005,0.8378297531799315,False,lower,hmda_oh / mlp / violation_005
hmda_oh,mlp,1006,cot_phi,violation_005,0.8809334782137493,False,lower,hmda_oh / mlp / violation_005
hmda_oh,mlp,1007,cot_phi,violation_005,0.8477049613682349,False,lower,hmda_oh / mlp / violation_005
hmda_oh,mlp,1008,cot_phi,violation_005,0.8490690493323044,False,lower,hmda_oh / mlp / violation_005
hmda_oh,mlp,1009,cot_phi,violation_005,0.85503452433526,False,lower,hmda_oh / mlp / violation_005
hmda_oh,mlp,1000,dralign,violation_005,0.8277205346640292,False,lower,hmda_oh / mlp / violation_005
hmda_oh,mlp,1001,dralign,violation_005,0.7802705770976601,False,lower,hmda_oh / mlp / violation_005
hmda_oh,mlp,1002,dralign,violation_005,0.7806552951331087,False,lower,hmda_oh / mlp / violation_005
hmda_oh,mlp,1003,dralign,violation_005,0.8468661810309874,False,lower,hmda_oh / mlp / violation_005
hmda_oh,mlp,1004,dralign,violation_005,0.8115012614138102,False,lower,hmda_oh / mlp / violation_005
hmda_oh,mlp,1005,dralign,violation_005,0.8489454865095006,False,lower,hmda_oh / mlp / violation_005
hmda_oh,mlp,1006,dralign,violation_005,0.876403766680673,False,lower,hmda_oh / mlp / violation_005
hmda_oh,mlp,1007,dralign,violation_005,0.7987599397335731,False,lower,hmda_oh / mlp / violation_005
hmda_oh,mlp,1008,dralign,violation_005,0.8314525746141604,False,lower,hmda_oh / mlp / violation_005
hmda_oh,mlp,1009,dralign,violation_005,0.7185191544364664,False,lower,hmda_oh / mlp / violation_005
hmda_oh,mlp,1000,erm,violation_005,0.8462734894281397,False,lower,hmda_oh / mlp / violation_005
hmda_oh,mlp,1001,erm,violation_005,0.7916609753639522,False,lower,hmda_oh / mlp / violation_005
hmda_oh,mlp,1002,erm,violation_005,0.7907893589573848,False,lower,hmda_oh / mlp / violation_005
hmda_oh,mlp,1003,erm,violation_005,0.8124227213847667,False,lower,hmda_oh / mlp / violation_005
hmda_oh,mlp,1004,erm,violation_005,0.7976834633681791,False,lower,hmda_oh / mlp / violation_005
hmda_oh,mlp,1005,erm,violation_005,0.8031032098199357,False,lower,hmda_oh / mlp / violation_005
hmda_oh,mlp,1006,erm,violation_005,0.8697866470139819,False,lower,hmda_oh / mlp / violation_005
hmda_oh,mlp,1007,erm,violation_005,0.7866231942929112,False,lower,hmda_oh / mlp / violation_005
hmda_oh,mlp,1008,erm,violation_005,0.8584817617281248,False,lower,hmda_oh / mlp / violation_005
hmda_oh,mlp,1009,erm,violation_005,0.7248323347703453,False,lower,hmda_oh / mlp / violation_005
hmda_oh,mlp,1000,ltdd,violation_005,0.8870636461682447,False,lower,hmda_oh / mlp / violation_005
hmda_oh,mlp,1001,ltdd,violation_005,0.8960635806003227,False,lower,hmda_oh / mlp / violation_005
hmda_oh,mlp,1002,ltdd,violation_005,0.8327389223803897,False,lower,hmda_oh / mlp / violation_005
hmda_oh,mlp,1003,ltdd,violation_005,0.8789515568991623,False,lower,hmda_oh / mlp / violation_005
hmda_oh,mlp,1004,ltdd,violation_005,0.8492673124354494,False,lower,hmda_oh / mlp / violation_005
hmda_oh,mlp,1005,ltdd,violation_005,0.8323498641147403,False,lower,hmda_oh / mlp / violation_005
hmda_oh,mlp,1006,ltdd,violation_005,0.8843791945057247,False,lower,hmda_oh / mlp / violation_005
hmda_oh,mlp,1007,ltdd,violation_005,0.8471516510384044,False,lower,hmda_oh / mlp / violation_005
hmda_oh,mlp,1008,ltdd,violation_005,0.8740864196492554,False,lower,hmda_oh / mlp / violation_005
hmda_oh,mlp,1009,ltdd,violation_005,0.8480451672506262,False,lower,hmda_oh / mlp / violation_005
hmda_oh,mlp,1000,neufair,violation_005,0.7468831780007197,False,lower,hmda_oh / mlp / violation_005
hmda_oh,mlp,1001,neufair,violation_005,0.6358771482510198,False,lower,hmda_oh / mlp / violation_005
hmda_oh,mlp,1002,neufair,violation_005,0.5861258136548231,False,lower,hmda_oh / mlp / violation_005
hmda_oh,mlp,1003,neufair,violation_005,0.6601681072856634,False,lower,hmda_oh / mlp / violation_005
hmda_oh,mlp,1004,neufair,violation_005,0.6166333890997435,False,lower,hmda_oh / mlp / violation_005
hmda_oh,mlp,1005,neufair,violation_005,0.6700534299800341,False,lower,hmda_oh / mlp / violation_005
hmda_oh,mlp,1006,neufair,violation_005,0.7365820623030385,False,lower,hmda_oh / mlp / violation_005
hmda_oh,mlp,1007,neufair,violation_005,0.5839447296371482,False,lower,hmda_oh / mlp / violation_005
hmda_oh,mlp,1008,neufair,violation_005,0.7303789514185203,False,lower,hmda_oh / mlp / violation_005
hmda_oh,mlp,1009,neufair,violation_005,0.4654730038549713,False,lower,hmda_oh / mlp / violation_005
hmda_oh,mlp,1000,soft,violation_005,0.0001428812052192,False,lower,hmda_oh / mlp / violation_005
hmda_oh,mlp,1001,soft,violation_005,0.0005347896582035,False,lower,hmda_oh / mlp / violation_005
hmda_oh,mlp,1002,soft,violation_005,0.0011007162073552,False,lower,hmda_oh / mlp / violation_005
hmda_oh,mlp,1003,soft,violation_005,0.0049230865644988,False,lower,hmda_oh / mlp / violation_005
hmda_oh,mlp,1004,soft,violation_005,5.219753175393367e-05,False,lower,hmda_oh / mlp / violation_005
hmda_oh,mlp,1005,soft,violation_005,0.0001256593015638,False,lower,hmda_oh / mlp / violation_005
hmda_oh,mlp,1006,soft,violation_005,0.0003710006051083,False,lower,hmda_oh / mlp / violation_005
hmda_oh,mlp,1007,soft,violation_005,1.5409270216962525e-05,False,lower,hmda_oh / mlp / violation_005
hmda_oh,mlp,1008,soft,violation_005,0.0006515514499024,False,lower,hmda_oh / mlp / violation_005
hmda_oh,mlp,1009,soft,violation_005,0.000427064493223,False,lower,hmda_oh / mlp / violation_005
hmda_oh,mlp,1000,cot_phi,P_R,0.0422765068422994,False,lower,hmda_oh / mlp / P_R
hmda_oh,mlp,1001,cot_phi,P_R,0.0281116463943545,False,lower,hmda_oh / mlp / P_R
hmda_oh,mlp,1002,cot_phi,P_R,0.0285126580721052,False,lower,hmda_oh / mlp / P_R
hmda_oh,mlp,1003,cot_phi,P_R,0.030870619529623,False,lower,hmda_oh / mlp / P_R
hmda_oh,mlp,1004,cot_phi,P_R,0.0321447553224805,False,lower,hmda_oh / mlp / P_R
hmda_oh,mlp,1005,cot_phi,P_R,0.0333755386815323,False,lower,hmda_oh / mlp / P_R
hmda_oh,mlp,1006,cot_phi,P_R,0.0406662438413783,False,lower,hmda_oh / mlp / P_R
hmda_oh,mlp,1007,cot_phi,P_R,0.0374496244257485,False,lower,hmda_oh / mlp / P_R
hmda_oh,mlp,1008,cot_phi,P_R,0.0329872104015886,False,lower,hmda_oh / mlp / P_R
hmda_oh,mlp,1009,cot_phi,P_R,0.0350270330749317,False,lower,hmda_oh / mlp / P_R
hmda_oh,mlp,1000,dralign,P_R,0.027008746342657,False,lower,hmda_oh / mlp / P_R
hmda_oh,mlp,1001,dralign,P_R,0.0239349590018411,False,lower,hmda_oh / mlp / P_R
hmda_oh,mlp,1002,dralign,P_R,0.02481466418332,False,lower,hmda_oh / mlp / P_R
hmda_oh,mlp,1003,dralign,P_R,0.0419479067896668,False,lower,hmda_oh / mlp / P_R
hmda_oh,mlp,1004,dralign,P_R,0.0389473342918662,False,lower,hmda_oh / mlp / P_R
hmda_oh,mlp,1005,dralign,P_R,0.0494153153159012,False,lower,hmda_oh / mlp / P_R
hmda_oh,mlp,1006,dralign,P_R,0.0436507545219938,False,lower,hmda_oh / mlp / P_R
hmda_oh,mlp,1007,dralign,P_R,0.0275932377490249,False,lower,hmda_oh / mlp / P_R
hmda_oh,mlp,1008,dralign,P_R,0.0260995163176848,False,lower,hmda_oh / mlp / P_R
hmda_oh,mlp,1009,dralign,P_R,0.0235425469190798,False,lower,hmda_oh / mlp / P_R
hmda_oh,mlp,1000,erm,P_R,0.0377257799955342,False,lower,hmda_oh / mlp / P_R
hmda_oh,mlp,1001,erm,P_R,0.0300007688986425,False,lower,hmda_oh / mlp / P_R
hmda_oh,mlp,1002,erm,P_R,0.0322569421595794,False,lower,hmda_oh / mlp / P_R
hmda_oh,mlp,1003,erm,P_R,0.0317756094423275,False,lower,hmda_oh / mlp / P_R
hmda_oh,mlp,1004,erm,P_R,0.0289074837756126,False,lower,hmda_oh / mlp / P_R
hmda_oh,mlp,1005,erm,P_R,0.0318369525429855,False,lower,hmda_oh / mlp / P_R
hmda_oh,mlp,1006,erm,P_R,0.0468919639040499,False,lower,hmda_oh / mlp / P_R
hmda_oh,mlp,1007,erm,P_R,0.0285777112229992,False,lower,hmda_oh / mlp / P_R
hmda_oh,mlp,1008,erm,P_R,0.0420439295876119,False,lower,hmda_oh / mlp / P_R
hmda_oh,mlp,1009,erm,P_R,0.0257695033082641,False,lower,hmda_oh / mlp / P_R
hmda_oh,mlp,1000,ltdd,P_R,0.0490852533323996,False,lower,hmda_oh / mlp / P_R
hmda_oh,mlp,1001,ltdd,P_R,0.0500508711509807,False,lower,hmda_oh / mlp / P_R
hmda_oh,mlp,1002,ltdd,P_R,0.0303579595917924,False,lower,hmda_oh / mlp / P_R
hmda_oh,mlp,1003,ltdd,P_R,0.0422462523866729,False,lower,hmda_oh / mlp / P_R
hmda_oh,mlp,1004,ltdd,P_R,0.0357853058716888,False,lower,hmda_oh / mlp / P_R
hmda_oh,mlp,1005,ltdd,P_R,0.0376074109530874,False,lower,hmda_oh / mlp / P_R
hmda_oh,mlp,1006,ltdd,P_R,0.0482479037812575,False,lower,hmda_oh / mlp / P_R
hmda_oh,mlp,1007,ltdd,P_R,0.0432049834697201,False,lower,hmda_oh / mlp / P_R
hmda_oh,mlp,1008,ltdd,P_R,0.0374659660364809,False,lower,hmda_oh / mlp / P_R
hmda_oh,mlp,1009,ltdd,P_R,0.0426871387343422,False,lower,hmda_oh / mlp / P_R
hmda_oh,mlp,1000,neufair,P_R,0.0264752845360037,False,lower,hmda_oh / mlp / P_R
hmda_oh,mlp,1001,neufair,P_R,0.0192825192406979,False,lower,hmda_oh / mlp / P_R
hmda_oh,mlp,1002,neufair,P_R,0.018843032701768,False,lower,hmda_oh / mlp / P_R
hmda_oh,mlp,1003,neufair,P_R,0.0180189506969861,False,lower,hmda_oh / mlp / P_R
hmda_oh,mlp,1004,neufair,P_R,0.0164631305373739,False,lower,hmda_oh / mlp / P_R
hmda_oh,mlp,1005,neufair,P_R,0.0199608385425061,False,lower,hmda_oh / mlp / P_R
hmda_oh,mlp,1006,neufair,P_R,0.021383052157196,False,lower,hmda_oh / mlp / P_R
hmda_oh,mlp,1007,neufair,P_R,0.0170327674596455,False,lower,hmda_oh / mlp / P_R
hmda_oh,mlp,1008,neufair,P_R,0.0212158618317756,False,lower,hmda_oh / mlp / P_R
hmda_oh,mlp,1009,neufair,P_R,0.0114179209418248,False,lower,hmda_oh / mlp / P_R
hmda_oh,mlp,1000,soft,P_R,0.0006799651016835,False,lower,hmda_oh / mlp / P_R
hmda_oh,mlp,1001,soft,P_R,0.0008399302046126,False,lower,hmda_oh / mlp / P_R
hmda_oh,mlp,1002,soft,P_R,0.0010733418623961,False,lower,hmda_oh / mlp / P_R
hmda_oh,mlp,1003,soft,P_R,0.0012917657109091,False,lower,hmda_oh / mlp / P_R
hmda_oh,mlp,1004,soft,P_R,0.0007307280406654,False,lower,hmda_oh / mlp / P_R
hmda_oh,mlp,1005,soft,P_R,0.0005674254531448,False,lower,hmda_oh / mlp / P_R
hmda_oh,mlp,1006,soft,P_R,0.0009033815644512,False,lower,hmda_oh / mlp / P_R
hmda_oh,mlp,1007,soft,P_R,0.0006891414046101,False,lower,hmda_oh / mlp / P_R
hmda_oh,mlp,1008,soft,P_R,0.0007762142943787,False,lower,hmda_oh / mlp / P_R
hmda_oh,mlp,1009,soft,P_R,0.0011082830064279,False,lower,hmda_oh / mlp / P_R
hmda_oh,mlp,1000,cot_phi,decision_disagreement,0.085271213986525,False,lower,hmda_oh / mlp / decision_disagreement
hmda_oh,mlp,1001,cot_phi,decision_disagreement,0.0500699269995016,False,lower,hmda_oh / mlp / decision_disagreement
hmda_oh,mlp,1002,cot_phi,decision_disagreement,0.0572791228763532,False,lower,hmda_oh / mlp / decision_disagreement
hmda_oh,mlp,1003,cot_phi,decision_disagreement,0.0628818793013314,False,lower,hmda_oh / mlp / decision_disagreement
hmda_oh,mlp,1004,cot_phi,decision_disagreement,0.0571215796575582,False,lower,hmda_oh / mlp / decision_disagreement
hmda_oh,mlp,1005,cot_phi,decision_disagreement,0.0686643367083283,False,lower,hmda_oh / mlp / decision_disagreement
hmda_oh,mlp,1006,cot_phi,decision_disagreement,0.0828377632396694,False,lower,hmda_oh / mlp / decision_disagreement
hmda_oh,mlp,1007,cot_phi,decision_disagreement,0.0707916052702894,False,lower,hmda_oh / mlp / decision_disagreement
hmda_oh,mlp,1008,cot_phi,decision_disagreement,0.0691251287133792,False,lower,hmda_oh / mlp / decision_disagreement
hmda_oh,mlp,1009,cot_phi,decision_disagreement,0.0695691354391717,False,lower,hmda_oh / mlp / decision_disagreement
hmda_oh,mlp,1000,dralign,decision_disagreement,0.0520024698520634,False,lower,hmda_oh / mlp / decision_disagreement
hmda_oh,mlp,1001,dralign,decision_disagreement,0.0599440507469849,False,lower,hmda_oh / mlp / decision_disagreement
hmda_oh,mlp,1002,dralign,decision_disagreement,0.0493806128320175,False,lower,hmda_oh / mlp / decision_disagreement
hmda_oh,mlp,1003,dralign,decision_disagreement,0.1229299998810225,False,lower,hmda_oh / mlp / decision_disagreement
hmda_oh,mlp,1004,dralign,decision_disagreement,0.1216207153372018,False,lower,hmda_oh / mlp / decision_disagreement
hmda_oh,mlp,1005,dralign,decision_disagreement,0.1476606554604857,False,lower,hmda_oh / mlp / decision_disagreement
hmda_oh,mlp,1006,dralign,decision_disagreement,0.1218202978196245,False,lower,hmda_oh / mlp / decision_disagreement
hmda_oh,mlp,1007,dralign,decision_disagreement,0.0665653463042449,False,lower,hmda_oh / mlp / decision_disagreement
hmda_oh,mlp,1008,dralign,decision_disagreement,0.0434619059949679,False,lower,hmda_oh / mlp / decision_disagreement
hmda_oh,mlp,1009,dralign,decision_disagreement,0.0687061833659063,False,lower,hmda_oh / mlp / decision_disagreement
hmda_oh,mlp,1000,erm,decision_disagreement,0.1036895737521896,False,lower,hmda_oh / mlp / decision_disagreement
hmda_oh,mlp,1001,erm,decision_disagreement,0.0897287447790549,False,lower,hmda_oh / mlp / decision_disagreement
hmda_oh,mlp,1002,erm,decision_disagreement,0.0772706399737329,False,lower,hmda_oh / mlp / decision_disagreement
hmda_oh,mlp,1003,erm,decision_disagreement,0.0785284436733605,False,lower,hmda_oh / mlp / decision_disagreement
hmda_oh,mlp,1004,erm,decision_disagreement,0.0823055317684373,False,lower,hmda_oh / mlp / decision_disagreement
hmda_oh,mlp,1005,erm,decision_disagreement,0.0841824461278215,False,lower,hmda_oh / mlp / decision_disagreement
hmda_oh,mlp,1006,erm,decision_disagreement,0.1467778828956124,False,lower,hmda_oh / mlp / decision_disagreement
hmda_oh,mlp,1007,erm,decision_disagreement,0.0775268511350669,False,lower,hmda_oh / mlp / decision_disagreement
hmda_oh,mlp,1008,erm,decision_disagreement,0.122569134439554,False,lower,hmda_oh / mlp / decision_disagreement
hmda_oh,mlp,1009,erm,decision_disagreement,0.0901881243349427,False,lower,hmda_oh / mlp / decision_disagreement
hmda_oh,mlp,1000,ltdd,decision_disagreement,0.1152921788246873,False,lower,hmda_oh / mlp / decision_disagreement
hmda_oh,mlp,1001,ltdd,decision_disagreement,0.1135453899523544,False,lower,hmda_oh / mlp / decision_disagreement
hmda_oh,mlp,1002,ltdd,decision_disagreement,0.0601208591575598,False,lower,hmda_oh / mlp / decision_disagreement
hmda_oh,mlp,1003,ltdd,decision_disagreement,0.0846944349888217,False,lower,hmda_oh / mlp / decision_disagreement
hmda_oh,mlp,1004,ltdd,decision_disagreement,0.0905097590525102,False,lower,hmda_oh / mlp / decision_disagreement
hmda_oh,mlp,1005,ltdd,decision_disagreement,0.0827283011705824,False,lower,hmda_oh / mlp / decision_disagreement
hmda_oh,mlp,1006,ltdd,decision_disagreement,0.1175484144583477,False,lower,hmda_oh / mlp / decision_disagreement
hmda_oh,mlp,1007,ltdd,decision_disagreement,0.1219119000992448,False,lower,hmda_oh / mlp / decision_disagreement
hmda_oh,mlp,1008,ltdd,decision_disagreement,0.0704663111165828,False,lower,hmda_oh / mlp / decision_disagreement
hmda_oh,mlp,1009,ltdd,decision_disagreement,0.1045343375833994,False,lower,hmda_oh / mlp / decision_disagreement
hmda_oh,mlp,1000,neufair,decision_disagreement,0.059788275377224,False,lower,hmda_oh / mlp / decision_disagreement
hmda_oh,mlp,1001,neufair,decision_disagreement,0.044691064644594,False,lower,hmda_oh / mlp / decision_disagreement
hmda_oh,mlp,1002,neufair,decision_disagreement,0.0427325539967139,False,lower,hmda_oh / mlp / decision_disagreement
hmda_oh,mlp,1003,neufair,decision_disagreement,0.0336103053529765,False,lower,hmda_oh / mlp / decision_disagreement
hmda_oh,mlp,1004,neufair,decision_disagreement,0.040134052536117,False,lower,hmda_oh / mlp / decision_disagreement
hmda_oh,mlp,1005,neufair,decision_disagreement,0.0384857477238792,False,lower,hmda_oh / mlp / decision_disagreement
hmda_oh,mlp,1006,neufair,decision_disagreement,0.0344190405701732,False,lower,hmda_oh / mlp / decision_disagreement
hmda_oh,mlp,1007,neufair,decision_disagreement,0.0477918284400003,False,lower,hmda_oh / mlp / decision_disagreement
hmda_oh,mlp,1008,neufair,decision_disagreement,0.0302633265473113,False,lower,hmda_oh / mlp / decision_disagreement
hmda_oh,mlp,1009,neufair,decision_disagreement,0.0270466932147426,False,lower,hmda_oh / mlp / decision_disagreement
hmda_oh,mlp,1000,soft,decision_disagreement,0.0021415755118842,False,lower,hmda_oh / mlp / decision_disagreement
hmda_oh,mlp,1001,soft,decision_disagreement,0.002532989089672,False,lower,hmda_oh / mlp / decision_disagreement
hmda_oh,mlp,1002,soft,decision_disagreement,0.0038762675475482,False,lower,hmda_oh / mlp / decision_disagreement
hmda_oh,mlp,1003,soft,decision_disagreement,0.006873445786665,False,lower,hmda_oh / mlp / decision_disagreement
hmda_oh,mlp,1004,soft,decision_disagreement,0.0014739538509,False,lower,hmda_oh / mlp / decision_disagreement
hmda_oh,mlp,1005,soft,decision_disagreement,0.0012247349689166,False,lower,hmda_oh / mlp / decision_disagreement
hmda_oh,mlp,1006,soft,decision_disagreement,0.0035230254289485,False,lower,hmda_oh / mlp / decision_disagreement
hmda_oh,mlp,1007,soft,decision_disagreement,0.0011553834804176,False,lower,hmda_oh / mlp / decision_disagreement
hmda_oh,mlp,1008,soft,decision_disagreement,0.0029677388136756,False,lower,hmda_oh / mlp / decision_disagreement
hmda_oh,mlp,1009,soft,decision_disagreement,0.0047176994813437,False,lower,hmda_oh / mlp / decision_disagreement
hmda_oh,mlp,1000,cot_phi,opposite_005,0.1824272204549856,False,lower,hmda_oh / mlp / opposite_005
hmda_oh,mlp,1001,cot_phi,opposite_005,0.1248118404730682,False,lower,hmda_oh / mlp / opposite_005
hmda_oh,mlp,1002,cot_phi,opposite_005,0.1367065928365619,False,lower,hmda_oh / mlp / opposite_005
hmda_oh,mlp,1003,cot_phi,opposite_005,0.1070459005299427,False,lower,hmda_oh / mlp / opposite_005
hmda_oh,mlp,1004,cot_phi,opposite_005,0.1391266675453973,False,lower,hmda_oh / mlp / opposite_005
hmda_oh,mlp,1005,cot_phi,opposite_005,0.1464412510149057,False,lower,hmda_oh / mlp / opposite_005
hmda_oh,mlp,1006,cot_phi,opposite_005,0.1805652010083922,False,lower,hmda_oh / mlp / opposite_005
hmda_oh,mlp,1007,cot_phi,opposite_005,0.1386557879080555,False,lower,hmda_oh / mlp / opposite_005
hmda_oh,mlp,1008,cot_phi,opposite_005,0.1678933103344673,False,lower,hmda_oh / mlp / opposite_005
hmda_oh,mlp,1009,cot_phi,opposite_005,0.1303012360017569,False,lower,hmda_oh / mlp / opposite_005
hmda_oh,mlp,1000,dralign,opposite_005,0.1037633315824518,False,lower,hmda_oh / mlp / opposite_005
hmda_oh,mlp,1001,dralign,opposite_005,0.079207289395838,False,lower,hmda_oh / mlp / opposite_005
hmda_oh,mlp,1002,dralign,opposite_005,0.0694908133105631,False,lower,hmda_oh / mlp / opposite_005
hmda_oh,mlp,1003,dralign,opposite_005,0.1298684733235196,False,lower,hmda_oh / mlp / opposite_005
hmda_oh,mlp,1004,dralign,opposite_005,0.1018550990099963,False,lower,hmda_oh / mlp / opposite_005
hmda_oh,mlp,1005,dralign,opposite_005,0.1403851500091038,False,lower,hmda_oh / mlp / opposite_005
hmda_oh,mlp,1006,dralign,opposite_005,0.1400818448508437,False,lower,hmda_oh / mlp / opposite_005
hmda_oh,mlp,1007,dralign,opposite_005,0.098616534933162,False,lower,hmda_oh / mlp / opposite_005
hmda_oh,mlp,1008,dralign,opposite_005,0.1459538618375921,False,lower,hmda_oh / mlp / opposite_005
hmda_oh,mlp,1009,dralign,opposite_005,0.0612673132845485,False,lower,hmda_oh / mlp / opposite_005
hmda_oh,mlp,1000,erm,opposite_005,0.138624550025617,False,lower,hmda_oh / mlp / opposite_005
hmda_oh,mlp,1001,erm,opposite_005,0.1015272686361325,False,lower,hmda_oh / mlp / opposite_005
hmda_oh,mlp,1002,erm,opposite_005,0.1076353477620534,False,lower,hmda_oh / mlp / opposite_005
hmda_oh,mlp,1003,erm,opposite_005,0.1059811705778418,False,lower,hmda_oh / mlp / opposite_005
hmda_oh,mlp,1004,erm,opposite_005,0.0909295297456416,False,lower,hmda_oh / mlp / opposite_005
hmda_oh,mlp,1005,erm,opposite_005,0.1079134762877317,False,lower,hmda_oh / mlp / opposite_005
hmda_oh,mlp,1006,erm,opposite_005,0.154054732251961,False,lower,hmda_oh / mlp / opposite_005
hmda_oh,mlp,1007,erm,opposite_005,0.0837469238503581,False,lower,hmda_oh / mlp / opposite_005
hmda_oh,mlp,1008,erm,opposite_005,0.1775601749931094,False,lower,hmda_oh / mlp / opposite_005
hmda_oh,mlp,1009,erm,opposite_005,0.079634556309683,False,lower,hmda_oh / mlp / opposite_005
hmda_oh,mlp,1000,ltdd,opposite_005,0.1934932742957498,False,lower,hmda_oh / mlp / opposite_005
hmda_oh,mlp,1001,ltdd,opposite_005,0.1918724728440234,False,lower,hmda_oh / mlp / opposite_005
hmda_oh,mlp,1002,ltdd,opposite_005,0.1173694801496761,False,lower,hmda_oh / mlp / opposite_005
hmda_oh,mlp,1003,ltdd,opposite_005,0.2066723176767017,False,lower,hmda_oh / mlp / opposite_005
hmda_oh,mlp,1004,ltdd,opposite_005,0.1211929744360881,False,lower,hmda_oh / mlp / opposite_005
hmda_oh,mlp,1005,ltdd,opposite_005,0.1349062123619969,False,lower,hmda_oh / mlp / opposite_005
hmda_oh,mlp,1006,ltdd,opposite_005,0.1904620522467774,False,lower,hmda_oh / mlp / opposite_005
hmda_oh,mlp,1007,ltdd,opposite_005,0.1482972575956225,False,lower,hmda_oh / mlp / opposite_005
hmda_oh,mlp,1008,ltdd,opposite_005,0.1662786353126389,False,lower,hmda_oh / mlp / opposite_005
hmda_oh,mlp,1009,ltdd,opposite_005,0.1516370184957718,False,lower,hmda_oh / mlp / opposite_005
hmda_oh,mlp,1000,neufair,opposite_005,0.1532330195623683,False,lower,hmda_oh / mlp / opposite_005
hmda_oh,mlp,1001,neufair,opposite_005,0.102671482357872,False,lower,hmda_oh / mlp / opposite_005
hmda_oh,mlp,1002,neufair,opposite_005,0.0995657285470775,False,lower,hmda_oh / mlp / opposite_005
hmda_oh,mlp,1003,neufair,opposite_005,0.1478705347767781,False,lower,hmda_oh / mlp / opposite_005
hmda_oh,mlp,1004,neufair,opposite_005,0.0867900298059613,False,lower,hmda_oh / mlp / opposite_005
hmda_oh,mlp,1005,neufair,opposite_005,0.0992139062662351,False,lower,hmda_oh / mlp / opposite_005
hmda_oh,mlp,1006,neufair,opposite_005,0.1339878556016936,False,lower,hmda_oh / mlp / opposite_005
hmda_oh,mlp,1007,neufair,opposite_005,0.0730352304208659,False,lower,hmda_oh / mlp / opposite_005
hmda_oh,mlp,1008,neufair,opposite_005,0.1605098516545746,False,lower,hmda_oh / mlp / opposite_005
hmda_oh,mlp,1009,neufair,opposite_005,0.0589798685304652,False,lower,hmda_oh / mlp / opposite_005
hmda_oh,mlp,1000,soft,opposite_005,0.0,False,lower,hmda_oh / mlp / opposite_005
hmda_oh,mlp,1001,soft,opposite_005,0.0,False,lower,hmda_oh / mlp / opposite_005
hmda_oh,mlp,1002,soft,opposite_005,0.0,False,lower,hmda_oh / mlp / opposite_005
hmda_oh,mlp,1003,soft,opposite_005,0.0,False,lower,hmda_oh / mlp / opposite_005
hmda_oh,mlp,1004,soft,opposite_005,0.0,False,lower,hmda_oh / mlp / opposite_005
hmda_oh,mlp,1005,soft,opposite_005,0.0,False,lower,hmda_oh / mlp / opposite_005
hmda_oh,mlp,1006,soft,opposite_005,0.0,False,lower,hmda_oh / mlp / opposite_005
hmda_oh,mlp,1007,soft,opposite_005,0.0,False,lower,hmda_oh / mlp / opposite_005
hmda_oh,mlp,1008,soft,opposite_005,0.0,False,lower,hmda_oh / mlp / opposite_005
hmda_oh,mlp,1009,soft,opposite_005,0.0,False,lower,hmda_oh / mlp / opposite_005
hmda_oh,mlp,1000,cot_phi,L_third,0.2185185015136417,False,lower,hmda_oh / mlp / L_third
hmda_oh,mlp,1001,cot_phi,L_third,0.132840560374445,False,lower,hmda_oh / mlp / L_third
hmda_oh,mlp,1002,cot_phi,L_third,0.1322839721596056,False,lower,hmda_oh / mlp / L_third
hmda_oh,mlp,1003,cot_phi,L_third,0.120311279799266,False,lower,hmda_oh / mlp / L_third
hmda_oh,mlp,1004,cot_phi,L_third,0.1641825208669014,False,lower,hmda_oh / mlp / L_third
hmda_oh,mlp,1005,cot_phi,L_third,0.1417040832630847,False,lower,hmda_oh / mlp / L_third
hmda_oh,mlp,1006,cot_phi,L_third,0.1991034853831859,False,lower,hmda_oh / mlp / L_third
hmda_oh,mlp,1007,cot_phi,L_third,0.1872250920935029,False,lower,hmda_oh / mlp / L_third
hmda_oh,mlp,1008,cot_phi,L_third,0.1554620416784007,False,lower,hmda_oh / mlp / L_third
hmda_oh,mlp,1009,cot_phi,L_third,0.1447957587546688,False,lower,hmda_oh / mlp / L_third
hmda_oh,mlp,1000,dralign,L_third,0.15674841209731,False,lower,hmda_oh / mlp / L_third
hmda_oh,mlp,1001,dralign,L_third,0.1010215349745292,False,lower,hmda_oh / mlp / L_third
hmda_oh,mlp,1002,dralign,L_third,0.1047853695461706,False,lower,hmda_oh / mlp / L_third
hmda_oh,mlp,1003,dralign,L_third,0.1676651644698727,False,lower,hmda_oh / mlp / L_third
hmda_oh,mlp,1004,dralign,L_third,0.1375787560514385,False,lower,hmda_oh / mlp / L_third
hmda_oh,mlp,1005,dralign,L_third,0.1672312748343594,False,lower,hmda_oh / mlp / L_third
hmda_oh,mlp,1006,dralign,L_third,0.228129208920278,False,lower,hmda_oh / mlp / L_third
hmda_oh,mlp,1007,dralign,L_third,0.1448413906130981,False,lower,hmda_oh / mlp / L_third
hmda_oh,mlp,1008,dralign,L_third,0.1275326252458421,False,lower,hmda_oh / mlp / L_third
hmda_oh,mlp,1009,dralign,L_third,0.0841157256576667,False,lower,hmda_oh / mlp / L_third
hmda_oh,mlp,1000,erm,L_third,0.1837151639595354,False,lower,hmda_oh / mlp / L_third
hmda_oh,mlp,1001,erm,L_third,0.1068053151229866,False,lower,hmda_oh / mlp / L_third
hmda_oh,mlp,1002,erm,L_third,0.1138022697355611,False,lower,hmda_oh / mlp / L_third
hmda_oh,mlp,1003,erm,L_third,0.133844105053601,False,lower,hmda_oh / mlp / L_third
hmda_oh,mlp,1004,erm,L_third,0.1309665537831327,False,lower,hmda_oh / mlp / L_third
hmda_oh,mlp,1005,erm,L_third,0.1174901583153193,False,lower,hmda_oh / mlp / L_third
hmda_oh,mlp,1006,erm,L_third,0.2126727040593168,False,lower,hmda_oh / mlp / L_third
hmda_oh,mlp,1007,erm,L_third,0.1311570283273472,False,lower,hmda_oh / mlp / L_third
hmda_oh,mlp,1008,erm,L_third,0.1685967419017447,False,lower,hmda_oh / mlp / L_third
hmda_oh,mlp,1009,erm,L_third,0.0874257312505181,False,lower,hmda_oh / mlp / L_third
hmda_oh,mlp,1000,ltdd,L_third,0.2479890726931916,False,lower,hmda_oh / mlp / L_third
hmda_oh,mlp,1001,ltdd,L_third,0.2515350286547824,False,lower,hmda_oh / mlp / L_third
hmda_oh,mlp,1002,ltdd,L_third,0.1264579967774274,False,lower,hmda_oh / mlp / L_third
hmda_oh,mlp,1003,ltdd,L_third,0.2370017133818829,False,lower,hmda_oh / mlp / L_third
hmda_oh,mlp,1004,ltdd,L_third,0.1607125403593933,False,lower,hmda_oh / mlp / L_third
hmda_oh,mlp,1005,ltdd,L_third,0.1649689534338806,False,lower,hmda_oh / mlp / L_third
hmda_oh,mlp,1006,ltdd,L_third,0.2242705771420176,False,lower,hmda_oh / mlp / L_third
hmda_oh,mlp,1007,ltdd,L_third,0.1918013409471583,False,lower,hmda_oh / mlp / L_third
hmda_oh,mlp,1008,ltdd,L_third,0.2140898452011331,False,lower,hmda_oh / mlp / L_third
hmda_oh,mlp,1009,ltdd,L_third,0.1703291318272378,False,lower,hmda_oh / mlp / L_third
hmda_oh,mlp,1000,neufair,L_third,0.0982739552003705,False,lower,hmda_oh / mlp / L_third
hmda_oh,mlp,1001,neufair,L_third,0.0583530441602331,False,lower,hmda_oh / mlp / L_third
hmda_oh,mlp,1002,neufair,L_third,0.0562824512375568,False,lower,hmda_oh / mlp / L_third
hmda_oh,mlp,1003,neufair,L_third,0.0660125461701957,False,lower,hmda_oh / mlp / L_third
hmda_oh,mlp,1004,neufair,L_third,0.0649769510059522,False,lower,hmda_oh / mlp / L_third
hmda_oh,mlp,1005,neufair,L_third,0.0722737083111918,False,lower,hmda_oh / mlp / L_third
hmda_oh,mlp,1006,neufair,L_third,0.0948494877514748,False,lower,hmda_oh / mlp / L_third
hmda_oh,mlp,1007,neufair,L_third,0.0636664423184984,False,lower,hmda_oh / mlp / L_third
hmda_oh,mlp,1008,neufair,L_third,0.0782871644115519,False,lower,hmda_oh / mlp / L_third
hmda_oh,mlp,1009,neufair,L_third,0.0383914732920688,False,lower,hmda_oh / mlp / L_third
hmda_oh,mlp,1000,soft,L_third,0.0001619603013804,False,lower,hmda_oh / mlp / L_third
hmda_oh,mlp,1001,soft,L_third,0.000108282254488,False,lower,hmda_oh / mlp / L_third
hmda_oh,mlp,1002,soft,L_third,0.0001710520513494,False,lower,hmda_oh / mlp / L_third
hmda_oh,mlp,1003,soft,L_third,0.000473083558057,False,lower,hmda_oh / mlp / L_third
hmda_oh,mlp,1004,soft,L_third,0.0001387489514848,False,lower,hmda_oh / mlp / L_third
hmda_oh,mlp,1005,soft,L_third,0.0001204665425543,False,lower,hmda_oh / mlp / L_third
hmda_oh,mlp,1006,soft,L_third,0.0001975886791574,False,lower,hmda_oh / mlp / L_third
hmda_oh,mlp,1007,soft,L_third,0.0001628293978423,False,lower,hmda_oh / mlp / L_third
hmda_oh,mlp,1008,soft,L_third,0.0001889673656369,False,lower,hmda_oh / mlp / L_third
hmda_oh,mlp,1009,soft,L_third,0.0002566432458369,False,lower,hmda_oh / mlp / L_third
hmda_oh,mlp,1000,cot_phi,dp,0.142057810427913,False,lower,hmda_oh / mlp / dp
hmda_oh,mlp,1001,cot_phi,dp,0.1346933559751356,False,lower,hmda_oh / mlp / dp
hmda_oh,mlp,1002,cot_phi,dp,0.1178784101138431,False,lower,hmda_oh / mlp / dp
hmda_oh,mlp,1003,cot_phi,dp,0.1207697834167729,False,lower,hmda_oh / mlp / dp
hmda_oh,mlp,1004,cot_phi,dp,0.1047573342117443,False,lower,hmda_oh / mlp / dp
hmda_oh,mlp,1005,cot_phi,dp,0.0981970802297877,False,lower,hmda_oh / mlp / dp
hmda_oh,mlp,1006,cot_phi,dp,0.0932173982183778,False,lower,hmda_oh / mlp / dp
hmda_oh,mlp,1007,cot_phi,dp,0.1193817424911471,False,lower,hmda_oh / mlp / dp
hmda_oh,mlp,1008,cot_phi,dp,0.1193567532109804,False,lower,hmda_oh / mlp / dp
hmda_oh,mlp,1009,cot_phi,dp,0.1460316739126113,False,lower,hmda_oh / mlp / dp
hmda_oh,mlp,1000,dralign,dp,0.0572282912727778,False,lower,hmda_oh / mlp / dp
hmda_oh,mlp,1001,dralign,dp,0.0713182697195237,False,lower,hmda_oh / mlp / dp
hmda_oh,mlp,1002,dralign,dp,0.0817001797524357,False,lower,hmda_oh / mlp / dp
hmda_oh,mlp,1003,dralign,dp,0.0867996967210088,False,lower,hmda_oh / mlp / dp
hmda_oh,mlp,1004,dralign,dp,0.0257929126993817,False,lower,hmda_oh / mlp / dp
hmda_oh,mlp,1005,dralign,dp,0.0345596065324249,False,lower,hmda_oh / mlp / dp
hmda_oh,mlp,1006,dralign,dp,0.1163779174274671,False,lower,hmda_oh / mlp / dp
hmda_oh,mlp,1007,dralign,dp,0.0588605456182148,False,lower,hmda_oh / mlp / dp
hmda_oh,mlp,1008,dralign,dp,0.0502710484990813,False,lower,hmda_oh / mlp / dp
hmda_oh,mlp,1009,dralign,dp,0.0333589852080499,False,lower,hmda_oh / mlp / dp
hmda_oh,mlp,1000,erm,dp,0.1599427518308908,False,lower,hmda_oh / mlp / dp
hmda_oh,mlp,1001,erm,dp,0.1298778080993664,False,lower,hmda_oh / mlp / dp
hmda_oh,mlp,1002,erm,dp,0.1608463414841928,False,lower,hmda_oh / mlp / dp
hmda_oh,mlp,1003,erm,dp,0.1214581244977296,False,lower,hmda_oh / mlp / dp
hmda_oh,mlp,1004,erm,dp,0.1485277622383579,False,lower,hmda_oh / mlp / dp
hmda_oh,mlp,1005,erm,dp,0.1478530516738557,False,lower,hmda_oh / mlp / dp
hmda_oh,mlp,1006,erm,dp,0.1618033173269422,False,lower,hmda_oh / mlp / dp
hmda_oh,mlp,1007,erm,dp,0.1330247535858196,False,lower,hmda_oh / mlp / dp
hmda_oh,mlp,1008,erm,dp,0.1505416710445235,False,lower,hmda_oh / mlp / dp
hmda_oh,mlp,1009,erm,dp,0.1652927295393169,False,lower,hmda_oh / mlp / dp
hmda_oh,mlp,1000,ltdd,dp,0.1065923424894433,False,lower,hmda_oh / mlp / dp
hmda_oh,mlp,1001,ltdd,dp,0.1085165170622829,False,lower,hmda_oh / mlp / dp
hmda_oh,mlp,1002,ltdd,dp,0.0612288478521997,False,lower,hmda_oh / mlp / dp
hmda_oh,mlp,1003,ltdd,dp,0.0827321234356852,False,lower,hmda_oh / mlp / dp
hmda_oh,mlp,1004,ltdd,dp,0.0718788247087186,False,lower,hmda_oh / mlp / dp
hmda_oh,mlp,1005,ltdd,dp,0.0563746801798091,False,lower,hmda_oh / mlp / dp
hmda_oh,mlp,1006,ltdd,dp,0.1155737169566464,False,lower,hmda_oh / mlp / dp
hmda_oh,mlp,1007,ltdd,dp,0.0758276989132502,False,lower,hmda_oh / mlp / dp
hmda_oh,mlp,1008,ltdd,dp,0.0646171670675362,False,lower,hmda_oh / mlp / dp
hmda_oh,mlp,1009,ltdd,dp,0.0835982291687372,False,lower,hmda_oh / mlp / dp
hmda_oh,mlp,1000,neufair,dp,0.0309463837955876,False,lower,hmda_oh / mlp / dp
hmda_oh,mlp,1001,neufair,dp,0.0237613978094624,False,lower,hmda_oh / mlp / dp
hmda_oh,mlp,1002,neufair,dp,0.0314302671297256,False,lower,hmda_oh / mlp / dp
hmda_oh,mlp,1003,neufair,dp,0.0210864089552492,False,lower,hmda_oh / mlp / dp
hmda_oh,mlp,1004,neufair,dp,0.0020672949956126,False,lower,hmda_oh / mlp / dp
hmda_oh,mlp,1005,neufair,dp,0.0116978228089654,False,lower,hmda_oh / mlp / dp
hmda_oh,mlp,1006,neufair,dp,0.0348441435634145,False,lower,hmda_oh / mlp / dp
hmda_oh,mlp,1007,neufair,dp,0.0179780832654173,False,lower,hmda_oh / mlp / dp
hmda_oh,mlp,1008,neufair,dp,0.0235450133607457,False,lower,hmda_oh / mlp / dp
hmda_oh,mlp,1009,neufair,dp,0.0198761326817189,False,lower,hmda_oh / mlp / dp
hmda_oh,mlp,1000,soft,dp,0.1123381731132383,False,lower,hmda_oh / mlp / dp
hmda_oh,mlp,1001,soft,dp,0.1307967320836799,False,lower,hmda_oh / mlp / dp
hmda_oh,mlp,1002,soft,dp,0.1174592717328645,False,lower,hmda_oh / mlp / dp
hmda_oh,mlp,1003,soft,dp,0.1398928300643758,False,lower,hmda_oh / mlp / dp
hmda_oh,mlp,1004,soft,dp,0.1144395443999874,False,lower,hmda_oh / mlp / dp
hmda_oh,mlp,1005,soft,dp,0.1166181552799793,False,lower,hmda_oh / mlp / dp
hmda_oh,mlp,1006,soft,dp,0.1055229148859437,False,lower,hmda_oh / mlp / dp
hmda_oh,mlp,1007,soft,dp,0.0882223818759565,False,lower,hmda_oh / mlp / dp
hmda_oh,mlp,1008,soft,dp,0.1170128723189767,False,lower,hmda_oh / mlp / dp
hmda_oh,mlp,1009,soft,dp,0.1184656581977616,False,lower,hmda_oh / mlp / dp
hmda_oh,mlp,1000,cot_phi,sex_dp,0.0297150585081839,False,lower,hmda_oh / mlp / sex_dp
hmda_oh,mlp,1001,cot_phi,sex_dp,0.0197315208302646,False,lower,hmda_oh / mlp / sex_dp
hmda_oh,mlp,1002,cot_phi,sex_dp,0.0218291566493896,False,lower,hmda_oh / mlp / sex_dp
hmda_oh,mlp,1003,cot_phi,sex_dp,0.0356855584708015,False,lower,hmda_oh / mlp / sex_dp
hmda_oh,mlp,1004,cot_phi,sex_dp,0.0262324117562655,False,lower,hmda_oh / mlp / sex_dp
hmda_oh,mlp,1005,cot_phi,sex_dp,0.0233968154849654,False,lower,hmda_oh / mlp / sex_dp
hmda_oh,mlp,1006,cot_phi,sex_dp,0.0348912139652288,False,lower,hmda_oh / mlp / sex_dp
hmda_oh,mlp,1007,cot_phi,sex_dp,0.0315536257471612,False,lower,hmda_oh / mlp / sex_dp
hmda_oh,mlp,1008,cot_phi,sex_dp,0.0340519112496784,False,lower,hmda_oh / mlp / sex_dp
hmda_oh,mlp,1009,cot_phi,sex_dp,0.0366856509538964,False,lower,hmda_oh / mlp / sex_dp
hmda_oh,mlp,1000,dralign,sex_dp,0.0249011354059317,False,lower,hmda_oh / mlp / sex_dp
hmda_oh,mlp,1001,dralign,sex_dp,0.021671430332617,False,lower,hmda_oh / mlp / sex_dp
hmda_oh,mlp,1002,dralign,sex_dp,0.0228227082511065,False,lower,hmda_oh / mlp / sex_dp
hmda_oh,mlp,1003,dralign,sex_dp,0.0147457960968822,False,lower,hmda_oh / mlp / sex_dp
hmda_oh,mlp,1004,dralign,sex_dp,0.0128089500453018,False,lower,hmda_oh / mlp / sex_dp
hmda_oh,mlp,1005,dralign,sex_dp,0.0426294078192345,False,lower,hmda_oh / mlp / sex_dp
hmda_oh,mlp,1006,dralign,sex_dp,0.017057542286177,False,lower,hmda_oh / mlp / sex_dp
hmda_oh,mlp,1007,dralign,sex_dp,0.0216906389969169,False,lower,hmda_oh / mlp / sex_dp
hmda_oh,mlp,1008,dralign,sex_dp,0.0135548589102908,False,lower,hmda_oh / mlp / sex_dp
hmda_oh,mlp,1009,dralign,sex_dp,0.0310336670755959,False,lower,hmda_oh / mlp / sex_dp
hmda_oh,mlp,1000,erm,sex_dp,0.0329417001307266,False,lower,hmda_oh / mlp / sex_dp
hmda_oh,mlp,1001,erm,sex_dp,0.0350419854207894,False,lower,hmda_oh / mlp / sex_dp
hmda_oh,mlp,1002,erm,sex_dp,0.0219300849329306,False,lower,hmda_oh / mlp / sex_dp
hmda_oh,mlp,1003,erm,sex_dp,0.0341148361844537,False,lower,hmda_oh / mlp / sex_dp
hmda_oh,mlp,1004,erm,sex_dp,0.0315850882145488,False,lower,hmda_oh / mlp / sex_dp
hmda_oh,mlp,1005,erm,sex_dp,0.0177413541760588,False,lower,hmda_oh / mlp / sex_dp
hmda_oh,mlp,1006,erm,sex_dp,0.023208040680639,False,lower,hmda_oh / mlp / sex_dp
hmda_oh,mlp,1007,erm,sex_dp,0.0349222624527825,False,lower,hmda_oh / mlp / sex_dp
hmda_oh,mlp,1008,erm,sex_dp,0.0396444476238095,False,lower,hmda_oh / mlp / sex_dp
hmda_oh,mlp,1009,erm,sex_dp,0.016946595690652,False,lower,hmda_oh / mlp / sex_dp
hmda_oh,mlp,1000,ltdd,sex_dp,0.0316073603296206,False,lower,hmda_oh / mlp / sex_dp
hmda_oh,mlp,1001,ltdd,sex_dp,0.0353705198170903,False,lower,hmda_oh / mlp / sex_dp
hmda_oh,mlp,1002,ltdd,sex_dp,0.0319289398647097,False,lower,hmda_oh / mlp / sex_dp
hmda_oh,mlp,1003,ltdd,sex_dp,0.0324746480819527,False,lower,hmda_oh / mlp / sex_dp
hmda_oh,mlp,1004,ltdd,sex_dp,0.0320993339644042,False,lower,hmda_oh / mlp / sex_dp
hmda_oh,mlp,1005,ltdd,sex_dp,0.0243270281720728,False,lower,hmda_oh / mlp / sex_dp
hmda_oh,mlp,1006,ltdd,sex_dp,0.0345788247824556,False,lower,hmda_oh / mlp / sex_dp
hmda_oh,mlp,1007,ltdd,sex_dp,0.023986653952518,False,lower,hmda_oh / mlp / sex_dp
hmda_oh,mlp,1008,ltdd,sex_dp,0.0295726494452711,False,lower,hmda_oh / mlp / sex_dp
hmda_oh,mlp,1009,ltdd,sex_dp,0.0171545791592782,False,lower,hmda_oh / mlp / sex_dp
hmda_oh,mlp,1000,neufair,sex_dp,0.0237398391754581,False,lower,hmda_oh / mlp / sex_dp
hmda_oh,mlp,1001,neufair,sex_dp,0.0142928193624661,False,lower,hmda_oh / mlp / sex_dp
hmda_oh,mlp,1002,neufair,sex_dp,0.0186204817516446,False,lower,hmda_oh / mlp / sex_dp
hmda_oh,mlp,1003,neufair,sex_dp,0.0097287744880456,False,lower,hmda_oh / mlp / sex_dp
hmda_oh,mlp,1004,neufair,sex_dp,0.0006225428744425,False,lower,hmda_oh / mlp / sex_dp
hmda_oh,mlp,1005,neufair,sex_dp,0.021657934590027,False,lower,hmda_oh / mlp / sex_dp
hmda_oh,mlp,1006,neufair,sex_dp,0.0007401959432791,False,lower,hmda_oh / mlp / sex_dp
hmda_oh,mlp,1007,neufair,sex_dp,0.0003552774935806,False,lower,hmda_oh / mlp / sex_dp
hmda_oh,mlp,1008,neufair,sex_dp,0.0013417086421519,False,lower,hmda_oh / mlp / sex_dp
hmda_oh,mlp,1009,neufair,sex_dp,0.0065523900173565,False,lower,hmda_oh / mlp / sex_dp
hmda_oh,mlp,1000,soft,sex_dp,0.0308064749426699,False,lower,hmda_oh / mlp / sex_dp
hmda_oh,mlp,1001,soft,sex_dp,0.0354810524327815,False,lower,hmda_oh / mlp / sex_dp
hmda_oh,mlp,1002,soft,sex_dp,0.0372632356183613,False,lower,hmda_oh / mlp / sex_dp
hmda_oh,mlp,1003,soft,sex_dp,0.0334279608438001,False,lower,hmda_oh / mlp / sex_dp
hmda_oh,mlp,1004,soft,sex_dp,0.0291977493075566,False,lower,hmda_oh / mlp / sex_dp
hmda_oh,mlp,1005,soft,sex_dp,0.0284785835398472,False,lower,hmda_oh / mlp / sex_dp
hmda_oh,mlp,1006,soft,sex_dp,0.0252235429006888,False,lower,hmda_oh / mlp / sex_dp
hmda_oh,mlp,1007,soft,sex_dp,0.031235109662844,False,lower,hmda_oh / mlp / sex_dp
hmda_oh,mlp,1008,soft,sex_dp,0.0308252696271358,False,lower,hmda_oh / mlp / sex_dp
hmda_oh,mlp,1009,soft,sex_dp,0.032888379528101,False,lower,hmda_oh / mlp / sex_dp
hmda_oh,mlp,1000,cot_phi,subgroup_dp,0.146116201924656,False,lower,hmda_oh / mlp / subgroup_dp
hmda_oh,mlp,1001,cot_phi,subgroup_dp,0.1386643963619751,False,lower,hmda_oh / mlp / subgroup_dp
hmda_oh,mlp,1002,cot_phi,subgroup_dp,0.1219742503366505,False,lower,hmda_oh / mlp / subgroup_dp
hmda_oh,mlp,1003,cot_phi,subgroup_dp,0.1383091930239433,False,lower,hmda_oh / mlp / subgroup_dp
hmda_oh,mlp,1004,cot_phi,subgroup_dp,0.1138620097733847,False,lower,hmda_oh / mlp / subgroup_dp
hmda_oh,mlp,1005,cot_phi,subgroup_dp,0.1036243308043485,False,lower,hmda_oh / mlp / subgroup_dp
hmda_oh,mlp,1006,cot_phi,subgroup_dp,0.0994954109389925,False,lower,hmda_oh / mlp / subgroup_dp
hmda_oh,mlp,1007,cot_phi,subgroup_dp,0.1337882221565343,False,lower,hmda_oh / mlp / subgroup_dp
hmda_oh,mlp,1008,cot_phi,subgroup_dp,0.1446020954445429,False,lower,hmda_oh / mlp / subgroup_dp
hmda_oh,mlp,1009,cot_phi,subgroup_dp,0.1574194501921371,False,lower,hmda_oh / mlp / subgroup_dp
hmda_oh,mlp,1000,dralign,subgroup_dp,0.0762176897559694,False,lower,hmda_oh / mlp / subgroup_dp
hmda_oh,mlp,1001,dralign,subgroup_dp,0.0687618533438543,False,lower,hmda_oh / mlp / subgroup_dp
hmda_oh,mlp,1002,dralign,subgroup_dp,0.0845190002299076,False,lower,hmda_oh / mlp / subgroup_dp
hmda_oh,mlp,1003,dralign,subgroup_dp,0.0840509738233651,False,lower,hmda_oh / mlp / subgroup_dp
hmda_oh,mlp,1004,dralign,subgroup_dp,0.0224603409202877,False,lower,hmda_oh / mlp / subgroup_dp
hmda_oh,mlp,1005,dralign,subgroup_dp,0.0478585739153283,False,lower,hmda_oh / mlp / subgroup_dp
hmda_oh,mlp,1006,dralign,subgroup_dp,0.1159654481558117,False,lower,hmda_oh / mlp / subgroup_dp
hmda_oh,mlp,1007,dralign,subgroup_dp,0.0624084474660886,False,lower,hmda_oh / mlp / subgroup_dp
hmda_oh,mlp,1008,dralign,subgroup_dp,0.055634231764885,False,lower,hmda_oh / mlp / subgroup_dp
hmda_oh,mlp,1009,dralign,subgroup_dp,0.0495943771143297,False,lower,hmda_oh / mlp / subgroup_dp
hmda_oh,mlp,1000,erm,subgroup_dp,0.164166562841757,False,lower,hmda_oh / mlp / subgroup_dp
hmda_oh,mlp,1001,erm,subgroup_dp,0.1609304693401648,False,lower,hmda_oh / mlp / subgroup_dp
hmda_oh,mlp,1002,erm,subgroup_dp,0.167975498407068,False,lower,hmda_oh / mlp / subgroup_dp
hmda_oh,mlp,1003,erm,subgroup_dp,0.1330328111143955,False,lower,hmda_oh / mlp / subgroup_dp
hmda_oh,mlp,1004,erm,subgroup_dp,0.1704864190232207,False,lower,hmda_oh / mlp / subgroup_dp
hmda_oh,mlp,1005,erm,subgroup_dp,0.1489029167877956,False,lower,hmda_oh / mlp / subgroup_dp
hmda_oh,mlp,1006,erm,subgroup_dp,0.1696132176031672,False,lower,hmda_oh / mlp / subgroup_dp
hmda_oh,mlp,1007,erm,subgroup_dp,0.1531415246165467,False,lower,hmda_oh / mlp / subgroup_dp
hmda_oh,mlp,1008,erm,subgroup_dp,0.1752717837553782,False,lower,hmda_oh / mlp / subgroup_dp
hmda_oh,mlp,1009,erm,subgroup_dp,0.1804442321801846,False,lower,hmda_oh / mlp / subgroup_dp
hmda_oh,mlp,1000,ltdd,subgroup_dp,0.1108289380788238,False,lower,hmda_oh / mlp / subgroup_dp
hmda_oh,mlp,1001,ltdd,subgroup_dp,0.119468256314251,False,lower,hmda_oh / mlp / subgroup_dp
hmda_oh,mlp,1002,ltdd,subgroup_dp,0.0672723119730885,False,lower,hmda_oh / mlp / subgroup_dp
hmda_oh,mlp,1003,ltdd,subgroup_dp,0.1078973297861858,False,lower,hmda_oh / mlp / subgroup_dp
hmda_oh,mlp,1004,ltdd,subgroup_dp,0.0892961539724767,False,lower,hmda_oh / mlp / subgroup_dp
hmda_oh,mlp,1005,ltdd,subgroup_dp,0.0633062004236056,False,lower,hmda_oh / mlp / subgroup_dp
hmda_oh,mlp,1006,ltdd,subgroup_dp,0.1350543567510755,False,lower,hmda_oh / mlp / subgroup_dp
hmda_oh,mlp,1007,ltdd,subgroup_dp,0.0915591027030576,False,lower,hmda_oh / mlp / subgroup_dp
hmda_oh,mlp,1008,ltdd,subgroup_dp,0.0747117942654449,False,lower,hmda_oh / mlp / subgroup_dp
hmda_oh,mlp,1009,ltdd,subgroup_dp,0.0827872143084568,False,lower,hmda_oh / mlp / subgroup_dp
hmda_oh,mlp,1000,neufair,subgroup_dp,0.0400022990770847,False,lower,hmda_oh / mlp / subgroup_dp
hmda_oh,mlp,1001,neufair,subgroup_dp,0.0284362991427726,False,lower,hmda_oh / mlp / subgroup_dp
hmda_oh,mlp,1002,neufair,subgroup_dp,0.0412585804841199,False,lower,hmda_oh / mlp / subgroup_dp
hmda_oh,mlp,1003,neufair,subgroup_dp,0.0253222033030163,False,lower,hmda_oh / mlp / subgroup_dp
hmda_oh,mlp,1004,neufair,subgroup_dp,0.0208080808080808,False,lower,hmda_oh / mlp / subgroup_dp
hmda_oh,mlp,1005,neufair,subgroup_dp,0.0246896096644839,False,lower,hmda_oh / mlp / subgroup_dp
hmda_oh,mlp,1006,neufair,subgroup_dp,0.036951331496786,False,lower,hmda_oh / mlp / subgroup_dp
hmda_oh,mlp,1007,neufair,subgroup_dp,0.0135401525534005,False,lower,hmda_oh / mlp / subgroup_dp
hmda_oh,mlp,1008,neufair,subgroup_dp,0.0481013341975908,False,lower,hmda_oh / mlp / subgroup_dp
hmda_oh,mlp,1009,neufair,subgroup_dp,0.0270899954317039,False,lower,hmda_oh / mlp / subgroup_dp
hmda_oh,mlp,1000,soft,subgroup_dp,0.1106742864650047,False,lower,hmda_oh / mlp / subgroup_dp
hmda_oh,mlp,1001,soft,subgroup_dp,0.1385768712845272,False,lower,hmda_oh / mlp / subgroup_dp
hmda_oh,mlp,1002,soft,subgroup_dp,0.1312887969258054,False,lower,hmda_oh / mlp / subgroup_dp
hmda_oh,mlp,1003,soft,subgroup_dp,0.1423572108910565,False,lower,hmda_oh / mlp / subgroup_dp
hmda_oh,mlp,1004,soft,subgroup_dp,0.1179623608237264,False,lower,hmda_oh / mlp / subgroup_dp
hmda_oh,mlp,1005,soft,subgroup_dp,0.1222353598055637,False,lower,hmda_oh / mlp / subgroup_dp
hmda_oh,mlp,1006,soft,subgroup_dp,0.1154530824054914,False,lower,hmda_oh / mlp / subgroup_dp
hmda_oh,mlp,1007,soft,subgroup_dp,0.1099106644332774,False,lower,hmda_oh / mlp / subgroup_dp
hmda_oh,mlp,1008,soft,subgroup_dp,0.1292721778828784,False,lower,hmda_oh / mlp / subgroup_dp
hmda_oh,mlp,1009,soft,subgroup_dp,0.1172135185732584,False,lower,hmda_oh / mlp / subgroup_dp
