task,seed,base_arm,risk_auc,source,arm,accuracy,f1,aod,dp,expected_response,acceptance_auc,residual_over_01,residual_over_05,residual_over_10,architecture
acs_income,1000,erm,0.9051612424858464,interfair/baselines/evaluation/pipeline/fits/acs_income/1000/erm/DONE.json,erm,0.821693682775337,0.8173211237001397,0.0715505100252484,0.1537898594362763,0.137110741575628,,,,,mlp
acs_income,1000,erm,0.9051612424858464,interfair/baselines/evaluation/pipeline/fits/acs_income/1000/erm/DONE.json,erm_EO,0.8100157721831145,0.8129558269976119,0.010125425721908,0.0704112037345804,0.0472400235040951,0.8273765563736322,0.2343849574883699,0.0433814796712679,0.0433814796712679,mlp
acs_income,1001,erm,0.902520113850005,interfair/baselines/evaluation/pipeline/fits/acs_income/1001/erm/DONE.json,erm,0.8174519012270868,0.8052367868110555,0.0690953321745869,0.1496538232745325,0.1357561569523478,,,,,mlp
acs_income,1001,erm,0.902520113850005,interfair/baselines/evaluation/pipeline/fits/acs_income/1001/erm/DONE.json,erm_EO,0.8067655274051869,0.7922998435337792,0.0231680813495781,0.0564229049258619,0.0691700021237418,0.8020183494836453,0.2209205888822493,0.0825491261162547,0.0825491261162547,mlp
acs_income,1002,erm,0.9032640639835704,interfair/baselines/evaluation/pipeline/fits/acs_income/1002/erm/DONE.json,erm,0.8177548856233904,0.811057012721847,0.0615675414332165,0.142913796395576,0.1317801088724089,,,,,mlp
acs_income,1002,erm,0.9032640639835704,interfair/baselines/evaluation/pipeline/fits/acs_income/1002/erm/DONE.json,erm_EO,0.8098401843130654,0.8003260362091309,0.0253904340041052,0.0552295211752354,0.0555101869540217,0.809590387322656,0.2002616134679799,0.0754484323484462,0.0754484323484462,mlp
acs_income,1003,erm,0.904537241333307,interfair/baselines/evaluation/pipeline/fits/acs_income/1003/erm/DONE.json,erm,0.8224511437660961,0.8161280200815815,0.0663886191051541,0.1486676189357108,0.1508850547983598,,,,,mlp
acs_income,1003,erm,0.904537241333307,interfair/baselines/evaluation/pipeline/fits/acs_income/1003/erm/DONE.json,erm_EO,0.8125398235821676,0.8057751517452583,0.0206494816928807,0.0604444748007936,0.0712031798446405,0.8369624140258443,0.2248605907899604,0.1215527119391318,0.1215527119391318,mlp
acs_income,1004,erm,0.9040454551050856,interfair/baselines/evaluation/pipeline/fits/acs_income/1004/erm/DONE.json,erm,0.8206332373882745,0.8228605625374028,0.0583397609867036,0.1412679193043784,0.1149569675621717,,,,,mlp
acs_income,1004,erm,0.9040454551050856,interfair/baselines/evaluation/pipeline/fits/acs_income/1004/erm/DONE.json,erm_EO,0.8124485259669184,0.8004466031919408,0.0227334301834367,0.0586068104592148,0.0560676491319483,0.8271073947191576,0.2186015545190769,0.090357715599131,0.090357715599131,mlp
acs_income,1005,erm,0.9040756375947576,interfair/baselines/evaluation/pipeline/fits/acs_income/1005/erm/DONE.json,erm,0.8174519012270868,0.8166184751179425,0.0603002372095688,0.1422235543380873,0.130258503764697,,,,,mlp
acs_income,1005,erm,0.9040756375947576,interfair/baselines/evaluation/pipeline/fits/acs_income/1005/erm/DONE.json,erm_EO,0.8124998026508891,0.8117335719545357,0.0025595460509773,0.0806025460994382,0.05004262966455,0.8242640388085258,0.238614547845344,0.1420899615951511,0.042563003036454,mlp
acs_income,1006,erm,0.9023887258432124,interfair/baselines/evaluation/pipeline/fits/acs_income/1006/erm/DONE.json,erm,0.818815331010453,0.8109987357774968,0.0661487426756135,0.1474746816385882,0.1484866325429015,,,,,mlp
acs_income,1006,erm,0.9023887258432124,interfair/baselines/evaluation/pipeline/fits/acs_income/1006/erm/DONE.json,erm_EO,0.8077222269831532,0.7977450157486655,0.0215830787700655,0.0582803211258574,0.0707943894425063,0.8139859133680774,0.244872866025082,0.1734742259123109,0.0646023334216522,mlp
acs_income,1007,erm,0.9052214237057408,interfair/baselines/evaluation/pipeline/fits/acs_income/1007/erm/DONE.json,erm,0.8195727920012119,0.8184174416831834,0.0698544309479095,0.1519240302278102,0.1330684963286655,,,,,mlp
acs_income,1007,erm,0.9052214237057408,interfair/baselines/evaluation/pipeline/fits/acs_income/1007/erm/DONE.json,erm_EO,0.8133417219125523,0.8036204047636877,0.0239712345544411,0.0573790321594817,0.0687020117288763,0.8170732558885256,0.2240594289970074,0.1266953865890464,0.1244889901422922,mlp
acs_income,1008,erm,0.904281402238962,interfair/baselines/evaluation/pipeline/fits/acs_income/1008/erm/DONE.json,erm,0.817300409028935,0.8152573529411765,0.0720169777486146,0.1534517610857336,0.1294331963978335,,,,,mlp
acs_income,1008,erm,0.904281402238962,interfair/baselines/evaluation/pipeline/fits/acs_income/1008/erm/DONE.json,erm_EO,0.81124672852462,0.8092566869584658,0.0076512283730312,0.0731323442602996,0.0495733229054,0.8218838026519061,0.1728718788151958,0.0656270638228092,0.0656270638228092,mlp
acs_income,1009,erm,0.9055334931918042,interfair/baselines/evaluation/pipeline/fits/acs_income/1009/erm/DONE.json,erm,0.8186638388123012,0.8131147540983606,0.0762155943290178,0.1574413767019666,0.1391173654079173,,,,,mlp
acs_income,1009,erm,0.9055334931918042,interfair/baselines/evaluation/pipeline/fits/acs_income/1009/erm/DONE.json,erm_EO,0.8161235600255206,0.8144216435084469,0.0080988590010261,0.0758015561403895,0.0445216601205243,0.8263900897058507,0.2020206159544181,0.1097043428992998,0.1097043428992998,mlp
credit_broad,1000,erm,0.7800128760718325,interfair/baselines/evaluation/pipeline/fits/credit_broad/1000/erm/DONE.json,erm,0.8239506995336442,0.8938221998995479,0.0142825357569144,0.0238456303577053,0.0082074795906781,,,,,mlp
credit_broad,1000,erm,0.7800128760718325,interfair/baselines/evaluation/pipeline/fits/credit_broad/1000/erm/DONE.json,erm_EO,0.8037266920596318,0.8779445407612598,0.0351972703316528,0.0221355326520051,0.0257418436815795,0.6687127549562817,0.0379972211864,0.0379972211864,0.0364402046504079,mlp
credit_broad,1000,removed,0.7802410239696125,interfair/baselines/evaluation/pipeline/fits/credit_broad/1000/removed/DONE.json,removed,0.8234510326449034,0.8935315387705905,0.0079496893549084,0.0192472642911186,0.0,,,,,mlp
credit_broad,1000,removed,0.7802410239696125,interfair/baselines/evaluation/pipeline/fits/credit_broad/1000/removed/DONE.json,removed_EO,0.8088240093415516,0.8832899185446058,0.0261524496390642,0.0168039109286026,0.017859208521049,0.654805068343775,0.0319244987806009,0.019729727797606,0.019729727797606,mlp
credit_broad,1001,erm,0.784748373389988,interfair/baselines/evaluation/pipeline/fits/credit_broad/1001/erm/DONE.json,erm,0.8166222518321119,0.888506329113924,0.0475691872202049,0.0498279642818871,0.0334314277243751,,,,,mlp
credit_broad,1001,erm,0.784748373389988,interfair/baselines/evaluation/pipeline/fits/credit_broad/1001/erm/DONE.json,erm_EO,0.8080969037083598,0.884344532198243,0.0219537669073189,0.0078042446862726,0.0243593953546618,0.6450147471260206,0.0731805686248055,0.0356336607463586,0.0237493082800828,mlp
credit_broad,1001,removed,0.7841476241635582,interfair/baselines/evaluation/pipeline/fits/credit_broad/1001/removed/DONE.json,removed,0.8167888074616922,0.8885285772192947,0.0121972851747201,0.0249193169414243,0.0,,,,,mlp
credit_broad,1001,removed,0.7841476241635582,interfair/baselines/evaluation/pipeline/fits/credit_broad/1001/removed/DONE.json,removed_EO,0.8037807063396416,0.8817150237720064,0.017637398844553,0.0076621119880925,0.0132086024404414,0.6400226136011555,0.0654612229990256,0.0654612229990256,0.0644499295296859,mlp
credit_broad,1002,erm,0.7871995750896295,interfair/baselines/evaluation/pipeline/fits/credit_broad/1002/erm/DONE.json,erm,0.8206195869420386,0.8922461230615307,0.0212203047332589,0.0272176881572532,0.0137414572442117,,,,,mlp
credit_broad,1002,erm,0.7871995750896295,interfair/baselines/evaluation/pipeline/fits/credit_broad/1002/erm/DONE.json,erm_EO,0.8085281994292614,0.8854785741042781,0.0167166021032014,0.008508277138359,0.0135040650560218,0.6339970143608439,0.0310113758151315,0.0310113758151315,0.0308383568705001,mlp
credit_broad,1002,removed,0.7879059081050848,interfair/baselines/evaluation/pipeline/fits/credit_broad/1002/removed/DONE.json,removed,0.8224516988674218,0.8924101735970933,0.0085345830385498,0.0206319929376519,0.0,,,,,mlp
credit_broad,1002,removed,0.7879059081050848,interfair/baselines/evaluation/pipeline/fits/credit_broad/1002/removed/DONE.json,removed_EO,0.8077696141504258,0.884769762766026,0.0141946791256012,0.0078492934702132,0.0185646512563568,0.6366880328983636,0.0327727251811052,0.0327727251811052,0.032476721968415,mlp
credit_broad,1003,erm,0.7838480945425574,interfair/baselines/evaluation/pipeline/fits/credit_broad/1003/erm/DONE.json,erm,0.8231179213857428,0.8927272727272727,0.0207103322563948,0.0288703165670605,0.0084253280395955,,,,,mlp
credit_broad,1003,erm,0.7838480945425574,interfair/baselines/evaluation/pipeline/fits/credit_broad/1003/erm/DONE.json,erm_EO,0.8089029868398301,0.8836760870144257,0.0277189968421756,0.0175718054823176,0.0240780900892388,0.6506841620292689,0.0372578462212741,0.0372578462212741,0.0372578462212741,mlp
credit_broad,1003,removed,0.7843910623966394,interfair/baselines/evaluation/pipeline/fits/credit_broad/1003/removed/DONE.json,removed,0.8224516988674218,0.8923449808119572,0.0089098350643991,0.0217625067438835,0.0,,,,,mlp
credit_broad,1003,removed,0.7843910623966394,interfair/baselines/evaluation/pipeline/fits/credit_broad/1003/removed/DONE.json,removed_EO,0.809550747482444,0.8850252481007068,0.0245879051673987,0.0131353771005365,0.0236465013742883,0.6395783086474894,0.0361210654492654,0.0361210654492654,0.0361210654492654,mlp
credit_broad,1004,erm,0.7850183685212233,interfair/baselines/evaluation/pipeline/fits/credit_broad/1004/erm/DONE.json,erm,0.8206195869420386,0.892547141574379,0.0252779743128681,0.0314581586959334,0.0185730662653039,,,,,mlp
credit_broad,1004,erm,0.7850183685212233,interfair/baselines/evaluation/pipeline/fits/credit_broad/1004/erm/DONE.json,erm_EO,0.8101581405155492,0.8844287575619463,0.0188978077785994,0.0059103710744554,0.022705021657414,0.6464007757833279,0.0448330367468951,0.0320269020840084,0.0309168703439423,mlp
credit_broad,1004,removed,0.7850481444373357,interfair/baselines/evaluation/pipeline/fits/credit_broad/1004/removed/DONE.json,removed,0.820786142571619,0.8924430227908836,0.0068863488130566,0.0171662282079199,0.0,,,,,mlp
credit_broad,1004,removed,0.7850481444373357,interfair/baselines/evaluation/pipeline/fits/credit_broad/1004/removed/DONE.json,removed_EO,0.8115754690847732,0.8856297122782663,0.0248304063369529,0.0125469908908206,0.0166522354601957,0.6532139077670879,0.046395177920265,0.046395177920265,0.0455319867386463,mlp
credit_broad,1005,erm,0.7884125010562402,interfair/baselines/evaluation/pipeline/fits/credit_broad/1005/erm/DONE.json,erm,0.818454363757495,0.8911306432281263,0.0289959453282124,0.0346912797351341,0.0212965431549248,,,,,mlp
credit_broad,1005,erm,0.7884125010562402,interfair/baselines/evaluation/pipeline/fits/credit_broad/1005/erm/DONE.json,erm_EO,0.8068815757989333,0.8805842348786289,0.0312304635952552,0.0136826330098474,0.0303932123708488,0.665736290001328,0.063003774756936,0.0536064193785487,0.0536064193785487,mlp
credit_broad,1005,removed,0.7885745786104305,interfair/baselines/evaluation/pipeline/fits/credit_broad/1005/removed/DONE.json,removed,0.819620253164557,0.8918837975441749,0.0075034934987471,0.0172699088955247,0.0,,,,,mlp
credit_broad,1005,removed,0.7885745786104305,interfair/baselines/evaluation/pipeline/fits/credit_broad/1005/removed/DONE.json,removed_EO,0.8097531790169209,0.8849085944176269,0.0337773838485378,0.0182819357094374,0.0229076273209808,0.6424069402027177,0.0332706714000019,0.0332706714000019,0.0306269676643222,mlp
credit_broad,1006,erm,0.7863510419558754,interfair/baselines/evaluation/pipeline/fits/credit_broad/1006/erm/DONE.json,erm,0.8231179213857428,0.8936084952915248,0.0204039303720156,0.026417700032983,0.0102343365339277,,,,,mlp
credit_broad,1006,erm,0.7863510419558754,interfair/baselines/evaluation/pipeline/fits/credit_broad/1006/erm/DONE.json,erm_EO,0.8081228256489214,0.8826140964658364,0.0171597517058353,0.0111796748522657,0.0152406071234143,0.6552084917693735,0.0292323408663691,0.0176556849054852,0.0176556849054852,mlp
credit_broad,1006,removed,0.7836980883057101,interfair/baselines/evaluation/pipeline/fits/credit_broad/1006/removed/DONE.json,removed,0.8191205862758161,0.8897238017871649,0.0109521935262528,0.0256703640699795,0.0,,,,,mlp
credit_broad,1006,removed,0.7836980883057101,interfair/baselines/evaluation/pipeline/fits/credit_broad/1006/removed/DONE.json,removed_EO,0.8063766629207145,0.8815715898425048,0.016569458713586,0.0073378231880202,0.0187067824969635,0.6573777074958856,0.0524276035128675,0.0524276035128675,0.0432517474013671,mlp
credit_broad,1007,erm,0.7824677796421258,interfair/baselines/evaluation/pipeline/fits/credit_broad/1007/erm/DONE.json,erm,0.8152898067954697,0.8885539141794795,0.0486913578401772,0.0471132466807102,0.0386233340290453,,,,,mlp
credit_broad,1007,erm,0.7824677796421258,interfair/baselines/evaluation/pipeline/fits/credit_broad/1007/erm/DONE.json,erm_EO,0.8026858179113131,0.8777788390881307,0.0075145813118955,0.0023663284990931,0.047552870415297,0.6693613065993893,0.1012556469166813,0.0945182962862193,0.0945182962862193,mlp
credit_broad,1007,removed,0.7859081050848412,interfair/baselines/evaluation/pipeline/fits/credit_broad/1007/removed/DONE.json,removed,0.8231179213857428,0.8930298146655923,0.0187212037185702,0.0254514053024206,0.0,,,,,mlp
credit_broad,1007,removed,0.7859081050848412,interfair/baselines/evaluation/pipeline/fits/credit_broad/1007/removed/DONE.json,removed_EO,0.8112941983607493,0.8868895106622615,0.0187342936854095,0.0059658332571117,0.0135092639001281,0.6348713801137118,0.0180207155298805,0.0165373912953951,0.0137710847268794,mlp
credit_broad,1008,erm,0.7809501736257811,interfair/baselines/evaluation/pipeline/fits/credit_broad/1008/erm/DONE.json,erm,0.822618254497002,0.8934040636572915,0.0229208888519042,0.0275071590702973,0.0158373346345356,,,,,mlp
credit_broad,1008,erm,0.7809501736257811,interfair/baselines/evaluation/pipeline/fits/credit_broad/1008/erm/DONE.json,erm_EO,0.8043885961110196,0.8826225510126946,0.0161288732751598,0.0098992115473778,0.0124097151347015,0.6380561960060035,0.0460592951752374,0.0359360812832638,0.035763100830055,mlp
credit_broad,1008,removed,0.7804325555381192,interfair/baselines/evaluation/pipeline/fits/credit_broad/1008/removed/DONE.json,removed,0.8217854763491006,0.892764080978152,0.0086025248598068,0.0183514817060413,0.0,,,,,mlp
credit_broad,1008,removed,0.7804325555381192,interfair/baselines/evaluation/pipeline/fits/credit_broad/1008/removed/DONE.json,removed_EO,0.8073706897800949,0.8830157275422442,0.0171424637868793,0.0117564468627816,0.0243993733581751,0.6506592146400938,0.0404776446217877,0.0404776446217877,0.0399330566431202,mlp
credit_broad,1009,erm,0.7880943011310826,interfair/baselines/evaluation/pipeline/fits/credit_broad/1009/erm/DONE.json,erm,0.8212858094603598,0.8925388082123185,0.0213785526413887,0.0293339803131945,0.0121840169370585,,,,,mlp
credit_broad,1009,erm,0.7880943011310826,interfair/baselines/evaluation/pipeline/fits/credit_broad/1009/erm/DONE.json,erm_EO,0.8115565168386508,0.887246775038678,0.0161728501322348,0.0056676275745644,0.0117858946283865,0.6328738185198151,0.024114901592678,0.024114901592678,0.0219684598042736,mlp
credit_broad,1009,removed,0.7886628601779313,interfair/baselines/evaluation/pipeline/fits/credit_broad/1009/removed/DONE.json,removed,0.8209526982011992,0.8920574354854905,0.0065640457946961,0.0186820073880027,0.0,,,,,mlp
credit_broad,1009,removed,0.7886628601779313,interfair/baselines/evaluation/pipeline/fits/credit_broad/1009/removed/DONE.json,removed_EO,0.8097483984338757,0.8820309756819296,0.0209803843838332,0.0098467717796738,0.0358872719904729,0.6784161626891676,0.0564316787315914,0.0557648242899835,0.0557648242899835,mlp
hmda_oh,1000,erm,0.8521493237429862,interfair/baselines/evaluation/pipeline/fits/hmda_oh/1000/erm/DONE.json,erm,0.8715833333333334,0.9242044169003,0.1157679301791285,0.1599427518308908,0.0620013315595349,,,,,mlp
hmda_oh,1000,erm,0.8521493237429862,interfair/baselines/evaluation/pipeline/fits/hmda_oh/1000/erm/DONE.json,erm_EO,0.8696455891124524,0.9238045575779138,0.0226317708729811,0.0432508133898703,0.0347848279567619,0.6909266788017044,0.0688951314191301,0.0688951314191301,0.0688951314191301,mlp
hmda_oh,1000,removed,0.850222003352105,interfair/baselines/evaluation/pipeline/fits/hmda_oh/1000/removed/DONE.json,removed,0.8719166666666667,0.9243937232524964,0.076046976015914,0.1297772830405138,0.0,,,,,mlp
hmda_oh,1000,removed,0.850222003352105,interfair/baselines/evaluation/pipeline/fits/hmda_oh/1000/removed/DONE.json,removed_EO,0.8697010223085883,0.9241168407112272,0.0186185590345232,0.0460239123951987,0.0358801819565447,0.7177779250790244,0.0483494846419388,0.0483494846419388,0.0483494846419388,mlp
hmda_oh,1001,erm,0.8516278743703483,interfair/baselines/evaluation/pipeline/fits/hmda_oh/1001/erm/DONE.json,erm,0.8683333333333333,0.9232637202525498,0.0926463948982133,0.1298778080993664,0.0534407146290958,,,,,mlp
hmda_oh,1001,erm,0.8516278743703483,interfair/baselines/evaluation/pipeline/fits/hmda_oh/1001/erm/DONE.json,erm_EO,0.8660721856999696,0.9220360320274856,0.0184398298978107,0.0427125295516301,0.0287038162340392,0.7020202977664607,0.0528684953808272,0.0410908327769199,0.0410908327769199,mlp
hmda_oh,1001,removed,0.8518505059479636,interfair/baselines/evaluation/pipeline/fits/hmda_oh/1001/removed/DONE.json,removed,0.8694166666666666,0.9238840044688396,0.0687717080584336,0.1132536894684381,0.0,,,,,mlp
hmda_oh,1001,removed,0.8518505059479636,interfair/baselines/evaluation/pipeline/fits/hmda_oh/1001/removed/DONE.json,removed_EO,0.867742269565969,0.9229662792543742,0.0193993297573498,0.0424047519760446,0.0302514573980842,0.7057460524240202,0.0356486917991763,0.0353281857302812,0.0316194776912545,mlp
hmda_oh,1002,erm,0.8527306876263416,interfair/baselines/evaluation/pipeline/fits/hmda_oh/1002/erm/DONE.json,erm,0.8703333333333333,0.924075339123646,0.1200808765091815,0.1608463414841928,0.0485141169684739,,,,,mlp
hmda_oh,1002,erm,0.8527306876263416,interfair/baselines/evaluation/pipeline/fits/hmda_oh/1002/erm/DONE.json,erm_EO,0.8663316333504065,0.9227840270429029,0.025520193116952,0.0349589568269557,0.0235876105600255,0.6963581212176884,0.0319862486988934,0.0264633709258959,0.0233987071308985,mlp
hmda_oh,1002,removed,0.8520615053641801,interfair/baselines/evaluation/pipeline/fits/hmda_oh/1002/removed/DONE.json,removed,0.86975,0.9235883647030066,0.0646247292406509,0.1137512033190306,0.0,,,,,mlp
hmda_oh,1002,removed,0.8520615053641801,interfair/baselines/evaluation/pipeline/fits/hmda_oh/1002/removed/DONE.json,removed_EO,0.869349191645004,0.9237948367513552,0.0309226090232646,0.0463469625741111,0.0382041056729213,0.7118932945428869,0.0548792518795592,0.0461791634183833,0.0461791634183833,mlp
hmda_oh,1003,erm,0.8491249395804671,interfair/baselines/evaluation/pipeline/fits/hmda_oh/1003/erm/DONE.json,erm,0.8714166666666666,0.924602980698754,0.0715396844160199,0.1214581244977296,0.0486055329595127,,,,,mlp
hmda_oh,1003,erm,0.8491249395804671,interfair/baselines/evaluation/pipeline/fits/hmda_oh/1003/erm/DONE.json,erm_EO,0.866786402466348,0.922597069968044,0.0295919266300415,0.0359404925853363,0.0254566014469437,0.7155606664056386,0.0602857382422212,0.0379305844369355,0.0379305844369355,mlp
hmda_oh,1003,removed,0.8487998384283901,interfair/baselines/evaluation/pipeline/fits/hmda_oh/1003/removed/DONE.json,removed,0.872,0.9250585480093676,0.0324679269760795,0.0874198852196926,0.0,,,,,mlp
hmda_oh,1003,removed,0.8487998384283901,interfair/baselines/evaluation/pipeline/fits/hmda_oh/1003/removed/DONE.json,removed_EO,0.8699101956997866,0.9240497113883568,0.0368773211345403,0.0380151662931613,0.0312566099138534,0.7159859950552658,0.0521940226021038,0.0436094303630839,0.0436094303630839,mlp
hmda_oh,1004,erm,0.8518740588549185,interfair/baselines/evaluation/pipeline/fits/hmda_oh/1004/erm/DONE.json,erm,0.8701666666666666,0.9240888715649972,0.1079795228562547,0.1485277622383579,0.0538597072501197,,,,,mlp
hmda_oh,1004,erm,0.8518740588549185,interfair/baselines/evaluation/pipeline/fits/hmda_oh/1004/erm/DONE.json,erm_EO,0.8679300982976873,0.9232773864424648,0.0235700806888411,0.0399826852921523,0.0230228812158087,0.7027504156832791,0.0414825202767404,0.0301805711976908,0.0301805711976908,mlp
hmda_oh,1004,removed,0.8508314708925806,interfair/baselines/evaluation/pipeline/fits/hmda_oh/1004/removed/DONE.json,removed,0.8693333333333333,0.923698296836983,0.0455179754505351,0.094960968448194,0.0,,,,,mlp
hmda_oh,1004,removed,0.8508314708925806,interfair/baselines/evaluation/pipeline/fits/hmda_oh/1004/removed/DONE.json,removed_EO,0.8666621503396382,0.9227944438655156,0.0313428103639613,0.031890187226567,0.0258677479850262,0.7086774236929103,0.0315185785902172,0.0315185785902172,0.0315185785902172,mlp
hmda_oh,1005,erm,0.8529895920125943,interfair/baselines/evaluation/pipeline/fits/hmda_oh/1005/erm/DONE.json,erm,0.8705,0.923972602739726,0.1035545307783359,0.1478530516738557,0.0593475871132559,,,,,mlp
hmda_oh,1005,erm,0.8529895920125943,interfair/baselines/evaluation/pipeline/fits/hmda_oh/1005/erm/DONE.json,erm_EO,0.8665188743638425,0.9223346449632408,0.0301028577445037,0.0443638386407899,0.0279508495313037,0.7212658419937809,0.0582270506032662,0.0542235798932176,0.0257936709532011,mlp
hmda_oh,1005,removed,0.8516719389512204,interfair/baselines/evaluation/pipeline/fits/hmda_oh/1005/removed/DONE.json,removed,0.8699166666666667,0.9236189264569163,0.0586199201085418,0.109420106715585,0.0,,,,,mlp
hmda_oh,1005,removed,0.8516719389512204,interfair/baselines/evaluation/pipeline/fits/hmda_oh/1005/removed/DONE.json,removed_EO,0.8653281602715894,0.9219567455685872,0.0293224654246244,0.0340480569864106,0.0306426530546287,0.6979474429645602,0.0511920836821835,0.0326838765231336,0.031163515040293,mlp
hmda_oh,1006,erm,0.8501275697364725,interfair/baselines/evaluation/pipeline/fits/hmda_oh/1006/erm/DONE.json,erm,0.8689166666666667,0.9221248576662212,0.1115626418412221,0.1618033173269422,0.0883196026441566,,,,,mlp
hmda_oh,1006,erm,0.8501275697364725,interfair/baselines/evaluation/pipeline/fits/hmda_oh/1006/erm/DONE.json,erm_EO,0.8709414570104393,0.92480570920284,0.0289288810479923,0.0468389046179824,0.0268545615231392,0.7286908015664704,0.0530628648481746,0.0530628648481746,0.0530628648481746,mlp
hmda_oh,1006,removed,0.8510895539239255,interfair/baselines/evaluation/pipeline/fits/hmda_oh/1006/removed/DONE.json,removed,0.87,0.922917284316632,0.0407439348059728,0.0984912722099325,0.0,,,,,mlp
hmda_oh,1006,removed,0.8510895539239255,interfair/baselines/evaluation/pipeline/fits/hmda_oh/1006/removed/DONE.json,removed_EO,0.8688929145247765,0.9235893718618324,0.0303315275762518,0.0384050506325935,0.0235561636570111,0.7217162108687099,0.059374398377879,0.0341980701031235,0.0341980701031235,mlp
hmda_oh,1007,erm,0.8542168294377506,interfair/baselines/evaluation/pipeline/fits/hmda_oh/1007/erm/DONE.json,erm,0.8699166666666667,0.9238648002731308,0.0916432616143835,0.1330247535858196,0.0433516903960539,,,,,mlp
hmda_oh,1007,erm,0.8542168294377506,interfair/baselines/evaluation/pipeline/fits/hmda_oh/1007/erm/DONE.json,erm_EO,0.8669295682284789,0.9226504919688544,0.0293153399514248,0.0376870644448484,0.0242133952403009,0.7048343040786398,0.046962056095253,0.038833117663454,0.023517508913517,mlp
hmda_oh,1007,removed,0.8476861033719992,interfair/baselines/evaluation/pipeline/fits/hmda_oh/1007/removed/DONE.json,removed,0.8695,0.9231976459048552,0.0322246168559499,0.0875096194530187,0.0,,,,,mlp
hmda_oh,1007,removed,0.8476861033719992,interfair/baselines/evaluation/pipeline/fits/hmda_oh/1007/removed/DONE.json,removed_EO,0.8669903923128116,0.922446873976122,0.0232290698896426,0.0415797054654549,0.025443329783876,0.7149938649228132,0.0556270423427253,0.0516359134226088,0.0516359134226088,mlp
hmda_oh,1008,erm,0.8490293738269886,interfair/baselines/evaluation/pipeline/fits/hmda_oh/1008/erm/DONE.json,erm,0.8671666666666666,0.9214855679243424,0.1002251959402704,0.1505416710445235,0.0811051228124559,,,,,mlp
hmda_oh,1008,erm,0.8490293738269886,interfair/baselines/evaluation/pipeline/fits/hmda_oh/1008/erm/DONE.json,erm_EO,0.8678236408417794,0.923178517949814,0.0080914353965201,0.0530582589427427,0.0264171054373859,0.7015550779068449,0.0503340249915397,0.0290125328359077,0.0290125328359077,mlp
hmda_oh,1008,removed,0.8485127859874544,interfair/baselines/evaluation/pipeline/fits/hmda_oh/1008/removed/DONE.json,removed,0.8695833333333334,0.9239146288103456,0.0397341969318127,0.0884768181831089,0.0,,,,,mlp
hmda_oh,1008,removed,0.8485127859874544,interfair/baselines/evaluation/pipeline/fits/hmda_oh/1008/removed/DONE.json,removed_EO,0.8675436004833249,0.9227867850776948,0.0174213057499767,0.0494732497020055,0.0331370684767642,0.7191716755626802,0.0698045228956175,0.0450601116427838,0.0450601116427838,mlp
hmda_oh,1009,erm,0.8494643811452608,interfair/baselines/evaluation/pipeline/fits/hmda_oh/1009/erm/DONE.json,erm,0.86675,0.921583051346182,0.1212122989471553,0.1652927295393169,0.0645824228545633,,,,,mlp
hmda_oh,1009,erm,0.8494643811452608,interfair/baselines/evaluation/pipeline/fits/hmda_oh/1009/erm/DONE.json,erm_EO,0.8636757604059947,0.9213353542003486,0.0281522298238862,0.0322480617887911,0.0167814591085725,0.710816187475634,0.0219265427110224,0.0219265427110224,0.0219265427110224,mlp
hmda_oh,1009,removed,0.8503799254822428,interfair/baselines/evaluation/pipeline/fits/hmda_oh/1009/removed/DONE.json,removed,0.869,0.92345149980522,0.0521377758298751,0.1018909501889814,0.0,,,,,mlp
hmda_oh,1009,removed,0.8503799254822428,interfair/baselines/evaluation/pipeline/fits/hmda_oh/1009/removed/DONE.json,removed_EO,0.8666538921581347,0.9227647170458342,0.0214753597333952,0.0427074444209409,0.0251273112416874,0.6982446624473295,0.0459144559856898,0.0456104519054134,0.0357201374743016,mlp
