,,,auc,auc,accuracy,accuracy,f1,f1,aod,aod,dp,dp,eomax,eomax,L_R,L_R,violation_005,violation_005,decision_disagreement,decision_disagreement,direction_adverse_005,direction_adverse_005
,,,mean,std,mean,std,mean,std,mean,std,mean,std,mean,std,mean,std,mean,std,mean,std,mean,std
task,architecture,arm,,,,,,,,,,,,,,,,,,,,
hmda_2019_mi,ft,cot_phi,0.8409841050972808,0.0030972088195475094,0.8731500000000001,0.0015167785876490586,0.925935161606415,0.0012422545742057159,0.0224174505655345,0.009279890319575596,0.07287165115235782,0.010928792044104477,0.030754052770505292,0.01399972606180581,0.29124095021991325,0.0760835556682532,0.8206275214743046,0.0458627176134746,0.03545425222481753,0.01169098351412895,0.1950443054000042,0.04621800832839101
hmda_2019_mi,ft,dralign,0.7286578193750337,0.048429972863043874,0.7550916666666667,0.20128430023627014,0.8087836607001077,0.2841851844930457,0.00582182457061408,0.01114601756738268,0.010655671972492661,0.02420149862442593,0.01101082623319118,0.021033888466569426,0.00173724095266807,0.0016159373766101532,6.545749936195e-05,0.00015141109001274127,0.0031149823576671,0.00780229501759498,0.05823398882595869,0.08354660328281248
hmda_2019_mi,ft,erm,0.8440318477709668,0.0022526458967917413,0.8739583333333334,0.002212914535344917,0.9263052344231862,0.001488131380419714,0.0543196146872021,0.014996629373840397,0.11868323591388341,0.014170579869247435,0.06287088012776783,0.020160948735147795,0.20319600235043786,0.03128935037308046,0.738045318179161,0.03619559094734492,0.04116321516582367,0.008641480597313032,0.253534620564022,0.031779317059029775
hmda_2019_mi,ft,fairsmote,0.8151867354368949,0.00616518713155323,0.810475,0.019327267966193187,0.8803986651655713,0.014747402013272036,0.06981524858065735,0.016675444754619018,0.07714726509301742,0.03335414008615736,0.10430782606940392,0.03827810017134039,0.40719164126909346,0.1646967881289273,0.8685581633954644,0.041042943768590516,0.11218297094893293,0.019076969978201335,0.40989501310670307,0.033707362681193974
hmda_2019_mi,ft,hifi_shared,0.8434341271861543,0.0027994968586871703,0.8737833333333335,0.002134085515543954,0.9262772029214824,0.0014308511096295326,0.054281692141135464,0.017084531562039804,0.11840111969077358,0.015423973847294416,0.06611468220953837,0.019087360989467495,0.1889439898138714,0.041339309085764386,0.708157413888444,0.0795628977491437,0.0433876414205608,0.00925795848435713,0.22442135779942446,0.04157433221612439
hmda_2019_mi,ft,ltdd,0.8384478103591574,0.0021459625191091983,0.8716333333333333,0.001310098479005056,0.9249260517697779,0.0009369852867880659,0.03190542237705838,0.006103296315155577,0.06254201316966923,0.007697684701107826,0.04755998523440378,0.012022102668521812,0.30323456281821415,0.03315012823515669,0.8450985474372704,0.016898195751538163,0.04232328370866669,0.00987035748088142,0.2539630924697157,0.03266879900351484
hmda_2019_mi,ft,reweighing,0.8400391038995284,0.0035491631457996824,0.8726,0.0017063787372860106,0.9257319072371144,0.001176894275626576,0.03020056790347554,0.0035718204910958912,0.04852785853478816,0.005320825486620775,0.057067183462532235,0.008214933978306822,0.0902868874879725,0.02652414168410857,0.44459725748046874,0.0935412090249737,0.02226274685701744,0.005631185705037547,0.17260671831721988,0.01921695201347494
hmda_2019_mi,ft,soft,0.8255229163967005,0.007149113265815963,0.8656833333333334,0.0021332175894527316,0.9232555327608475,0.0011413330264268193,0.02193502070504666,0.008879044021721372,0.03911865391809212,0.007810365319762742,0.04020118124769283,0.017213226881857946,0.005115498087103839,0.0008968115918500664,0.00017338533144312262,0.00013627345018789376,0.00132450118206853,0.0007883073206680304,0.0017199390832315,0.0018966323084810546
hmda_2019_mi,mlp,cot_phi,0.8257201879070954,0.00136573580777843,0.8698,0.0021581742398107556,0.9242338580849099,0.0015958027759218904,0.028544761645982096,0.012324996458186951,0.086242370408388,0.015634445946187358,0.038635471914945464,0.012911491908060953,0.2666462493218731,0.04790013145334799,0.8532302763388936,0.026215712750357504,0.03847269826935345,0.007833819964627455,0.19693736734081466,0.02223756569646232
hmda_2019_mi,mlp,dralign,0.8188479761293854,0.0067894885927626165,0.8563333333333333,0.012620835702407358,0.9149951851193497,0.009348982204254546,0.04306596931710318,0.015391613429031824,0.04727193305630385,0.025005775051568778,0.07239349612563561,0.031337056615308834,0.20989134417858696,0.06040597588091902,0.7972975382650491,0.0502278257649373,0.049306879753773444,0.028308245670906017,0.26344162909741375,0.047150781258423966
hmda_2019_mi,mlp,erm,0.8308556028831979,0.0013024058561221772,0.8702083333333333,0.001588563486492511,0.9244860270905523,0.001240689379410684,0.06338394617369643,0.028840339553471768,0.12632016287783548,0.028403428089372764,0.07204107370424094,0.02813183418551963,0.19919807793985272,0.05256752324007404,0.8056155214131703,0.04477153918913811,0.051471833963063804,0.010775480743350274,0.2532341030327143,0.03882409828438475
hmda_2019_mi,mlp,fairsmote,0.8061287968877171,0.004324226171918496,0.790125,0.019494152732056364,0.8650254951599676,0.015391635659248426,0.06849402124876103,0.027623537741786733,0.04580351823294901,0.029818295192157094,0.11396825396825391,0.051465020071948815,0.3657785118764535,0.290634381228765,0.8655965045210511,0.06998833481172426,0.1355075435072194,0.032241881854061336,0.35355585691516755,0.10324607982820924
hmda_2019_mi,mlp,hifi_shared,0.8306545454409902,0.0013418983282958118,0.8693666666666667,0.002027283044670832,0.9238965591067935,0.0014808503944121908,0.07716308879105814,0.02264093478038066,0.1392121501732888,0.018718375981060742,0.08735803422768836,0.024726460552074354,0.18900879618832608,0.03742205461965803,0.7980677523081116,0.038923162297816984,0.06112886453818065,0.012760461984721744,0.23621772928785295,0.04988580477628319
hmda_2019_mi,mlp,ltdd,0.8251306216369567,0.0024449226446421326,0.8683666666666667,0.0018207480486849695,0.923458828424663,0.0013577356621909645,0.022011720895661578,0.007314362210476728,0.06949743640061115,0.00838660128520411,0.027848432425266523,0.01200826877975075,0.31769682549352013,0.04522479507915218,0.8771671470810892,0.020983459844948506,0.057014259516141676,0.015405526307677995,0.25238686968209173,0.036193732265165236
hmda_2019_mi,mlp,reweighing,0.8263138686114381,0.0019524119257410925,0.8690583333333333,0.001940889607663413,0.9238302633716581,0.001591927638439922,0.035204545961311576,0.008016839377009399,0.0505924888825782,0.010857291552328643,0.05944444444444443,0.021161578064424983,0.19464131112561972,0.0454282513136191,0.8026284533031134,0.038576167796221736,0.03011296589382259,0.008610731146890017,0.21260436194837434,0.024146915272085307
hmda_2019_mi,mlp,soft,0.8191101536547801,0.0066664395336007405,0.8651083333333333,0.0015133408794068817,0.9229003011595678,0.000933152744537646,0.030603103567079022,0.00833097697307374,0.037532260217720784,0.008820622124218828,0.0537723794041219,0.01729445786164947,0.007724702810025649,0.002577315735381269,0.000779472104966735,0.0007717278114886677,0.0009212941996594399,0.00038750680165273315,0.006024355455637941,0.0034434342927710127
hmda_2020_oh,ft,cot_phi,0.8361019487871534,0.0013129003915936762,0.895825,0.0013376377279958951,0.9413249726006822,0.0008902521768851082,0.05043907112166318,0.010940544793721233,0.07324572123582228,0.005613508181367787,0.08489837686680575,0.021756452194346403,0.29888043702476713,0.0758630282419845,0.8248538906052323,0.03860627667528168,0.03199524900777754,0.010903590488108824,0.17311307803413228,0.038299402953540444
hmda_2020_oh,ft,dralign,0.7310692510544877,0.05232232332403534,0.7815083333333332,0.22188435582778504,0.8269556338489057,0.29056259879063057,0.00760233498643996,0.016726457768937292,0.00880762001198809,0.024350745541314073,0.00886373921795104,0.01900439179259761,0.00180894975982668,0.0018281875916734806,7.59933240181e-05,0.00012975896472058922,0.00300912468559446,0.0073664659630521,0.05974250697549298,0.08499933116733024
hmda_2020_oh,ft,erm,0.8403527738046195,0.002117735447606239,0.896825,0.0012954395316829214,0.9418591067954157,0.0008269037527511695,0.08727608047451388,0.00877960434076055,0.09714773302606536,0.006554208727451545,0.14773990692145061,0.015517044766308084,0.22345036643190222,0.037337475752485416,0.7542051703539374,0.03285675053510123,0.03725844344445197,0.007063297844374751,0.22960340148909295,0.02916403446031879
hmda_2020_oh,ft,fairsmote,0.8151189741686251,0.004203963303226751,0.8565083333333334,0.015523799430726721,0.915328453327551,0.010618106096308968,0.0478212332397405,0.025725475430945964,0.09406341474769693,0.025405568831863783,0.059310118001199966,0.027838542472490378,0.38896824386763784,0.16575629839221592,0.8610852031375499,0.04605462108786735,0.09126480924076452,0.020372554690996348,0.3600682922617632,0.033022515658370014
hmda_2020_oh,ft,hifi_shared,0.8396665898862498,0.002076144542558221,0.8960666666666667,0.0012728164551085743,0.9414538220411517,0.0007741857438884214,0.08627235642025778,0.011228710625368971,0.0971213999313302,0.006243613165280404,0.14386951441096402,0.021030367674032602,0.20841821809263808,0.046484888412708536,0.7272586166024884,0.0713920082702955,0.04024129052945545,0.00761444760700091,0.20582167677783536,0.03604690634184817
hmda_2020_oh,ft,ltdd,0.8371226828206421,0.00267141291224585,0.8958916666666668,0.0011153045866433365,0.9413247063214779,0.0007082423226131252,0.03480707913172272,0.009362957770943196,0.060201091732281165,0.006771399332464439,0.06323194661154899,0.017721095622165763,0.3057611324007142,0.033523101337913044,0.8467937374704088,0.014723293689642597,0.03567074784603931,0.008062914687254471,0.22624915032467013,0.0275765126884004
hmda_2020_oh,ft,reweighing,0.8371497428817831,0.0026853911837167255,0.896175,0.0011141971033821446,0.9415758008880347,0.0007092263046753158,0.032390925590975686,0.007482737949841863,0.056472849269947646,0.00661898952865759,0.060337595493323015,0.013936284019523397,0.09041199076319106,0.02611527778206091,0.44657081638287066,0.0916516958839872,0.01805073660390101,0.003865782461436605,0.1529431569702365,0.015526699769755748
hmda_2020_oh,ft,soft,0.8269247445027734,0.004014885312354934,0.8892583333333333,0.002076637387582661,0.9384213150172241,0.0010732136483518325,0.011840832988048961,0.00512215085288514,0.03498533493950659,0.0049698249416551855,0.021829216397495372,0.01053186190661481,0.005134352083202081,0.0009279894365823467,0.00014633020466577997,0.00018111798824591558,0.00101329464674798,0.00043314525747367055,0.00102335716218446,0.0012146766343667564
hmda_2020_oh,mlp,cot_phi,0.8264818044294444,0.001928996665478073,0.8929083333333333,0.0011503153083576097,0.9397766251374418,0.0007836438540780176,0.059879535921544144,0.017097018167271435,0.07837441878058851,0.012979805932936054,0.09867474518227316,0.024647155568619107,0.26040378678165527,0.04477649102019272,0.8493435201981219,0.0272260581558144,0.03594081144067461,0.00624487384366972,0.17867002724610362,0.020803724616736217
hmda_2020_oh,mlp,dralign,0.8212185993999803,0.00470569118504318,0.886325,0.007697347025733447,0.9354454492064527,0.005205210239172764,0.031175446046150655,0.010978543978916337,0.04792550498437468,0.020155105277815208,0.05137193849411562,0.020343963929648164,0.1999854379682277,0.05363242541870275,0.787701363146035,0.05285650245633109,0.04069945951201402,0.023568204726242867,0.240194753230582,0.03989852275833097
hmda_2020_oh,mlp,erm,0.8295548430758718,0.001449083668570227,0.8935166666666667,0.0010612419930917402,0.9401681230633671,0.0005915455862077221,0.08636419910901418,0.01707696372837559,0.09531358205741484,0.013848051392455436,0.14306436469499548,0.02496631226838496,0.19286555134160763,0.049142688789535184,0.8017094805449979,0.04565607068015951,0.04531136632944992,0.00786628047544117,0.22943868345965143,0.03533586700889476
hmda_2020_oh,mlp,fairsmote,0.8059551978373293,0.003079656120904091,0.8386666666666667,0.015061140825414354,0.9032810126710654,0.010453615860637443,0.02332855008829814,0.01623438733813823,0.04430041260031303,0.026197922615113785,0.029628652423582043,0.02132171466260848,0.3512490991037137,0.28909073801943147,0.8598458291039689,0.06947948115296972,0.11136855441762283,0.028076925352270996,0.30448340259177276,0.09825164609068418
hmda_2020_oh,mlp,hifi_shared,0.8293275913703748,0.002384613109525893,0.8932333333333334,0.0012402707788778612,0.9399511338164162,0.0008295879290865941,0.09024228087581714,0.013811722599706184,0.09979457276372372,0.009940969000519726,0.14645011381520728,0.020864431651207067,0.18257926808104225,0.035769086552783075,0.7902594408320447,0.040522442433160596,0.051300280120995315,0.011106649842817923,0.2160732305305435,0.044222595607551554
hmda_2020_oh,mlp,ltdd,0.8269624423990354,0.0020463248705771247,0.8923,0.0011903677199260549,0.9394453665256165,0.000720626409621741,0.038273711670684565,0.015840208092035922,0.060935654137351046,0.011206849457046636,0.06855829567637299,0.02760522620336164,0.313722982276423,0.04380539421262686,0.8772396850204682,0.02023907866000119,0.05040580187450984,0.014116708853620095,0.22879452706394696,0.02706145421271627
hmda_2020_oh,mlp,reweighing,0.8269038880307423,0.0018555159099410026,0.8927083333333334,0.0014736628171889892,0.9397214973068438,0.0008703838285881627,0.02679679219640053,0.01072893175952994,0.0519249346764666,0.007605690698954611,0.05024586786628567,0.019604631030420133,0.1849920763055842,0.04026115599332977,0.7949998807860191,0.03648446812111419,0.02518002807935612,0.0067428922208015,0.19548954931133639,0.022590267249109296
hmda_2020_oh,mlp,soft,0.8226161300176461,0.007260237517411333,0.8902583333333333,0.0019434322762436845,0.9389845003151287,0.0009227513830099327,0.010471008034103151,0.0030272278063688002,0.03474411797226436,0.006699994862731711,0.01962669015638302,0.00722878388522548,0.007625069026497471,0.0025145049112660247,0.0008318171693461968,0.0009804701362378474,0.00098667888358047,0.0005033756391879653,0.00466275030661161,0.002642476825449404
