task,architecture,arm,decision_flip_lower,equality_not_improved_5pp,equality_change_pp,decision_flip_change_pp
hmda_oh,mlp,ltdd,False,True,7.405078834913303,0.8895328847192886
hmda_oh,mlp,cot_phi,True,True,5.055258116803374,-0.5206542561029524
hmda_oh,mlp,dralign,True,True,-0.9244068962129814,-0.27850090868903193
hmda_oh,mlp,fairsmote,False,True,5.9285819539270035,6.547964045385332
hmda_oh,mlp,reweighing,True,True,-0.3954025246819648,-1.5958544132815957
hmda_oh,mlp,hifi_shared,False,True,-0.8924799842821463,0.6198732747187976
hmda_md,mlp,ltdd,False,True,6.675813210935944,0.36419876272201157
hmda_md,mlp,cot_phi,True,True,3.1141488724805377,-1.295150668529236
hmda_md,mlp,dralign,False,True,2.1602474555976747,0.5193574136898818
hmda_md,mlp,fairsmote,False,True,7.7534424266613495,3.930852125324287
hmda_md,mlp,reweighing,True,True,0.06785072839752271,-1.8489323488325684
hmda_md,mlp,hifi_shared,True,True,-0.17112352823787091,-0.3876471762123329
hmda_va,mlp,ltdd,True,True,4.914424140291751,-0.3749539206909257
hmda_va,mlp,cot_phi,True,True,-1.6283111274948525,-1.6151456106166726
hmda_va,mlp,dralign,False,True,3.675812312391391,1.043235557427985
hmda_va,mlp,fairsmote,False,True,8.590763073358264,4.59739849386487
hmda_va,mlp,reweighing,True,True,0.9263257675496406,-1.2343988624993414
hmda_va,mlp,hifi_shared,False,True,1.5066617515403613,0.012112275527937505
hmda_pa,mlp,ltdd,False,True,10.705044065254077,3.9761860116257277
hmda_pa,mlp,cot_phi,False,True,6.25632852053254,0.247515469716858
hmda_pa,mlp,dralign,True,True,1.661353834614654,-0.7345771610725665
hmda_pa,mlp,fairsmote,False,True,3.6864804050253053,5.128445527845489
hmda_pa,mlp,reweighing,True,True,-1.6097881117569823,-2.6743858991186946
hmda_pa,mlp,hifi_shared,True,True,1.6327582973935773,-0.06187886742921381
credit_broad,mlp,ltdd,True,False,-17.205678670360108,-0.8332508903838545
credit_broad,mlp,cot_phi,True,True,4.768994855559952,-0.5231005144440048
credit_broad,mlp,dralign,False,True,0.3702512861100127,0.016323703996834298
credit_broad,mlp,fairsmote,False,False,-9.824643846458248,0.09151167392164594
credit_broad,mlp,reweighing,True,True,0.9264938662445626,-0.6729817965967552
credit_broad,mlp,hifi_shared,True,True,4.923575385833004,-0.05985358132172547
acs_income,mlp,ltdd,True,False,-11.940477488280832,-5.573967077292052
acs_income,mlp,cot_phi,True,True,0.922271884879533,-6.9333914749809225
acs_income,mlp,dralign,True,True,16.28147825138995,-3.630219121334351
acs_income,mlp,fairsmote,True,True,0.12754823939823412,-6.510410988771394
acs_income,mlp,reweighing,True,True,6.974817398888044,-6.765507467567862
acs_income,mlp,hifi_shared,True,True,4.432573858061694,-2.3798103128747417
acs_employment_sex,mlp,ltdd,False,False,-8.171963537817206,0.3486080315348597
acs_employment_sex,mlp,cot_phi,True,True,2.696476964769645,-0.9016999260901708
acs_employment_sex,mlp,dralign,True,True,-4.104459226410451,-2.97979797979798
acs_employment_sex,mlp,fairsmote,False,True,0.0665188470066469,2.408228627740823
acs_employment_sex,mlp,reweighing,True,True,-2.186499137718667,-1.313131313131314
acs_employment_sex,mlp,hifi_shared,False,True,-1.1899482631190006,1.0716925351071689
acs_employment_age,mlp,ltdd,False,True,9.009702756815031,1.1412290158632377
acs_employment_age,mlp,cot_phi,False,True,9.642692129986141,0.8393654705067005
acs_employment_age,mlp,dralign,True,True,-0.07084552595102434,-8.16263668566148
acs_employment_age,mlp,fairsmote,True,True,3.580779300785475,-1.3491452333281972
acs_employment_age,mlp,reweighing,True,True,0.5575234868319789,-2.177729862929306
acs_employment_age,mlp,hifi_shared,False,True,8.384413984290774,1.5432003696288332
hmda_oh,ft,ltdd,True,True,11.16312196080358,-0.02897981236799456
hmda_oh,ft,cot_phi,True,True,9.196915369124225,-0.3821405766491478
hmda_oh,ft,dralign,True,False,-72.58804459944005,-2.3124907903138663
hmda_oh,ft,fairsmote,False,True,13.945183948131046,6.845129917972395
hmda_oh,ft,reweighing,True,False,-29.763740851711773,-1.6420256397661968
hmda_oh,ft,hifi_shared,False,True,-2.729505378456709,0.11739279925340115
acs_income,ft,ltdd,True,False,-21.12613103673826,-4.590646462444129
acs_income,ft,cot_phi,True,False,-10.784912242450673,-5.692794069551945
acs_income,ft,dralign,True,False,-72.82132344925326,-8.056252044042298
acs_income,ft,fairsmote,True,False,-7.048947999563948,-4.509974926414477
acs_income,ft,reweighing,True,True,-4.04120789272866,-4.940586503870053
acs_income,ft,hifi_shared,True,True,-2.646898506486428,-2.9772157418510843
