"family","task","architecture","metric","arm","n","direction","mean","sd","rank","package","version"
"states / hmda_md / mlp / accuracy","hmda_md","mlp","accuracy","hifi_shared",10,"higher",0.863141666666667,0.00214305150500086,1,"ScottKnottESD","2.0.3"
"states / hmda_md / mlp / accuracy","hmda_md","mlp","accuracy","erm",10,"higher",0.863066666666667,0.0017086381841819,1,"ScottKnottESD","2.0.3"
"states / hmda_md / mlp / accuracy","hmda_md","mlp","accuracy","reweighing",10,"higher",0.861341666666667,0.00260562366648717,2,"ScottKnottESD","2.0.3"
"states / hmda_md / mlp / accuracy","hmda_md","mlp","accuracy","cot_phi",10,"higher",0.861208333333333,0.00230814780642324,2,"ScottKnottESD","2.0.3"
"states / hmda_md / mlp / accuracy","hmda_md","mlp","accuracy","ltdd",10,"higher",0.860866666666667,0.00295652657399118,2,"ScottKnottESD","2.0.3"
"states / hmda_md / mlp / accuracy","hmda_md","mlp","accuracy","soft",10,"higher",0.858033333333333,0.00218270417850524,3,"ScottKnottESD","2.0.3"
"states / hmda_md / mlp / accuracy","hmda_md","mlp","accuracy","dralign",10,"higher",0.855175,0.003515716476862,4,"ScottKnottESD","2.0.3"
"states / hmda_md / mlp / accuracy","hmda_md","mlp","accuracy","fairsmote",10,"higher",0.820975,0.0205296777800599,5,"ScottKnottESD","2.0.3"
"states / hmda_md / mlp / aod","hmda_md","mlp","aod","soft",10,"lower",0.0122189638878051,0.00432314748374825,1,"ScottKnottESD","2.0.3"
"states / hmda_md / mlp / aod","hmda_md","mlp","aod","fairsmote",10,"lower",0.0190735334656158,0.00706482236886887,2,"ScottKnottESD","2.0.3"
"states / hmda_md / mlp / aod","hmda_md","mlp","aod","reweighing",10,"lower",0.0192122403830465,0.00938383785923806,2,"ScottKnottESD","2.0.3"
"states / hmda_md / mlp / aod","hmda_md","mlp","aod","cot_phi",10,"lower",0.0251461591551497,0.0153666189178265,3,"ScottKnottESD","2.0.3"
"states / hmda_md / mlp / aod","hmda_md","mlp","aod","ltdd",10,"lower",0.0583160798366989,0.00993803988988677,4,"ScottKnottESD","2.0.3"
"states / hmda_md / mlp / aod","hmda_md","mlp","aod","dralign",10,"lower",0.0604444979089598,0.0187389846887947,4,"ScottKnottESD","2.0.3"
"states / hmda_md / mlp / aod","hmda_md","mlp","aod","erm",10,"lower",0.0685089263198213,0.0205917751656369,5,"ScottKnottESD","2.0.3"
"states / hmda_md / mlp / aod","hmda_md","mlp","aod","hifi_shared",10,"lower",0.0699939680486919,0.0223209530468158,5,"ScottKnottESD","2.0.3"
"states / hmda_md / mlp / auc","hmda_md","mlp","auc","hifi_shared",10,"higher",0.857247106430649,0.00161831041357259,1,"ScottKnottESD","2.0.3"
"states / hmda_md / mlp / auc","hmda_md","mlp","auc","erm",10,"higher",0.855841283419218,0.00194428680270034,2,"ScottKnottESD","2.0.3"
"states / hmda_md / mlp / auc","hmda_md","mlp","auc","reweighing",10,"higher",0.85119327575989,0.00235716849512274,3,"ScottKnottESD","2.0.3"
"states / hmda_md / mlp / auc","hmda_md","mlp","auc","ltdd",10,"higher",0.851016319146783,0.00183444106613915,3,"ScottKnottESD","2.0.3"
"states / hmda_md / mlp / auc","hmda_md","mlp","auc","cot_phi",10,"higher",0.849122878650728,0.00101151170419094,4,"ScottKnottESD","2.0.3"
"states / hmda_md / mlp / auc","hmda_md","mlp","auc","soft",10,"higher",0.848725628648864,0.00233872839146755,5,"ScottKnottESD","2.0.3"
"states / hmda_md / mlp / auc","hmda_md","mlp","auc","dralign",10,"higher",0.839191198263185,0.00347840251421818,6,"ScottKnottESD","2.0.3"
"states / hmda_md / mlp / auc","hmda_md","mlp","auc","fairsmote",10,"higher",0.837603246310979,0.00344846444358672,7,"ScottKnottESD","2.0.3"
"states / hmda_md / mlp / decision_disagreement","hmda_md","mlp","decision_disagreement","soft",10,"lower",0.00148001977622859,0.000348483551657077,1,"ScottKnottESD","2.0.3"
"states / hmda_md / mlp / decision_disagreement","hmda_md","mlp","decision_disagreement","reweighing",10,"lower",0.0463192927162417,0.0126365516471027,2,"ScottKnottESD","2.0.3"
"states / hmda_md / mlp / decision_disagreement","hmda_md","mlp","decision_disagreement","cot_phi",10,"lower",0.0515541371120225,0.0108352984489369,3,"ScottKnottESD","2.0.3"
"states / hmda_md / mlp / decision_disagreement","hmda_md","mlp","decision_disagreement","hifi_shared",10,"lower",0.0597863058530835,0.0165341861321023,4,"ScottKnottESD","2.0.3"
"states / hmda_md / mlp / decision_disagreement","hmda_md","mlp","decision_disagreement","erm",10,"lower",0.0652826179494693,0.0135224359777638,5,"ScottKnottESD","2.0.3"
"states / hmda_md / mlp / decision_disagreement","hmda_md","mlp","decision_disagreement","ltdd",10,"lower",0.069555064662415,0.0136098486446836,6,"ScottKnottESD","2.0.3"
"states / hmda_md / mlp / decision_disagreement","hmda_md","mlp","decision_disagreement","dralign",10,"lower",0.0758122237731455,0.00953347495671607,7,"ScottKnottESD","2.0.3"
"states / hmda_md / mlp / decision_disagreement","hmda_md","mlp","decision_disagreement","fairsmote",10,"lower",0.124057577286764,0.022444881297559,8,"ScottKnottESD","2.0.3"
"states / hmda_md / mlp / direction_adverse_005","hmda_md","mlp","direction_adverse_005","soft",10,"lower",0.00729906969924254,0.00456433174839658,1,"ScottKnottESD","2.0.3"
"states / hmda_md / mlp / direction_adverse_005","hmda_md","mlp","direction_adverse_005","cot_phi",10,"lower",0.271006537986202,0.0409030456404711,2,"ScottKnottESD","2.0.3"
"states / hmda_md / mlp / direction_adverse_005","hmda_md","mlp","direction_adverse_005","reweighing",10,"lower",0.286504323083684,0.0488427782484003,3,"ScottKnottESD","2.0.3"
"states / hmda_md / mlp / direction_adverse_005","hmda_md","mlp","direction_adverse_005","hifi_shared",10,"lower",0.287197547804213,0.0350096043201322,3,"ScottKnottESD","2.0.3"
"states / hmda_md / mlp / direction_adverse_005","hmda_md","mlp","direction_adverse_005","erm",10,"lower",0.300141080934817,0.0297845407033784,4,"ScottKnottESD","2.0.3"
"states / hmda_md / mlp / direction_adverse_005","hmda_md","mlp","direction_adverse_005","dralign",10,"lower",0.320195828513763,0.0372457574276411,5,"ScottKnottESD","2.0.3"
"states / hmda_md / mlp / direction_adverse_005","hmda_md","mlp","direction_adverse_005","ltdd",10,"lower",0.326445838434814,0.0348274634041564,5,"ScottKnottESD","2.0.3"
"states / hmda_md / mlp / direction_adverse_005","hmda_md","mlp","direction_adverse_005","fairsmote",10,"lower",0.505296711008767,0.0374336174524536,6,"ScottKnottESD","2.0.3"
"states / hmda_md / mlp / dp","hmda_md","mlp","dp","dralign",10,"lower",0.0222095684401201,0.0165483975257253,1,"ScottKnottESD","2.0.3"
"states / hmda_md / mlp / dp","hmda_md","mlp","dp","soft",10,"lower",0.0511341112976838,0.00360105547919165,2,"ScottKnottESD","2.0.3"
"states / hmda_md / mlp / dp","hmda_md","mlp","dp","fairsmote",10,"lower",0.0608234074696293,0.0106165666622858,3,"ScottKnottESD","2.0.3"
"states / hmda_md / mlp / dp","hmda_md","mlp","dp","reweighing",10,"lower",0.068705217692714,0.0182972584653869,4,"ScottKnottESD","2.0.3"
"states / hmda_md / mlp / dp","hmda_md","mlp","dp","cot_phi",10,"lower",0.0894814268496107,0.0143450314191102,5,"ScottKnottESD","2.0.3"
"states / hmda_md / mlp / dp","hmda_md","mlp","dp","ltdd",10,"lower",0.114464292909896,0.0118050769587563,6,"ScottKnottESD","2.0.3"
"states / hmda_md / mlp / dp","hmda_md","mlp","dp","hifi_shared",10,"lower",0.12000106090013,0.0243813206521147,7,"ScottKnottESD","2.0.3"
"states / hmda_md / mlp / dp","hmda_md","mlp","dp","erm",10,"lower",0.122543768756786,0.0207974982247216,7,"ScottKnottESD","2.0.3"
"states / hmda_md / mlp / eomax","hmda_md","mlp","eomax","soft",10,"lower",0.0199761218243074,0.00829082815195241,1,"ScottKnottESD","2.0.3"
"states / hmda_md / mlp / eomax","hmda_md","mlp","eomax","reweighing",10,"lower",0.0275849797321669,0.0143707496341847,2,"ScottKnottESD","2.0.3"
"states / hmda_md / mlp / eomax","hmda_md","mlp","eomax","fairsmote",10,"lower",0.0318264310447621,0.014207446981978,3,"ScottKnottESD","2.0.3"
"states / hmda_md / mlp / eomax","hmda_md","mlp","eomax","cot_phi",10,"lower",0.0322659060635606,0.0170797337766772,3,"ScottKnottESD","2.0.3"
"states / hmda_md / mlp / eomax","hmda_md","mlp","eomax","ltdd",10,"lower",0.0714924537814919,0.0121657061087075,4,"ScottKnottESD","2.0.3"
"states / hmda_md / mlp / eomax","hmda_md","mlp","eomax","erm",10,"lower",0.0871800577168913,0.0256745481765972,5,"ScottKnottESD","2.0.3"
"states / hmda_md / mlp / eomax","hmda_md","mlp","eomax","hifi_shared",10,"lower",0.0928784604555468,0.0239954983181287,6,"ScottKnottESD","2.0.3"
"states / hmda_md / mlp / eomax","hmda_md","mlp","eomax","dralign",10,"lower",0.0964642548517568,0.0310532725854422,6,"ScottKnottESD","2.0.3"
"states / hmda_md / mlp / f1","hmda_md","mlp","f1","hifi_shared",10,"higher",0.917163017773795,0.00189320335080457,1,"ScottKnottESD","2.0.3"
"states / hmda_md / mlp / f1","hmda_md","mlp","f1","erm",10,"higher",0.916677179491612,0.00153554823078574,2,"ScottKnottESD","2.0.3"
"states / hmda_md / mlp / f1","hmda_md","mlp","f1","reweighing",10,"higher",0.915887157082595,0.00237796231521387,3,"ScottKnottESD","2.0.3"
"states / hmda_md / mlp / f1","hmda_md","mlp","f1","soft",10,"higher",0.915703684932813,0.00102009881951197,3,"ScottKnottESD","2.0.3"
"states / hmda_md / mlp / f1","hmda_md","mlp","f1","cot_phi",10,"higher",0.915591608478416,0.00206175598910695,3,"ScottKnottESD","2.0.3"
"states / hmda_md / mlp / f1","hmda_md","mlp","f1","ltdd",10,"higher",0.915285790288482,0.00253920632221441,4,"ScottKnottESD","2.0.3"
"states / hmda_md / mlp / f1","hmda_md","mlp","f1","dralign",10,"higher",0.911503824529403,0.00270121549676044,5,"ScottKnottESD","2.0.3"
"states / hmda_md / mlp / f1","hmda_md","mlp","f1","fairsmote",10,"higher",0.884056442397842,0.0166715701487374,6,"ScottKnottESD","2.0.3"
"states / hmda_md / mlp / L_R","hmda_md","mlp","L_R","soft",10,"lower",0.00585342136644111,0.0012326696859119,1,"ScottKnottESD","2.0.3"
"states / hmda_md / mlp / L_R","hmda_md","mlp","L_R","hifi_shared",10,"lower",0.216118018850342,0.0282697433285667,2,"ScottKnottESD","2.0.3"
"states / hmda_md / mlp / L_R","hmda_md","mlp","L_R","reweighing",10,"lower",0.224070283314241,0.0358164652415782,3,"ScottKnottESD","2.0.3"
"states / hmda_md / mlp / L_R","hmda_md","mlp","L_R","erm",10,"lower",0.225202944696758,0.0442175905648126,3,"ScottKnottESD","2.0.3"
"states / hmda_md / mlp / L_R","hmda_md","mlp","L_R","dralign",10,"lower",0.278154122658244,0.0360277399956221,4,"ScottKnottESD","2.0.3"
"states / hmda_md / mlp / L_R","hmda_md","mlp","L_R","cot_phi",10,"lower",0.296013461639012,0.0685840414948477,5,"ScottKnottESD","2.0.3"
"states / hmda_md / mlp / L_R","hmda_md","mlp","L_R","ltdd",10,"lower",0.34075197706293,0.0416784214773328,6,"ScottKnottESD","2.0.3"
"states / hmda_md / mlp / L_R","hmda_md","mlp","L_R","fairsmote",10,"lower",0.396553469240074,0.103925136126866,7,"ScottKnottESD","2.0.3"
"states / hmda_md / mlp / opposite_005","hmda_md","mlp","opposite_005","soft",10,"lower",0,0,1,"ScottKnottESD","2.0.3"
"states / hmda_md / mlp / opposite_005","hmda_md","mlp","opposite_005","reweighing",10,"lower",0.0486779401258307,0.0116763918519422,2,"ScottKnottESD","2.0.3"
"states / hmda_md / mlp / opposite_005","hmda_md","mlp","opposite_005","hifi_shared",10,"lower",0.0504290283827202,0.00997050195038579,3,"ScottKnottESD","2.0.3"
"states / hmda_md / mlp / opposite_005","hmda_md","mlp","opposite_005","erm",10,"lower",0.0511922299767552,0.0100955203835326,3,"ScottKnottESD","2.0.3"
"states / hmda_md / mlp / opposite_005","hmda_md","mlp","opposite_005","cot_phi",10,"lower",0.0518453481821732,0.0139978524981803,3,"ScottKnottESD","2.0.3"
"states / hmda_md / mlp / opposite_005","hmda_md","mlp","opposite_005","dralign",10,"lower",0.062189666245928,0.0102899011285227,4,"ScottKnottESD","2.0.3"
"states / hmda_md / mlp / opposite_005","hmda_md","mlp","opposite_005","ltdd",10,"lower",0.0901788976891909,0.0115114586488421,5,"ScottKnottESD","2.0.3"
"states / hmda_md / mlp / opposite_005","hmda_md","mlp","opposite_005","fairsmote",10,"lower",0.117343793564068,0.0158352474762582,6,"ScottKnottESD","2.0.3"
"states / hmda_md / mlp / P_population_effect_gap","hmda_md","mlp","P_population_effect_gap","soft",10,"lower",0.007744709654814,0.00104907081993337,1,"ScottKnottESD","2.0.3"
"states / hmda_md / mlp / P_population_effect_gap","hmda_md","mlp","P_population_effect_gap","reweighing",10,"lower",0.029184084905556,0.00365455145698472,2,"ScottKnottESD","2.0.3"
"states / hmda_md / mlp / P_population_effect_gap","hmda_md","mlp","P_population_effect_gap","dralign",10,"lower",0.03285194885965,0.00219780960864885,3,"ScottKnottESD","2.0.3"
"states / hmda_md / mlp / P_population_effect_gap","hmda_md","mlp","P_population_effect_gap","cot_phi",10,"lower",0.0333853746038519,0.00515326944697964,3,"ScottKnottESD","2.0.3"
"states / hmda_md / mlp / P_population_effect_gap","hmda_md","mlp","P_population_effect_gap","hifi_shared",10,"lower",0.0356197296242441,0.00476624430786107,4,"ScottKnottESD","2.0.3"
"states / hmda_md / mlp / P_population_effect_gap","hmda_md","mlp","P_population_effect_gap","erm",10,"lower",0.0362079079753041,0.00467528212721393,4,"ScottKnottESD","2.0.3"
"states / hmda_md / mlp / P_population_effect_gap","hmda_md","mlp","P_population_effect_gap","ltdd",10,"lower",0.0392651614631282,0.0034520869874747,5,"ScottKnottESD","2.0.3"
"states / hmda_md / mlp / P_population_effect_gap","hmda_md","mlp","P_population_effect_gap","fairsmote",10,"lower",0.0451057301771578,0.00422645996395898,6,"ScottKnottESD","2.0.3"
"states / hmda_md / mlp / P_R","hmda_md","mlp","P_R","soft",10,"lower",0.00087482979246338,0.000257604456972666,1,"ScottKnottESD","2.0.3"
"states / hmda_md / mlp / P_R","hmda_md","mlp","P_R","reweighing",10,"lower",0.0305300904044035,0.00632858707802904,2,"ScottKnottESD","2.0.3"
"states / hmda_md / mlp / P_R","hmda_md","mlp","P_R","hifi_shared",10,"lower",0.036542225036433,0.00506047237897895,3,"ScottKnottESD","2.0.3"
"states / hmda_md / mlp / P_R","hmda_md","mlp","P_R","cot_phi",10,"lower",0.0370857272987373,0.00749270603559805,3,"ScottKnottESD","2.0.3"
"states / hmda_md / mlp / P_R","hmda_md","mlp","P_R","erm",10,"lower",0.0388343879453817,0.00566914363242501,4,"ScottKnottESD","2.0.3"
"states / hmda_md / mlp / P_R","hmda_md","mlp","P_R","dralign",10,"lower",0.044271601197235,0.00536377491794697,5,"ScottKnottESD","2.0.3"
"states / hmda_md / mlp / P_R","hmda_md","mlp","P_R","ltdd",10,"lower",0.0473717796480164,0.00661388000883652,6,"ScottKnottESD","2.0.3"
"states / hmda_md / mlp / P_R","hmda_md","mlp","P_R","fairsmote",10,"lower",0.0653759563964841,0.0139551165249894,7,"ScottKnottESD","2.0.3"
"states / hmda_md / mlp / violation_005","hmda_md","mlp","violation_005","soft",10,"lower",0.000268981386131824,0.000363755765048968,1,"ScottKnottESD","2.0.3"
"states / hmda_md / mlp / violation_005","hmda_md","mlp","violation_005","hifi_shared",10,"lower",0.822915763088948,0.0199659579061231,2,"ScottKnottESD","2.0.3"
"states / hmda_md / mlp / violation_005","hmda_md","mlp","violation_005","erm",10,"lower",0.824377524167936,0.0372249275637132,2,"ScottKnottESD","2.0.3"
"states / hmda_md / mlp / violation_005","hmda_md","mlp","violation_005","reweighing",10,"lower",0.824673433260242,0.0253170490010546,2,"ScottKnottESD","2.0.3"
"states / hmda_md / mlp / violation_005","hmda_md","mlp","violation_005","dralign",10,"lower",0.846136250143389,0.0234696574500405,3,"ScottKnottESD","2.0.3"
"states / hmda_md / mlp / violation_005","hmda_md","mlp","violation_005","cot_phi",10,"lower",0.854228345498669,0.035376332416077,4,"ScottKnottESD","2.0.3"
"states / hmda_md / mlp / violation_005","hmda_md","mlp","violation_005","ltdd",10,"lower",0.889034724131744,0.0148373410810251,5,"ScottKnottESD","2.0.3"
"states / hmda_md / mlp / violation_005","hmda_md","mlp","violation_005","fairsmote",10,"lower",0.900406716982285,0.0277515802507064,6,"ScottKnottESD","2.0.3"
"states / hmda_pa / mlp / accuracy","hmda_pa","mlp","accuracy","hifi_shared",10,"higher",0.854208333333333,0.00155220373010537,1,"ScottKnottESD","2.0.3"
"states / hmda_pa / mlp / accuracy","hmda_pa","mlp","accuracy","erm",10,"higher",0.853608333333333,0.00217485986493353,2,"ScottKnottESD","2.0.3"
"states / hmda_pa / mlp / accuracy","hmda_pa","mlp","accuracy","reweighing",10,"higher",0.853141666666667,0.00102065852622729,3,"ScottKnottESD","2.0.3"
"states / hmda_pa / mlp / accuracy","hmda_pa","mlp","accuracy","ltdd",10,"higher",0.852125,0.00218731260220232,4,"ScottKnottESD","2.0.3"
"states / hmda_pa / mlp / accuracy","hmda_pa","mlp","accuracy","cot_phi",10,"higher",0.85085,0.00322576433664264,5,"ScottKnottESD","2.0.3"
"states / hmda_pa / mlp / accuracy","hmda_pa","mlp","accuracy","soft",10,"higher",0.847425,0.00394238013275118,6,"ScottKnottESD","2.0.3"
"states / hmda_pa / mlp / accuracy","hmda_pa","mlp","accuracy","dralign",10,"higher",0.839425,0.00847504051485271,7,"ScottKnottESD","2.0.3"
"states / hmda_pa / mlp / accuracy","hmda_pa","mlp","accuracy","fairsmote",10,"higher",0.790983333333333,0.0126514162580058,8,"ScottKnottESD","2.0.3"
"states / hmda_pa / mlp / aod","hmda_pa","mlp","aod","soft",10,"lower",0.0137050135333884,0.00900828965390365,1,"ScottKnottESD","2.0.3"
"states / hmda_pa / mlp / aod","hmda_pa","mlp","aod","dralign",10,"lower",0.0209632660135639,0.0141085973994282,2,"ScottKnottESD","2.0.3"
"states / hmda_pa / mlp / aod","hmda_pa","mlp","aod","reweighing",10,"lower",0.0230790702217631,0.0124841267673584,2,"ScottKnottESD","2.0.3"
"states / hmda_pa / mlp / aod","hmda_pa","mlp","aod","fairsmote",10,"lower",0.0232442359007734,0.0133267870469397,2,"ScottKnottESD","2.0.3"
"states / hmda_pa / mlp / aod","hmda_pa","mlp","aod","ltdd",10,"lower",0.0765755358481267,0.0215760473630794,3,"ScottKnottESD","2.0.3"
"states / hmda_pa / mlp / aod","hmda_pa","mlp","aod","cot_phi",10,"lower",0.0847527168016699,0.0282113362627774,4,"ScottKnottESD","2.0.3"
"states / hmda_pa / mlp / aod","hmda_pa","mlp","aod","erm",10,"lower",0.137320508707368,0.0243551721970364,5,"ScottKnottESD","2.0.3"
"states / hmda_pa / mlp / aod","hmda_pa","mlp","aod","hifi_shared",10,"lower",0.141213576220383,0.0293581015964828,5,"ScottKnottESD","2.0.3"
"states / hmda_pa / mlp / auc","hmda_pa","mlp","auc","hifi_shared",10,"higher",0.838541188759543,0.0012981340154209,1,"ScottKnottESD","2.0.3"
"states / hmda_pa / mlp / auc","hmda_pa","mlp","auc","erm",10,"higher",0.83812593898294,0.00197227071090087,2,"ScottKnottESD","2.0.3"
"states / hmda_pa / mlp / auc","hmda_pa","mlp","auc","cot_phi",10,"higher",0.834615448488039,0.00138784754800984,3,"ScottKnottESD","2.0.3"
"states / hmda_pa / mlp / auc","hmda_pa","mlp","auc","ltdd",10,"higher",0.834360755103456,0.000896425069941722,4,"ScottKnottESD","2.0.3"
"states / hmda_pa / mlp / auc","hmda_pa","mlp","auc","reweighing",10,"higher",0.834091652079534,0.00168712820199619,5,"ScottKnottESD","2.0.3"
"states / hmda_pa / mlp / auc","hmda_pa","mlp","auc","soft",10,"higher",0.829643741405832,0.00309585520612201,6,"ScottKnottESD","2.0.3"
"states / hmda_pa / mlp / auc","hmda_pa","mlp","auc","dralign",10,"higher",0.826050657135046,0.00289647828673092,7,"ScottKnottESD","2.0.3"
"states / hmda_pa / mlp / auc","hmda_pa","mlp","auc","fairsmote",10,"higher",0.816074635117656,0.00274785209817403,8,"ScottKnottESD","2.0.3"
"states / hmda_pa / mlp / decision_disagreement","hmda_pa","mlp","decision_disagreement","soft",10,"lower",0.00172708143064036,0.00101896097694441,1,"ScottKnottESD","2.0.3"
"states / hmda_pa / mlp / decision_disagreement","hmda_pa","mlp","decision_disagreement","reweighing",10,"lower",0.0416824702799036,0.00618023134088828,2,"ScottKnottESD","2.0.3"
"states / hmda_pa / mlp / decision_disagreement","hmda_pa","mlp","decision_disagreement","cot_phi",10,"lower",0.0666731543817831,0.012095969870545,3,"ScottKnottESD","2.0.3"
"states / hmda_pa / mlp / decision_disagreement","hmda_pa","mlp","decision_disagreement","erm",10,"lower",0.0712319242567602,0.0148447457677406,4,"ScottKnottESD","2.0.3"
"states / hmda_pa / mlp / decision_disagreement","hmda_pa","mlp","decision_disagreement","dralign",10,"lower",0.073056970552555,0.0155821794388361,4,"ScottKnottESD","2.0.3"
"states / hmda_pa / mlp / decision_disagreement","hmda_pa","mlp","decision_disagreement","hifi_shared",10,"lower",0.0732290573476146,0.0119499694928013,4,"ScottKnottESD","2.0.3"
"states / hmda_pa / mlp / decision_disagreement","hmda_pa","mlp","decision_disagreement","ltdd",10,"lower",0.103155281195655,0.018353496029362,5,"ScottKnottESD","2.0.3"
"states / hmda_pa / mlp / decision_disagreement","hmda_pa","mlp","decision_disagreement","fairsmote",10,"lower",0.131320360636546,0.0238695596430702,6,"ScottKnottESD","2.0.3"
"states / hmda_pa / mlp / direction_adverse_005","hmda_pa","mlp","direction_adverse_005","soft",10,"lower",0.00877031166938657,0.00457997939357809,1,"ScottKnottESD","2.0.3"
"states / hmda_pa / mlp / direction_adverse_005","hmda_pa","mlp","direction_adverse_005","cot_phi",10,"lower",0.234199835404251,0.0239590385968883,2,"ScottKnottESD","2.0.3"
"states / hmda_pa / mlp / direction_adverse_005","hmda_pa","mlp","direction_adverse_005","reweighing",10,"lower",0.23945386221934,0.0274473623781404,3,"ScottKnottESD","2.0.3"
"states / hmda_pa / mlp / direction_adverse_005","hmda_pa","mlp","direction_adverse_005","hifi_shared",10,"lower",0.276415682903323,0.0410516132783002,4,"ScottKnottESD","2.0.3"
"states / hmda_pa / mlp / direction_adverse_005","hmda_pa","mlp","direction_adverse_005","erm",10,"lower",0.293599351013867,0.0321074186705644,5,"ScottKnottESD","2.0.3"
"states / hmda_pa / mlp / direction_adverse_005","hmda_pa","mlp","direction_adverse_005","ltdd",10,"lower",0.310663018956985,0.0425720307596719,6,"ScottKnottESD","2.0.3"
"states / hmda_pa / mlp / direction_adverse_005","hmda_pa","mlp","direction_adverse_005","dralign",10,"lower",0.344163125695495,0.0393339521273463,7,"ScottKnottESD","2.0.3"
"states / hmda_pa / mlp / direction_adverse_005","hmda_pa","mlp","direction_adverse_005","fairsmote",10,"lower",0.387319917534664,0.0839207734240103,8,"ScottKnottESD","2.0.3"
"states / hmda_pa / mlp / dp","hmda_pa","mlp","dp","soft",10,"lower",0.0641862896255833,0.016139029333522,1,"ScottKnottESD","2.0.3"
"states / hmda_pa / mlp / dp","hmda_pa","mlp","dp","fairsmote",10,"lower",0.0717977736508541,0.0177540899675207,2,"ScottKnottESD","2.0.3"
"states / hmda_pa / mlp / dp","hmda_pa","mlp","dp","dralign",10,"lower",0.0798060179055101,0.0176809834038151,3,"ScottKnottESD","2.0.3"
"states / hmda_pa / mlp / dp","hmda_pa","mlp","dp","reweighing",10,"lower",0.0994755532950273,0.0195032137620609,4,"ScottKnottESD","2.0.3"
"states / hmda_pa / mlp / dp","hmda_pa","mlp","dp","ltdd",10,"lower",0.156567235750461,0.0249084514439043,5,"ScottKnottESD","2.0.3"
"states / hmda_pa / mlp / dp","hmda_pa","mlp","dp","cot_phi",10,"lower",0.167104810827263,0.0312631337188445,6,"ScottKnottESD","2.0.3"
"states / hmda_pa / mlp / dp","hmda_pa","mlp","dp","erm",10,"lower",0.209998113793611,0.0265980221818342,7,"ScottKnottESD","2.0.3"
"states / hmda_pa / mlp / dp","hmda_pa","mlp","dp","hifi_shared",10,"lower",0.215348558741253,0.030744996125024,7,"ScottKnottESD","2.0.3"
"states / hmda_pa / mlp / eomax","hmda_pa","mlp","eomax","soft",10,"lower",0.0242383204245395,0.0176677081767913,1,"ScottKnottESD","2.0.3"
"states / hmda_pa / mlp / eomax","hmda_pa","mlp","eomax","dralign",10,"lower",0.0283579318667037,0.017586335808599,2,"ScottKnottESD","2.0.3"
"states / hmda_pa / mlp / eomax","hmda_pa","mlp","eomax","reweighing",10,"lower",0.0293919048003022,0.0173691560561654,2,"ScottKnottESD","2.0.3"
"states / hmda_pa / mlp / eomax","hmda_pa","mlp","eomax","fairsmote",10,"lower",0.0295603638714106,0.0149616801840081,2,"ScottKnottESD","2.0.3"
"states / hmda_pa / mlp / eomax","hmda_pa","mlp","eomax","ltdd",10,"lower",0.0931657848324515,0.025149034432118,3,"ScottKnottESD","2.0.3"
"states / hmda_pa / mlp / eomax","hmda_pa","mlp","eomax","cot_phi",10,"lower",0.0977745289148798,0.0281023394689833,3,"ScottKnottESD","2.0.3"
"states / hmda_pa / mlp / eomax","hmda_pa","mlp","eomax","erm",10,"lower",0.177954144620811,0.0259677239801114,4,"ScottKnottESD","2.0.3"
"states / hmda_pa / mlp / eomax","hmda_pa","mlp","eomax","hifi_shared",10,"lower",0.18027244036016,0.03201959513597,4,"ScottKnottESD","2.0.3"
"states / hmda_pa / mlp / f1","hmda_pa","mlp","f1","hifi_shared",10,"higher",0.911252484064969,0.00141085392030566,1,"ScottKnottESD","2.0.3"
"states / hmda_pa / mlp / f1","hmda_pa","mlp","f1","reweighing",10,"higher",0.911088720078121,0.00103523175043107,1,"ScottKnottESD","2.0.3"
"states / hmda_pa / mlp / f1","hmda_pa","mlp","f1","erm",10,"higher",0.91100828585354,0.00221084173704264,1,"ScottKnottESD","2.0.3"
"states / hmda_pa / mlp / f1","hmda_pa","mlp","f1","ltdd",10,"higher",0.909859502518113,0.00217989187821152,2,"ScottKnottESD","2.0.3"
"states / hmda_pa / mlp / f1","hmda_pa","mlp","f1","soft",10,"higher",0.909611886592524,0.00185837261666071,2,"ScottKnottESD","2.0.3"
"states / hmda_pa / mlp / f1","hmda_pa","mlp","f1","cot_phi",10,"higher",0.908672037503019,0.00279983359560094,3,"ScottKnottESD","2.0.3"
"states / hmda_pa / mlp / f1","hmda_pa","mlp","f1","dralign",10,"higher",0.899914565877496,0.00680974731046616,4,"ScottKnottESD","2.0.3"
"states / hmda_pa / mlp / f1","hmda_pa","mlp","f1","fairsmote",10,"higher",0.861531680813543,0.0109690817097634,5,"ScottKnottESD","2.0.3"
"states / hmda_pa / mlp / L_R","hmda_pa","mlp","L_R","soft",10,"lower",0.00766789522101692,0.00242385202880445,1,"ScottKnottESD","2.0.3"
"states / hmda_pa / mlp / L_R","hmda_pa","mlp","L_R","reweighing",10,"lower",0.169475272016609,0.0222842667529217,2,"ScottKnottESD","2.0.3"
"states / hmda_pa / mlp / L_R","hmda_pa","mlp","L_R","erm",10,"lower",0.186616217577537,0.0366242758744024,3,"ScottKnottESD","2.0.3"
"states / hmda_pa / mlp / L_R","hmda_pa","mlp","L_R","hifi_shared",10,"lower",0.194285201278964,0.0204409778507353,4,"ScottKnottESD","2.0.3"
"states / hmda_pa / mlp / L_R","hmda_pa","mlp","L_R","dralign",10,"lower",0.230444502445434,0.0381954590749403,5,"ScottKnottESD","2.0.3"
"states / hmda_pa / mlp / L_R","hmda_pa","mlp","L_R","fairsmote",10,"lower",0.257950332701452,0.118719058817861,6,"ScottKnottESD","2.0.3"
"states / hmda_pa / mlp / L_R","hmda_pa","mlp","L_R","cot_phi",10,"lower",0.268299703668854,0.034897138763668,6,"ScottKnottESD","2.0.3"
"states / hmda_pa / mlp / L_R","hmda_pa","mlp","L_R","ltdd",10,"lower",0.38194979911859,0.0302626991888778,7,"ScottKnottESD","2.0.3"
"states / hmda_pa / mlp / opposite_005","hmda_pa","mlp","opposite_005","soft",10,"lower",0,0,1,"ScottKnottESD","2.0.3"
"states / hmda_pa / mlp / opposite_005","hmda_pa","mlp","opposite_005","reweighing",10,"lower",0.0342260590582955,0.00676483005868835,2,"ScottKnottESD","2.0.3"
"states / hmda_pa / mlp / opposite_005","hmda_pa","mlp","opposite_005","erm",10,"lower",0.0428131660615722,0.0117908722251298,3,"ScottKnottESD","2.0.3"
"states / hmda_pa / mlp / opposite_005","hmda_pa","mlp","opposite_005","hifi_shared",10,"lower",0.0450507664359714,0.00884431804226467,4,"ScottKnottESD","2.0.3"
"states / hmda_pa / mlp / opposite_005","hmda_pa","mlp","opposite_005","cot_phi",10,"lower",0.0542947161823948,0.00918766842781799,5,"ScottKnottESD","2.0.3"
"states / hmda_pa / mlp / opposite_005","hmda_pa","mlp","opposite_005","dralign",10,"lower",0.0546069012151666,0.012564189815539,5,"ScottKnottESD","2.0.3"
"states / hmda_pa / mlp / opposite_005","hmda_pa","mlp","opposite_005","fairsmote",10,"lower",0.080520737241939,0.0293512869115725,6,"ScottKnottESD","2.0.3"
"states / hmda_pa / mlp / opposite_005","hmda_pa","mlp","opposite_005","ltdd",10,"lower",0.12544489408264,0.0103705174739703,7,"ScottKnottESD","2.0.3"
"states / hmda_pa / mlp / P_population_effect_gap","hmda_pa","mlp","P_population_effect_gap","soft",10,"lower",0.00676433753527712,0.000985354263288138,1,"ScottKnottESD","2.0.3"
"states / hmda_pa / mlp / P_population_effect_gap","hmda_pa","mlp","P_population_effect_gap","reweighing",10,"lower",0.0278155700123353,0.00255908466609142,2,"ScottKnottESD","2.0.3"
"states / hmda_pa / mlp / P_population_effect_gap","hmda_pa","mlp","P_population_effect_gap","erm",10,"lower",0.0325336585176531,0.00514184416050675,3,"ScottKnottESD","2.0.3"
"states / hmda_pa / mlp / P_population_effect_gap","hmda_pa","mlp","P_population_effect_gap","cot_phi",10,"lower",0.0327538130381254,0.00439645731436532,3,"ScottKnottESD","2.0.3"
"states / hmda_pa / mlp / P_population_effect_gap","hmda_pa","mlp","P_population_effect_gap","hifi_shared",10,"lower",0.0339759135557057,0.00478559389458696,4,"ScottKnottESD","2.0.3"
"states / hmda_pa / mlp / P_population_effect_gap","hmda_pa","mlp","P_population_effect_gap","ltdd",10,"lower",0.0352811531007533,0.00360002582458059,5,"ScottKnottESD","2.0.3"
"states / hmda_pa / mlp / P_population_effect_gap","hmda_pa","mlp","P_population_effect_gap","dralign",10,"lower",0.0363236739500151,0.00369094173993066,6,"ScottKnottESD","2.0.3"
"states / hmda_pa / mlp / P_population_effect_gap","hmda_pa","mlp","P_population_effect_gap","fairsmote",10,"lower",0.0431576642514448,0.00680291463652478,7,"ScottKnottESD","2.0.3"
"states / hmda_pa / mlp / P_R","hmda_pa","mlp","P_R","soft",10,"lower",0.00122519574245476,0.0003376438849304,1,"ScottKnottESD","2.0.3"
"states / hmda_pa / mlp / P_R","hmda_pa","mlp","P_R","reweighing",10,"lower",0.0264407104745621,0.00291466694671174,2,"ScottKnottESD","2.0.3"
"states / hmda_pa / mlp / P_R","hmda_pa","mlp","P_R","erm",10,"lower",0.0363199037531692,0.00595088431114037,3,"ScottKnottESD","2.0.3"
"states / hmda_pa / mlp / P_R","hmda_pa","mlp","P_R","hifi_shared",10,"lower",0.0372319538585184,0.0049256107552434,3,"ScottKnottESD","2.0.3"
"states / hmda_pa / mlp / P_R","hmda_pa","mlp","P_R","dralign",10,"lower",0.0384586959582127,0.0077808498394226,4,"ScottKnottESD","2.0.3"
"states / hmda_pa / mlp / P_R","hmda_pa","mlp","P_R","cot_phi",10,"lower",0.0497432572140245,0.00595592392952038,5,"ScottKnottESD","2.0.3"
"states / hmda_pa / mlp / P_R","hmda_pa","mlp","P_R","fairsmote",10,"lower",0.054436374300287,0.018339765911255,6,"ScottKnottESD","2.0.3"
"states / hmda_pa / mlp / P_R","hmda_pa","mlp","P_R","ltdd",10,"lower",0.0628879056853705,0.00624400579908335,7,"ScottKnottESD","2.0.3"
"states / hmda_pa / mlp / violation_005","hmda_pa","mlp","violation_005","soft",10,"lower",0.000623452381666824,0.000758762103549622,1,"ScottKnottESD","2.0.3"
"states / hmda_pa / mlp / violation_005","hmda_pa","mlp","violation_005","reweighing",10,"lower",0.777817872841332,0.0241173543376106,2,"ScottKnottESD","2.0.3"
"states / hmda_pa / mlp / violation_005","hmda_pa","mlp","violation_005","erm",10,"lower",0.794278469467809,0.0408723520955515,3,"ScottKnottESD","2.0.3"
"states / hmda_pa / mlp / violation_005","hmda_pa","mlp","violation_005","hifi_shared",10,"lower",0.810194889751585,0.0210981718615965,4,"ScottKnottESD","2.0.3"
"states / hmda_pa / mlp / violation_005","hmda_pa","mlp","violation_005","dralign",10,"lower",0.811796824489239,0.0309652917326416,4,"ScottKnottESD","2.0.3"
"states / hmda_pa / mlp / violation_005","hmda_pa","mlp","violation_005","fairsmote",10,"lower",0.83099619221899,0.0581702570126454,5,"ScottKnottESD","2.0.3"
"states / hmda_pa / mlp / violation_005","hmda_pa","mlp","violation_005","cot_phi",10,"lower",0.855012113685797,0.0189631685709426,6,"ScottKnottESD","2.0.3"
"states / hmda_pa / mlp / violation_005","hmda_pa","mlp","violation_005","ltdd",10,"lower",0.899912514361988,0.0104201727003547,7,"ScottKnottESD","2.0.3"
"states / hmda_va / mlp / accuracy","hmda_va","mlp","accuracy","hifi_shared",10,"higher",0.876783333333333,0.0013478377746104,1,"ScottKnottESD","2.0.3"
"states / hmda_va / mlp / accuracy","hmda_va","mlp","accuracy","erm",10,"higher",0.87615,0.00221066438815054,2,"ScottKnottESD","2.0.3"
"states / hmda_va / mlp / accuracy","hmda_va","mlp","accuracy","reweighing",10,"higher",0.875016666666667,0.00136524316108482,3,"ScottKnottESD","2.0.3"
"states / hmda_va / mlp / accuracy","hmda_va","mlp","accuracy","ltdd",10,"higher",0.874966666666667,0.00155168168429699,3,"ScottKnottESD","2.0.3"
"states / hmda_va / mlp / accuracy","hmda_va","mlp","accuracy","cot_phi",10,"higher",0.874333333333333,0.00183375416045545,4,"ScottKnottESD","2.0.3"
"states / hmda_va / mlp / accuracy","hmda_va","mlp","accuracy","dralign",10,"higher",0.866566666666667,0.00304133052429767,5,"ScottKnottESD","2.0.3"
"states / hmda_va / mlp / accuracy","hmda_va","mlp","accuracy","soft",10,"higher",0.863333333333333,0.00295334085777824,6,"ScottKnottESD","2.0.3"
"states / hmda_va / mlp / accuracy","hmda_va","mlp","accuracy","fairsmote",10,"higher",0.808558333333333,0.0111928279781362,7,"ScottKnottESD","2.0.3"
"states / hmda_va / mlp / aod","hmda_va","mlp","aod","ltdd",10,"lower",0.0148421734406268,0.00718335705334874,1,"ScottKnottESD","2.0.3"
"states / hmda_va / mlp / aod","hmda_va","mlp","aod","cot_phi",10,"lower",0.0164576682658663,0.00736457478754566,2,"ScottKnottESD","2.0.3"
"states / hmda_va / mlp / aod","hmda_va","mlp","aod","soft",10,"lower",0.0186929493234599,0.00595033170779598,3,"ScottKnottESD","2.0.3"
"states / hmda_va / mlp / aod","hmda_va","mlp","aod","reweighing",10,"lower",0.0234593423847845,0.0091277380895257,4,"ScottKnottESD","2.0.3"
"states / hmda_va / mlp / aod","hmda_va","mlp","aod","hifi_shared",10,"lower",0.0392306283769066,0.0145783875378654,5,"ScottKnottESD","2.0.3"
"states / hmda_va / mlp / aod","hmda_va","mlp","aod","erm",10,"lower",0.0442211113921208,0.0113979723460766,6,"ScottKnottESD","2.0.3"
"states / hmda_va / mlp / aod","hmda_va","mlp","aod","fairsmote",10,"lower",0.0506477673707422,0.010787573104234,7,"ScottKnottESD","2.0.3"
"states / hmda_va / mlp / aod","hmda_va","mlp","aod","dralign",10,"lower",0.063032600307361,0.00793063158092356,8,"ScottKnottESD","2.0.3"
"states / hmda_va / mlp / auc","hmda_va","mlp","auc","hifi_shared",10,"higher",0.860081854042811,0.00125370446388379,1,"ScottKnottESD","2.0.3"
"states / hmda_va / mlp / auc","hmda_va","mlp","auc","erm",10,"higher",0.859503692131789,0.00153532840559425,2,"ScottKnottESD","2.0.3"
"states / hmda_va / mlp / auc","hmda_va","mlp","auc","reweighing",10,"higher",0.855051738313763,0.00141251843008209,3,"ScottKnottESD","2.0.3"
"states / hmda_va / mlp / auc","hmda_va","mlp","auc","cot_phi",10,"higher",0.853606680713821,0.000988289964636509,4,"ScottKnottESD","2.0.3"
"states / hmda_va / mlp / auc","hmda_va","mlp","auc","ltdd",10,"higher",0.852848143015029,0.00176491777250898,5,"ScottKnottESD","2.0.3"
"states / hmda_va / mlp / auc","hmda_va","mlp","auc","dralign",10,"higher",0.847406685351932,0.00226616101622535,6,"ScottKnottESD","2.0.3"
"states / hmda_va / mlp / auc","hmda_va","mlp","auc","soft",10,"higher",0.844735471309038,0.00312990698174652,7,"ScottKnottESD","2.0.3"
"states / hmda_va / mlp / auc","hmda_va","mlp","auc","fairsmote",10,"higher",0.842156109570343,0.00171659835947196,8,"ScottKnottESD","2.0.3"
"states / hmda_va / mlp / decision_disagreement","hmda_va","mlp","decision_disagreement","soft",10,"lower",0.00270416060774618,0.00100945145055371,1,"ScottKnottESD","2.0.3"
"states / hmda_va / mlp / decision_disagreement","hmda_va","mlp","decision_disagreement","cot_phi",10,"lower",0.0338133881457786,0.0135518999677802,2,"ScottKnottESD","2.0.3"
"states / hmda_va / mlp / decision_disagreement","hmda_va","mlp","decision_disagreement","reweighing",10,"lower",0.0392786263515066,0.00753789592892066,3,"ScottKnottESD","2.0.3"
"states / hmda_va / mlp / decision_disagreement","hmda_va","mlp","decision_disagreement","hifi_shared",10,"lower",0.0470539886491673,0.0114981509667626,4,"ScottKnottESD","2.0.3"
"states / hmda_va / mlp / decision_disagreement","hmda_va","mlp","decision_disagreement","erm",10,"lower",0.0472635241404836,0.00938440738401423,4,"ScottKnottESD","2.0.3"
"states / hmda_va / mlp / decision_disagreement","hmda_va","mlp","decision_disagreement","ltdd",10,"lower",0.0477100798809812,0.0163618193009918,4,"ScottKnottESD","2.0.3"
"states / hmda_va / mlp / decision_disagreement","hmda_va","mlp","decision_disagreement","dralign",10,"lower",0.0695783896619263,0.00826947684166658,5,"ScottKnottESD","2.0.3"
"states / hmda_va / mlp / decision_disagreement","hmda_va","mlp","decision_disagreement","fairsmote",10,"lower",0.115913399305711,0.0159992822793812,6,"ScottKnottESD","2.0.3"
"states / hmda_va / mlp / direction_adverse_005","hmda_va","mlp","direction_adverse_005","soft",10,"lower",0.00500170710154513,0.00285503280553981,1,"ScottKnottESD","2.0.3"
"states / hmda_va / mlp / direction_adverse_005","hmda_va","mlp","direction_adverse_005","cot_phi",10,"lower",0.209371517907826,0.0285848282897591,2,"ScottKnottESD","2.0.3"
"states / hmda_va / mlp / direction_adverse_005","hmda_va","mlp","direction_adverse_005","reweighing",10,"lower",0.250989611102286,0.0189506817637292,3,"ScottKnottESD","2.0.3"
"states / hmda_va / mlp / direction_adverse_005","hmda_va","mlp","direction_adverse_005","erm",10,"lower",0.273174461174875,0.030886811216485,4,"ScottKnottESD","2.0.3"
"states / hmda_va / mlp / direction_adverse_005","hmda_va","mlp","direction_adverse_005","dralign",10,"lower",0.277159066161423,0.0327141355161444,4,"ScottKnottESD","2.0.3"
"states / hmda_va / mlp / direction_adverse_005","hmda_va","mlp","direction_adverse_005","hifi_shared",10,"lower",0.295706411317532,0.0421459076668511,5,"ScottKnottESD","2.0.3"
"states / hmda_va / mlp / direction_adverse_005","hmda_va","mlp","direction_adverse_005","ltdd",10,"lower",0.320888542274299,0.0327595790962586,6,"ScottKnottESD","2.0.3"
"states / hmda_va / mlp / direction_adverse_005","hmda_va","mlp","direction_adverse_005","fairsmote",10,"lower",0.476739960386828,0.0628630305918046,7,"ScottKnottESD","2.0.3"
"states / hmda_va / mlp / dp","hmda_va","mlp","dp","dralign",10,"lower",0.0151719450297649,0.00557789171648635,1,"ScottKnottESD","2.0.3"
"states / hmda_va / mlp / dp","hmda_va","mlp","dp","fairsmote",10,"lower",0.022344259785018,0.00932256664363269,2,"ScottKnottESD","2.0.3"
"states / hmda_va / mlp / dp","hmda_va","mlp","dp","soft",10,"lower",0.0312933526203668,0.00479491747521706,3,"ScottKnottESD","2.0.3"
"states / hmda_va / mlp / dp","hmda_va","mlp","dp","reweighing",10,"lower",0.0447479509090883,0.00976939149743022,4,"ScottKnottESD","2.0.3"
"states / hmda_va / mlp / dp","hmda_va","mlp","dp","cot_phi",10,"lower",0.0590638969785888,0.01171454272908,5,"ScottKnottESD","2.0.3"
"states / hmda_va / mlp / dp","hmda_va","mlp","dp","ltdd",10,"lower",0.0652113182918869,0.013347851711714,6,"ScottKnottESD","2.0.3"
"states / hmda_va / mlp / dp","hmda_va","mlp","dp","hifi_shared",10,"lower",0.0907880016884756,0.0145828654798535,7,"ScottKnottESD","2.0.3"
"states / hmda_va / mlp / dp","hmda_va","mlp","dp","erm",10,"lower",0.0953781967999977,0.00992555478380908,8,"ScottKnottESD","2.0.3"
"states / hmda_va / mlp / eomax","hmda_va","mlp","eomax","ltdd",10,"lower",0.0202456202810064,0.00817362939460105,1,"ScottKnottESD","2.0.3"
"states / hmda_va / mlp / eomax","hmda_va","mlp","eomax","cot_phi",10,"lower",0.02497494583843,0.0146338326588252,2,"ScottKnottESD","2.0.3"
"states / hmda_va / mlp / eomax","hmda_va","mlp","eomax","soft",10,"lower",0.0349246682687284,0.0129692012827001,3,"ScottKnottESD","2.0.3"
"states / hmda_va / mlp / eomax","hmda_va","mlp","eomax","reweighing",10,"lower",0.0440121642110459,0.0181012993481333,4,"ScottKnottESD","2.0.3"
"states / hmda_va / mlp / eomax","hmda_va","mlp","eomax","hifi_shared",10,"lower",0.049656044300491,0.0193206998826298,5,"ScottKnottESD","2.0.3"
"states / hmda_va / mlp / eomax","hmda_va","mlp","eomax","erm",10,"lower",0.0561436764339633,0.0168899992957412,6,"ScottKnottESD","2.0.3"
"states / hmda_va / mlp / eomax","hmda_va","mlp","eomax","fairsmote",10,"lower",0.0642924459304147,0.0152735388928875,7,"ScottKnottESD","2.0.3"
"states / hmda_va / mlp / eomax","hmda_va","mlp","eomax","dralign",10,"lower",0.100575488454707,0.0132096350715205,8,"ScottKnottESD","2.0.3"
"states / hmda_va / mlp / f1","hmda_va","mlp","f1","hifi_shared",10,"higher",0.927442799821458,0.00110434275080978,1,"ScottKnottESD","2.0.3"
"states / hmda_va / mlp / f1","hmda_va","mlp","f1","erm",10,"higher",0.926965746192433,0.00167139121371034,2,"ScottKnottESD","2.0.3"
"states / hmda_va / mlp / f1","hmda_va","mlp","f1","reweighing",10,"higher",0.926515150644889,0.0010655837706551,3,"ScottKnottESD","2.0.3"
"states / hmda_va / mlp / f1","hmda_va","mlp","f1","ltdd",10,"higher",0.926103825101688,0.00140882591702563,4,"ScottKnottESD","2.0.3"
"states / hmda_va / mlp / f1","hmda_va","mlp","f1","cot_phi",10,"higher",0.925939094352316,0.00168035925547258,4,"ScottKnottESD","2.0.3"
"states / hmda_va / mlp / f1","hmda_va","mlp","f1","soft",10,"higher",0.921738165648561,0.00143062263923876,5,"ScottKnottESD","2.0.3"
"states / hmda_va / mlp / f1","hmda_va","mlp","f1","dralign",10,"higher",0.92006113767981,0.00207408291751748,6,"ScottKnottESD","2.0.3"
"states / hmda_va / mlp / f1","hmda_va","mlp","f1","fairsmote",10,"higher",0.876683733446252,0.0087040800882403,7,"ScottKnottESD","2.0.3"
"states / hmda_va / mlp / L_R","hmda_va","mlp","L_R","soft",10,"lower",0.0117044593646353,0.00247329099826909,1,"ScottKnottESD","2.0.3"
"states / hmda_va / mlp / L_R","hmda_va","mlp","L_R","cot_phi",10,"lower",0.180373161994037,0.0556605522002602,2,"ScottKnottESD","2.0.3"
"states / hmda_va / mlp / L_R","hmda_va","mlp","L_R","erm",10,"lower",0.191337261663312,0.0382926851251273,3,"ScottKnottESD","2.0.3"
"states / hmda_va / mlp / L_R","hmda_va","mlp","L_R","reweighing",10,"lower",0.201263959758961,0.0374451842339902,4,"ScottKnottESD","2.0.3"
"states / hmda_va / mlp / L_R","hmda_va","mlp","L_R","hifi_shared",10,"lower",0.207815625934659,0.0312701955241728,4,"ScottKnottESD","2.0.3"
"states / hmda_va / mlp / L_R","hmda_va","mlp","L_R","dralign",10,"lower",0.265783864449991,0.0389337095856828,5,"ScottKnottESD","2.0.3"
"states / hmda_va / mlp / L_R","hmda_va","mlp","L_R","ltdd",10,"lower",0.269820639729033,0.0604258630892132,5,"ScottKnottESD","2.0.3"
"states / hmda_va / mlp / L_R","hmda_va","mlp","L_R","fairsmote",10,"lower",0.331418519414348,0.0646427847182026,6,"ScottKnottESD","2.0.3"
"states / hmda_va / mlp / opposite_005","hmda_va","mlp","opposite_005","soft",10,"lower",1.81315443542904e-05,3.16942069162822e-05,1,"ScottKnottESD","2.0.3"
"states / hmda_va / mlp / opposite_005","hmda_va","mlp","opposite_005","cot_phi",10,"lower",0.037138580380993,0.0143995387138926,2,"ScottKnottESD","2.0.3"
"states / hmda_va / mlp / opposite_005","hmda_va","mlp","opposite_005","erm",10,"lower",0.0458095460058373,0.00946461724760305,3,"ScottKnottESD","2.0.3"
"states / hmda_va / mlp / opposite_005","hmda_va","mlp","opposite_005","reweighing",10,"lower",0.0462172376552446,0.00844824522686505,3,"ScottKnottESD","2.0.3"
"states / hmda_va / mlp / opposite_005","hmda_va","mlp","opposite_005","hifi_shared",10,"lower",0.0506616450796015,0.00960904565861657,4,"ScottKnottESD","2.0.3"
"states / hmda_va / mlp / opposite_005","hmda_va","mlp","opposite_005","dralign",10,"lower",0.0589141115903526,0.00964127531205965,5,"ScottKnottESD","2.0.3"
"states / hmda_va / mlp / opposite_005","hmda_va","mlp","opposite_005","ltdd",10,"lower",0.0611128888720327,0.0158884819023428,5,"ScottKnottESD","2.0.3"
"states / hmda_va / mlp / opposite_005","hmda_va","mlp","opposite_005","fairsmote",10,"lower",0.127346694150308,0.0151827509592115,6,"ScottKnottESD","2.0.3"
"states / hmda_va / mlp / P_population_effect_gap","hmda_va","mlp","P_population_effect_gap","soft",10,"lower",0.00454491166397395,0.000630215653076646,1,"ScottKnottESD","2.0.3"
"states / hmda_va / mlp / P_population_effect_gap","hmda_va","mlp","P_population_effect_gap","cot_phi",10,"lower",0.0168246651884765,0.00431665446902282,2,"ScottKnottESD","2.0.3"
"states / hmda_va / mlp / P_population_effect_gap","hmda_va","mlp","P_population_effect_gap","reweighing",10,"lower",0.0227858446298792,0.00319859245918098,3,"ScottKnottESD","2.0.3"
"states / hmda_va / mlp / P_population_effect_gap","hmda_va","mlp","P_population_effect_gap","hifi_shared",10,"lower",0.0239261673323442,0.00434241710990856,4,"ScottKnottESD","2.0.3"
"states / hmda_va / mlp / P_population_effect_gap","hmda_va","mlp","P_population_effect_gap","erm",10,"lower",0.0242707781836126,0.00315158057003237,4,"ScottKnottESD","2.0.3"
"states / hmda_va / mlp / P_population_effect_gap","hmda_va","mlp","P_population_effect_gap","ltdd",10,"lower",0.0264244334431772,0.00536585300432279,5,"ScottKnottESD","2.0.3"
"states / hmda_va / mlp / P_population_effect_gap","hmda_va","mlp","P_population_effect_gap","dralign",10,"lower",0.0322542912296466,0.00349041840776341,6,"ScottKnottESD","2.0.3"
"states / hmda_va / mlp / P_population_effect_gap","hmda_va","mlp","P_population_effect_gap","fairsmote",10,"lower",0.0447247634172689,0.00389319910092245,7,"ScottKnottESD","2.0.3"
"states / hmda_va / mlp / P_R","hmda_va","mlp","P_R","soft",10,"lower",0.00165943049777678,0.000277802972077689,1,"ScottKnottESD","2.0.3"
"states / hmda_va / mlp / P_R","hmda_va","mlp","P_R","cot_phi",10,"lower",0.0238157887643653,0.00846728971991536,2,"ScottKnottESD","2.0.3"
"states / hmda_va / mlp / P_R","hmda_va","mlp","P_R","reweighing",10,"lower",0.0265267887642175,0.00487260374688744,3,"ScottKnottESD","2.0.3"
"states / hmda_va / mlp / P_R","hmda_va","mlp","P_R","erm",10,"lower",0.032029107750202,0.00513546246186244,4,"ScottKnottESD","2.0.3"
"states / hmda_va / mlp / P_R","hmda_va","mlp","P_R","hifi_shared",10,"lower",0.0320731860427641,0.00607462444963415,4,"ScottKnottESD","2.0.3"
"states / hmda_va / mlp / P_R","hmda_va","mlp","P_R","ltdd",10,"lower",0.0342721232434247,0.0100327513165921,5,"ScottKnottESD","2.0.3"
"states / hmda_va / mlp / P_R","hmda_va","mlp","P_R","dralign",10,"lower",0.0417397489468241,0.0058382922587944,6,"ScottKnottESD","2.0.3"
"states / hmda_va / mlp / P_R","hmda_va","mlp","P_R","fairsmote",10,"lower",0.0567060042130135,0.00909635504629411,7,"ScottKnottESD","2.0.3"
"states / hmda_va / mlp / violation_005","hmda_va","mlp","violation_005","soft",10,"lower",0.00530450796579412,0.00634355572210937,1,"ScottKnottESD","2.0.3"
"states / hmda_va / mlp / violation_005","hmda_va","mlp","violation_005","cot_phi",10,"lower",0.789441184861133,0.0478183327559538,2,"ScottKnottESD","2.0.3"
"states / hmda_va / mlp / violation_005","hmda_va","mlp","violation_005","erm",10,"lower",0.8070967313404,0.0362013067769971,3,"ScottKnottESD","2.0.3"
"states / hmda_va / mlp / violation_005","hmda_va","mlp","violation_005","reweighing",10,"lower",0.815403946257015,0.0318192190988481,4,"ScottKnottESD","2.0.3"
"states / hmda_va / mlp / violation_005","hmda_va","mlp","violation_005","hifi_shared",10,"lower",0.822568172197171,0.0222700273652316,5,"ScottKnottESD","2.0.3"
"states / hmda_va / mlp / violation_005","hmda_va","mlp","violation_005","dralign",10,"lower",0.844463937289803,0.019671864441535,6,"ScottKnottESD","2.0.3"
"states / hmda_va / mlp / violation_005","hmda_va","mlp","violation_005","ltdd",10,"lower",0.855148694110843,0.0366770647101485,7,"ScottKnottESD","2.0.3"
"states / hmda_va / mlp / violation_005","hmda_va","mlp","violation_005","fairsmote",10,"lower",0.891770405344683,0.0190052271845852,8,"ScottKnottESD","2.0.3"
