task,arch,arm,seed,share_group_patterned,dauc_full,dauc_group_patterned,dauc_rest
hmda_oh,mlp,ltdd,1000,0.19658333333333333,-0.004888304834019808,-0.010483189874589183,-0.003501124461695704
hmda_oh,mlp,cot_phi,1000,0.19658333333333333,-0.004032208833347983,-0.019570115461150284,-0.0006670139704252342
hmda_oh,mlp,dralign,1000,0.19658333333333333,-0.002320438608848674,-0.017397265028460285,0.0014344039892572047
hmda_oh,mlp,fairsmote,1000,0.19658333333333333,-0.026675631718488857,-0.06045802674811407,-0.017482731833481147
hmda_oh,mlp,reweighing,1000,0.19658333333333333,-0.002592240487034214,-0.022095828127169148,0.0011723475168767816
hmda_oh,mlp,hifi_shared,1000,0.19658333333333333,-0.0010185466821945877,-0.002355789254477214,-0.0006192597036212
hmda_oh,mlp,ltdd,1001,0.19658333333333333,-0.0022088897328371715,-0.028662825674487413,0.0035639417134833984
hmda_oh,mlp,cot_phi,1001,0.19658333333333333,0.0002466506589774431,-0.012710271183303257,0.0025218002174595133
hmda_oh,mlp,dralign,1001,0.19658333333333333,-0.003719938576860038,-0.031222523022814586,0.0031470456487376897
hmda_oh,mlp,fairsmote,1001,0.19658333333333333,-0.024331529208779124,-0.05271241149521022,-0.017870751695572396
hmda_oh,mlp,reweighing,1001,0.19658333333333333,0.00010133743661533412,-0.01693883335647184,0.0025406125043823113
hmda_oh,mlp,hifi_shared,1001,0.19658333333333333,0.0013711521242969482,-0.0019103729927344437,0.0018724145438711037
hmda_oh,mlp,ltdd,1002,0.19658333333333333,-0.0011767573964897027,-0.037594289416446824,0.008173017786819892
hmda_oh,mlp,cot_phi,1002,0.19658333333333333,-0.0010335308595693649,-0.020386470914896537,0.005360515114620212
hmda_oh,mlp,dralign,1002,0.19658333333333333,-0.0033105930497657754,-0.036411333240779276,0.007048161427839372
hmda_oh,mlp,fairsmote,1002,0.19658333333333333,-0.021547757636725007,-0.06289913924753587,-0.01139666101640291
hmda_oh,mlp,reweighing,1002,0.19658333333333333,-0.004452165377901718,-0.01840812855754559,9.080546187778538e-05
hmda_oh,mlp,hifi_shared,1002,0.19658333333333333,0.0009541924152181025,-0.005788965245962285,0.004790818551545839
hmda_oh,mlp,ltdd,1003,0.19658333333333333,-0.00282335199910444,-0.011240975982229728,-0.0013723760641933813
hmda_oh,mlp,cot_phi,1003,0.19658333333333333,-0.002367966199602778,-0.00767475357489944,-0.00206984489072104
hmda_oh,mlp,dralign,1003,0.19658333333333333,-0.016590325797749772,-0.017848465916979084,-0.020404062927757538
hmda_oh,mlp,fairsmote,1003,0.19658333333333333,-0.030211875380126152,-0.05943270165208947,-0.024365956864610183
hmda_oh,mlp,reweighing,1003,0.19658333333333333,-0.0010629664435671815,-0.004024654079318846,-0.001828278024552099
hmda_oh,mlp,hifi_shared,1003,0.19658333333333333,-0.00017770124427263223,0.010413774353278726,-0.002905084119206758
hmda_oh,mlp,ltdd,1004,0.19658333333333333,-0.001390931238431481,-0.021083518441390225,0.0026517102407906945
hmda_oh,mlp,cot_phi,1004,0.19658333333333333,-0.0010547528944880868,-0.015084860474802175,0.0019381917708742868
hmda_oh,mlp,dralign,1004,0.19658333333333333,-0.007749372562546153,-0.04954532833541592,0.0006677704085357172
hmda_oh,mlp,fairsmote,1004,0.19658333333333333,-0.020177315873429524,-0.061129043454116516,-0.011789614170519602
hmda_oh,mlp,reweighing,1004,0.19658333333333333,-0.000616393560240347,-0.029923874311629572,0.006362795611080441
hmda_oh,mlp,hifi_shared,1004,0.19658333333333333,0.0025484866890999047,-0.003668899532602299,0.003857604143439053
hmda_oh,mlp,ltdd,1005,0.19658333333333333,-0.00231915107953351,-0.0148505830903789,0.000290570900286502
hmda_oh,mlp,cot_phi,1005,0.19658333333333333,-0.0012258167031533596,-0.01926714563376375,0.003079064884629945
hmda_oh,mlp,dralign,1005,0.19658333333333333,-0.012651462839750716,-0.043656578277569524,-0.007950822314003347
hmda_oh,mlp,fairsmote,1005,0.19658333333333333,-0.024966258962369592,-0.055100016196954926,-0.01877571478468154
hmda_oh,mlp,reweighing,1005,0.19658333333333333,-0.0029721060325678117,-0.022506536628256746,0.0006584300423012612
hmda_oh,mlp,hifi_shared,1005,0.19658333333333333,-0.0017075746548345094,0.000827201628950891,-0.0017581595005664585
hmda_oh,mlp,ltdd,1006,0.19658333333333333,-0.0030240955783621404,-0.018730621500300693,0.0013881625986741364
hmda_oh,mlp,cot_phi,1006,0.19658333333333333,0.0013126361368013262,-0.02971562774769776,0.008564129178580626
hmda_oh,mlp,dralign,1006,0.19658333333333333,-0.00733811794026018,-0.03359277384423165,-0.00036818802814997387
hmda_oh,mlp,fairsmote,1006,0.19658333333333333,-0.02064826301861944,-0.07268094312554951,-0.008447473266490535
hmda_oh,mlp,reweighing,1006,0.19658333333333333,-0.0001009156597704397,-0.025591911934842004,0.005083823209231397
hmda_oh,mlp,hifi_shared,1006,0.19658333333333333,0.0031525821245025343,-0.016719017538988523,0.008345222567114119
hmda_oh,mlp,ltdd,1007,0.19658333333333333,-0.006325720320484729,-0.007732599842658172,-0.007922209220257104
hmda_oh,mlp,cot_phi,1007,0.19658333333333333,-0.0055630367915053824,-0.018665544449072202,-0.002480097455539565
hmda_oh,mlp,dralign,1007,0.19658333333333333,-0.005533246027006555,-0.021443611458188738,-0.002413563790425899
hmda_oh,mlp,fairsmote,1007,0.19658333333333333,-0.03223980064784038,-0.03983149382201856,-0.031171466102035028
hmda_oh,mlp,reweighing,1007,0.19658333333333333,-0.004988843114508645,-0.015638738488592763,-0.0022534291312868993
hmda_oh,mlp,hifi_shared,1007,0.19658333333333333,-0.0023020358191543355,0.000822863158869036,-0.003807745005370844
hmda_oh,mlp,ltdd,1008,0.19658333333333333,-0.0023341130581268077,-0.015648861585450757,-0.0002003574334515923
hmda_oh,mlp,cot_phi,1008,0.19658333333333333,-0.0027386858472424613,-0.027168945809616485,0.0022733925196820604
hmda_oh,mlp,dralign,1008,0.19658333333333333,-0.00917839690968103,-0.02327299967606089,-0.004878269374846811
hmda_oh,mlp,fairsmote,1008,0.19658333333333333,-0.02060908216963253,-0.06151661344810044,-0.010893004789240046
hmda_oh,mlp,reweighing,1008,0.19658333333333333,-0.0008630220204363104,-0.02450946364940554,0.004202507033229885
hmda_oh,mlp,hifi_shared,1008,0.19658333333333333,-0.00013743265500221202,-0.010919929196168465,0.003264984216754252
hmda_oh,mlp,ltdd,1009,0.19658333333333333,-0.0020954761591970295,-0.013290180017585307,0.0004985584920702557
hmda_oh,mlp,cot_phi,1009,0.19658333333333333,-0.002548153707380485,-0.018493451802489846,0.0019526956494282377
hmda_oh,mlp,dralign,1009,0.19658333333333333,-0.012084039791048884,-0.052642995973899986,-0.002588531214254064
hmda_oh,mlp,fairsmote,1009,0.19658333333333333,-0.025054965292427234,-0.06121147438567276,-0.015164150358847772
hmda_oh,mlp,reweighing,1009,0.19658333333333333,-0.002474697940072823,-0.0242491554444908,0.001796968064498472
hmda_oh,mlp,hifi_shared,1009,0.19658333333333333,-0.0007188187371386379,-0.014306828173446307,0.0038012330598972133
hmda_md,mlp,ltdd,1000,0.15983333333333333,-0.0028314787697157895,-0.01231529054373548,-0.00017228078235365096
hmda_md,mlp,cot_phi,1000,0.15983333333333333,-0.004914102503756568,-0.041397526752122715,0.0013933924647451246
hmda_md,mlp,dralign,1000,0.15983333333333333,-0.01959785070018527,-0.09024791388371878,-0.007362635023455022
hmda_md,mlp,fairsmote,1000,0.15983333333333333,-0.02058716131909355,-0.07321507894682366,-0.013282667032826767
hmda_md,mlp,reweighing,1000,0.15983333333333333,-0.0016243415011223394,-0.030594779972646702,0.004567604476072296
hmda_md,mlp,hifi_shared,1000,0.15983333333333333,0.0014673185282043644,0.016252680784803242,-0.0015091235130402225
hmda_md,mlp,ltdd,1001,0.15983333333333333,-0.00496662880901666,-0.014692372480619387,-0.002034562355350822
hmda_md,mlp,cot_phi,1001,0.15983333333333333,-0.006762839016531075,-0.04343388830421557,0.00019929833885301562
hmda_md,mlp,dralign,1001,0.15983333333333333,-0.0198344558643343,-0.09917032994152031,-0.005212926415404051
hmda_md,mlp,fairsmote,1001,0.15983333333333333,-0.016285954935436275,-0.08277276338561423,-0.004585791619083679
hmda_md,mlp,reweighing,1001,0.15983333333333333,-0.007636451748627482,-0.04043268304565795,-0.0005231873792689301
hmda_md,mlp,hifi_shared,1001,0.15983333333333333,0.0008790692083386897,-0.0002770343315591228,0.0017047668794232251
hmda_md,mlp,ltdd,1002,0.15983333333333333,-0.004296223488371664,-0.018900428447923057,-0.0009755560119562023
hmda_md,mlp,cot_phi,1002,0.15983333333333333,-0.00843009107044157,-0.05330841085783522,-0.0010995326781439996
hmda_md,mlp,dralign,1002,0.15983333333333333,-0.014130111467367534,-0.05956874989053973,-0.005114329878049162
hmda_md,mlp,fairsmote,1002,0.15983333333333333,-0.016887279207807082,-0.08372327773010169,-0.0062925760433105715
hmda_md,mlp,reweighing,1002,0.15983333333333333,-0.005630548129600288,-0.04852718041144366,0.002737106543675427
hmda_md,mlp,hifi_shared,1002,0.15983333333333333,0.0005914408437053265,0.0034740742038050776,-0.00015710533665758142
hmda_md,mlp,ltdd,1003,0.15983333333333333,-0.0025894583102772373,-0.01521141381446034,0.00040783644811059894
hmda_md,mlp,cot_phi,1003,0.15983333333333333,-0.008682880349029753,-0.050407511133118255,-0.001272281296973543
hmda_md,mlp,dralign,1003,0.15983333333333333,-0.01658303432873054,-0.10671712724951088,-0.0009942109914437003
hmda_md,mlp,fairsmote,1003,0.15983333333333333,-0.012500622347148771,-0.0824384116061464,0.0003957311792894824
hmda_md,mlp,reweighing,1003,0.15983333333333333,-0.006648953091641374,-0.036563755311814994,-0.0006270470769810244
hmda_md,mlp,hifi_shared,1003,0.15983333333333333,-0.00025353053573817785,0.0005938724463881995,-0.00042693002429472493
hmda_md,mlp,ltdd,1004,0.15983333333333333,-0.007647735329686989,-0.003946943149052418,-0.00898158314927855
hmda_md,mlp,cot_phi,1004,0.15983333333333333,-0.007039369114392402,-0.03799509935820378,-0.0015036849140045438
hmda_md,mlp,dralign,1004,0.15983333333333333,-0.01579542801649747,-0.09472026697193514,-0.0025646795624231222
hmda_md,mlp,fairsmote,1004,0.15983333333333333,-0.02121002322976351,-0.08058037100310322,-0.012474391800885054
hmda_md,mlp,reweighing,1004,0.15983333333333333,-0.004617640824753799,-0.026893028128537555,-0.00042982476249109336
hmda_md,mlp,hifi_shared,1004,0.15983333333333333,-0.0003951930132723991,0.004279702777189476,-0.001165848498642652
hmda_md,mlp,ltdd,1005,0.15983333333333333,-0.006494071528267642,-0.020366799823589576,-0.003878481346658025
hmda_md,mlp,cot_phi,1005,0.15983333333333333,-0.008180596268075102,-0.05162073044718751,-0.00038210544192063267
hmda_md,mlp,dralign,1005,0.15983333333333333,-0.02113777124812588,-0.09420600209208674,-0.008574331496763232
hmda_md,mlp,fairsmote,1005,0.15983333333333333,-0.019267579458957296,-0.08924645069664583,-0.008170120781343049
hmda_md,mlp,reweighing,1005,0.15983333333333333,-0.009791965769074262,-0.05393094202817794,-0.0016398253285730968
hmda_md,mlp,hifi_shared,1005,0.15983333333333333,-0.00018379059221962368,-0.002923189843348273,0.0006491815902603948
hmda_md,mlp,ltdd,1006,0.15983333333333333,-0.005918032360898828,-0.017093336687465377,-0.003644592348347353
hmda_md,mlp,cot_phi,1006,0.15983333333333333,-0.007407918051221873,-0.041728694228929,-0.0011532169137857817
hmda_md,mlp,dralign,1006,0.15983333333333333,-0.01583580594069023,-0.10019726754988612,-0.0018612874204854135
hmda_md,mlp,fairsmote,1006,0.15983333333333333,-0.021263908506465423,-0.08907131405025792,-0.010714566416171523
hmda_md,mlp,reweighing,1006,0.15983333333333333,-0.004700764577923677,-0.02924622779545949,-0.00132269067728219
hmda_md,mlp,hifi_shared,1006,0.15983333333333333,-6.753676254689367e-06,0.003631697185554117,-0.0006786552882599439
hmda_md,mlp,ltdd,1007,0.15983333333333333,-0.007125828524736533,-0.026959898484431033,-0.003268130183920581
hmda_md,mlp,cot_phi,1007,0.15983333333333333,-0.006284563431042223,-0.04545432834300023,0.001096140863691697
hmda_md,mlp,dralign,1007,0.15983333333333333,-0.01667709162486075,-0.10235144830045817,-0.001721521273226334
hmda_md,mlp,fairsmote,1007,0.15983333333333333,-0.021911602531656693,-0.08752851941071293,-0.011026876503801741
hmda_md,mlp,reweighing,1007,0.15983333333333333,-0.002443986594611647,-0.04447674742588936,0.005607751161520902
hmda_md,mlp,hifi_shared,1007,0.15983333333333333,0.0038662531604836126,-0.0084989038038088,0.006566231142096424
hmda_md,mlp,ltdd,1008,0.15983333333333333,-0.00134198429844401,-0.010912605221301108,0.0020550594409636247
hmda_md,mlp,cot_phi,1008,0.15983333333333333,-0.0029933610950608758,-0.055445077943768406,0.007954214247585578
hmda_md,mlp,dralign,1008,0.15983333333333333,-0.010257063449676473,-0.09481579605178314,0.005767078721440333
hmda_md,mlp,fairsmote,1008,0.15983333333333333,-0.014732815301656044,-0.07685155258637011,-0.004030996037893031
hmda_md,mlp,reweighing,1008,0.15983333333333333,-0.0005812691483709775,-0.04632523512094777,0.010554624820877101
hmda_md,mlp,hifi_shared,1008,0.15983333333333333,0.0055256190619381584,0.0036762774228166206,0.007122985788531433
hmda_md,mlp,ltdd,1009,0.15983333333333333,-0.005038201304933709,-0.01934463866921632,-0.0023904104750458455
hmda_md,mlp,cot_phi,1009,0.15983333333333333,-0.006488326785355825,-0.0529358474464281,0.002599825777696241
hmda_md,mlp,dralign,1009,0.15983333333333333,-0.016652238919863116,-0.10131177348144582,-0.0005679534820833831
hmda_md,mlp,fairsmote,1009,0.15983333333333333,-0.017733424244404605,-0.09096278983124795,-0.004013276731357429
hmda_md,mlp,reweighing,1009,0.15983333333333333,-0.0028041552075518394,-0.040849826694327795,0.006031552529381257
hmda_md,mlp,hifi_shared,1009,0.15983333333333333,0.0025677971291192536,0.006125006169586333,0.003329533721419198
hmda_va,mlp,ltdd,1000,0.15775,-0.004542444641395305,-0.030269768945727082,-0.0018570591776368994
hmda_va,mlp,cot_phi,1000,0.15775,-0.004594816270657942,-0.043896482920873114,9.336157978767634e-05
hmda_va,mlp,dralign,1000,0.15775,-0.015152555515401955,-0.06962685011465486,-0.00810660594336332
hmda_va,mlp,fairsmote,1000,0.15775,-0.014577647543564165,-0.0725261962195759,-0.0064322758470224395
hmda_va,mlp,reweighing,1000,0.15775,-0.004863708734593741,-0.03826158355775067,-9.585787871269069e-05
hmda_va,mlp,hifi_shared,1000,0.15775,-0.0006315909570626665,-0.007764206370477922,-0.0002044468819416556
hmda_va,mlp,ltdd,1001,0.15775,-0.009321945786650132,-0.04769562609283873,-0.004179272456174665
hmda_va,mlp,cot_phi,1001,0.15775,-0.00701614185286914,-0.04822529386989316,-0.0012164152623217461
hmda_va,mlp,dralign,1001,0.15775,-0.01307888406314528,-0.06618932751336926,-0.005925932813861889
hmda_va,mlp,fairsmote,1001,0.15775,-0.02050735038539664,-0.0905476637183954,-0.010478464366768248
hmda_va,mlp,reweighing,1001,0.15775,-0.009052463347687834,-0.04732549680284859,-0.0035953257301892805
hmda_va,mlp,hifi_shared,1001,0.15775,-0.00027218270927487076,-0.004813807949696325,-9.944630841696167e-05
hmda_va,mlp,ltdd,1002,0.15775,-0.006717410267408019,-0.032603285216525446,-0.002618336738492877
hmda_va,mlp,cot_phi,1002,0.15775,-0.006487751142724929,-0.04647887923149252,-0.000989564097529927
hmda_va,mlp,dralign,1002,0.15775,-0.012676725317294246,-0.06762730107677828,-0.004802286260333299
hmda_va,mlp,fairsmote,1002,0.15775,-0.01946645290812521,-0.08621672558954785,-0.009561324141794225
hmda_va,mlp,reweighing,1002,0.15775,-0.005379732660531933,-0.0342858844601005,-0.0014717242348563087
hmda_va,mlp,hifi_shared,1002,0.15775,0.0005889539157345469,-0.002150578805631187,0.0012272117551717088
hmda_va,mlp,ltdd,1003,0.15775,-0.008373833227947158,-0.042350023186260244,-0.004239339649052765
hmda_va,mlp,cot_phi,1003,0.15775,-0.007742923011299752,-0.04035898286769379,-0.003167054445902151
hmda_va,mlp,dralign,1003,0.15775,-0.012040754930228492,-0.06423232207204344,-0.0055657480827489
hmda_va,mlp,fairsmote,1003,0.15775,-0.018796831253209967,-0.0654384330342519,-0.013462664916428224
hmda_va,mlp,reweighing,1003,0.15775,-0.004526696846461009,-0.029359335979545098,-0.001522180676874041
hmda_va,mlp,hifi_shared,1003,0.15775,0.0009100591695028193,0.003950172939719998,-7.307915102372498e-05
hmda_va,mlp,ltdd,1004,0.15775,-0.006433496131647232,-0.02397757101589848,-0.003944464338560105
hmda_va,mlp,cot_phi,1004,0.15775,-0.0073953823380810135,-0.040954593219401536,-0.0028435341052472918
hmda_va,mlp,dralign,1004,0.15775,-0.013630261107970387,-0.07376208769936987,-0.0048252522104415
hmda_va,mlp,fairsmote,1004,0.15775,-0.019716216566398992,-0.08851833416293342,-0.009019970516213394
hmda_va,mlp,reweighing,1004,0.15775,-0.006030407040562347,-0.035155901009559565,-0.0019520433517257185
hmda_va,mlp,hifi_shared,1004,0.15775,-0.0021631434341384814,-0.00800245051116133,-0.0013084662851740037
hmda_va,mlp,ltdd,1005,0.15775,-0.003400479903839404,-0.03356051613891342,0.00227135118794497
hmda_va,mlp,cot_phi,1005,0.15775,-0.0039849863155291265,-0.026776939668925803,-0.0006169290755292378
hmda_va,mlp,dralign,1005,0.15775,-0.011682798928659865,-0.062319987407095545,-0.00455633840876668
hmda_va,mlp,fairsmote,1005,0.15775,-0.014626842384223515,-0.06812080679676513,-0.007144532337742704
hmda_va,mlp,reweighing,1005,0.15775,-0.001191863009977201,-0.023503209914359835,0.0025178607067697367
hmda_va,mlp,hifi_shared,1005,0.15775,0.0014874178068351451,0.004484095076429551,0.0016556078544048836
hmda_va,mlp,ltdd,1006,0.15775,-0.006157682806825049,-0.02476250037225647,-0.0035814088636834107
hmda_va,mlp,cot_phi,1006,0.15775,-0.00451042715054184,-0.04122474505749785,0.0017248489458316918
hmda_va,mlp,dralign,1006,0.15775,-0.009908585184973617,-0.06890786333295051,-0.0014814910043995377
hmda_va,mlp,fairsmote,1006,0.15775,-0.016245847313283046,-0.08692082211245977,-0.005080561182976062
hmda_va,mlp,reweighing,1006,0.15775,-0.0033684851043331854,-0.03336481559478088,0.001964056790301316
hmda_va,mlp,hifi_shared,1006,0.15775,0.0007239674313819222,0.0010678442734189941,0.0015846817612037434
hmda_va,mlp,ltdd,1007,0.15775,-0.012160383712495948,-0.033973189025453876,-0.009726391908197018
hmda_va,mlp,cot_phi,1007,0.15775,-0.009330477733185294,-0.03577703751919803,-0.006818297272007001
hmda_va,mlp,dralign,1007,0.15775,-0.011066683470365657,-0.05983756854836997,-0.004007027830363108
hmda_va,mlp,fairsmote,1007,0.15775,-0.019256217576617662,-0.08378535904668327,-0.009150589357453831
hmda_va,mlp,reweighing,1007,0.15775,-0.006190199507316363,-0.03364773051184222,-0.0024653448181389814
hmda_va,mlp,hifi_shared,1007,0.15775,-0.0008201106693308535,0.00413523758471479,-0.00174765887725703
hmda_va,mlp,ltdd,1008,0.15775,-0.0034862758874802946,-0.011522933125720725,-0.0018320649846521597
hmda_va,mlp,cot_phi,1008,0.15775,-0.0023864716729616875,-0.03313082581375282,0.002767615414196234
hmda_va,mlp,dralign,1008,0.15775,-0.01316976290855143,-0.06738054821678519,-0.004976964777596682
hmda_va,mlp,fairsmote,1008,0.15775,-0.016727448465568062,-0.0818815331010454,-0.005769102833910966
hmda_va,mlp,reweighing,1008,0.15775,0.000317383872832977,-0.007168596018770401,0.0018562166767495114
hmda_va,mlp,hifi_shared,1008,0.15775,0.0032527365424314114,0.00781100432668369,0.004519330777206232
hmda_va,mlp,ltdd,1009,0.15775,-0.00596153880190875,-0.04150765997455885,-0.0015243961421695928
hmda_va,mlp,cot_phi,1009,0.15775,-0.005520736691831285,-0.0417948292512752,-0.001287590985415088
hmda_va,mlp,dralign,1009,0.15775,-0.008563056371977629,-0.062224264314856725,-0.0018346860985229974
hmda_va,mlp,fairsmote,1009,0.15775,-0.013554971218068479,-0.0805158836517722,-0.004248669566284002
hmda_va,mlp,reweighing,1009,0.15775,-0.004233365801625588,-0.0389103734051468,3.1234940296887004e-05
hmda_va,mlp,hifi_shared,1009,0.15775,0.002705512014137823,-0.0021484516258033493,0.0031561955455793322
hmda_pa,mlp,ltdd,1000,0.21491666666666667,-0.0005042047666263816,-0.008477929882690693,0.0004495584686861065
hmda_pa,mlp,cot_phi,1000,0.21491666666666667,-0.002018410390119074,-0.013252354794211163,-2.778630479194355e-05
hmda_pa,mlp,dralign,1000,0.21491666666666667,-0.010414335785603912,-0.045650477666065226,-0.004388629466034133
hmda_pa,mlp,fairsmote,1000,0.21491666666666667,-0.017774044287760415,-0.05320951799659723,-0.011808864499108118
hmda_pa,mlp,reweighing,1000,0.21491666666666667,-0.0006742111727240374,-0.018515289114847677,0.0023211330662824547
hmda_pa,mlp,hifi_shared,1000,0.21491666666666667,0.0017004924942569666,0.010662807777695682,-0.0013553226966602772
hmda_pa,mlp,ltdd,1001,0.21491666666666667,-0.005720624778132621,-0.0153125901283091,-0.002733044557387654
hmda_pa,mlp,cot_phi,1001,0.21491666666666667,-0.004209948628809412,-0.019440885890014914,-0.00041855878170748984
hmda_pa,mlp,dralign,1001,0.21491666666666667,-0.008587067843429885,-0.026559485242991454,-0.004340586251966538
hmda_pa,mlp,fairsmote,1001,0.21491666666666667,-0.0260679005545148,-0.07602413705986644,-0.014149246354764555
hmda_pa,mlp,reweighing,1001,0.21491666666666667,-0.00656061922890161,-0.021837600245037225,-0.003017680910896936
hmda_pa,mlp,hifi_shared,1001,0.21491666666666667,-0.0006544012338876026,-0.000628243221792113,-0.0001257629577432473
hmda_pa,mlp,ltdd,1002,0.21491666666666667,-0.0041978096858564795,0.0010809807748631828,-0.006162825981871123
hmda_pa,mlp,cot_phi,1002,0.21491666666666667,-0.005085666254554533,-0.009577914456077585,-0.0050096943330052435
hmda_pa,mlp,dralign,1002,0.21491666666666667,-0.010710995230109432,-0.04503676676079127,-0.0027220497497091323
hmda_pa,mlp,fairsmote,1002,0.21491666666666667,-0.026250596746355215,-0.0668061769052426,-0.01696898922370238
hmda_pa,mlp,reweighing,1002,0.21491666666666667,-0.004061751516857948,-0.01844039179125323,-0.00023476592211979508
hmda_pa,mlp,hifi_shared,1002,0.21491666666666667,-0.000671150935004583,0.013283655168250696,-0.004770580893809329
hmda_pa,mlp,ltdd,1003,0.21491666666666667,-0.004403090432064771,-0.013282537297749308,-0.0022109014557755158
hmda_pa,mlp,cot_phi,1003,0.21491666666666667,-0.004476189310385625,-0.02252620847390563,-0.0009227447475692596
hmda_pa,mlp,dralign,1003,0.21491666666666667,-0.011487805972767995,-0.051401921395817785,-0.0026807798412311623
hmda_pa,mlp,fairsmote,1003,0.21491666666666667,-0.020245063836558774,-0.062359288050635175,-0.009380303655795452
hmda_pa,mlp,reweighing,1003,0.21491666666666667,-0.0029064913762499867,-0.02443217767880901,0.0026572150385277826
hmda_pa,mlp,hifi_shared,1003,0.21491666666666667,3.819176673647284e-05,-0.0006930797108739561,0.0013229053410696023
hmda_pa,mlp,ltdd,1004,0.21491666666666667,-0.002895107291934318,-0.006624500591353333,-0.002070552263204073
hmda_pa,mlp,cot_phi,1004,0.21491666666666667,-0.002198964415555671,-0.017432072598981718,0.0016655400926762765
hmda_pa,mlp,dralign,1004,0.21491666666666667,-0.015807311111927125,-0.05046179230413217,-0.008317241219401805
hmda_pa,mlp,fairsmote,1004,0.21491666666666667,-0.022756702940684326,-0.06704092971053865,-0.012555755331316254
hmda_pa,mlp,reweighing,1004,0.21491666666666667,-0.004650174025518039,-0.027423599140581123,0.0013644272795226842
hmda_pa,mlp,hifi_shared,1004,0.21491666666666667,0.0001366294133728907,-0.00011290492064230939,8.880906259456367e-05
hmda_pa,mlp,ltdd,1005,0.21491666666666667,-0.0009081561455697162,-0.02265811719307209,0.004160983390720574
hmda_pa,mlp,cot_phi,1005,0.21491666666666667,6.187800668344678e-05,-0.021294315181352164,0.004910079485213714
hmda_pa,mlp,dralign,1005,0.21491666666666667,-0.009136666136225546,-0.05329112254320001,0.0020208708542959197
hmda_pa,mlp,fairsmote,1005,0.21491666666666667,-0.01599388360487841,-0.08057610574160656,0.0005916718710856639
hmda_pa,mlp,reweighing,1005,0.21491666666666667,-0.0023737447924955246,-0.03636991676336254,0.007793491426696164
hmda_pa,mlp,hifi_shared,1005,0.21491666666666667,0.0049681327245498785,3.241824454081055e-05,0.006597861223222368
hmda_pa,mlp,ltdd,1006,0.21491666666666667,-0.0046436047152143,-0.01567925165277151,-0.00266710721506358
hmda_pa,mlp,cot_phi,1006,0.21491666666666667,-0.005075057430461105,-0.02422425376554671,-0.001273349947149116
hmda_pa,mlp,dralign,1006,0.21491666666666667,-0.01206596648427638,-0.05757927378660754,-0.0017040691751712966
hmda_pa,mlp,fairsmote,1006,0.21491666666666667,-0.022981161176600207,-0.08072254677729107,-0.010198266941076839
hmda_pa,mlp,reweighing,1006,0.21491666666666667,-0.006482562765475541,-0.03727539186950424,-0.00012544792027369134
hmda_pa,mlp,hifi_shared,1006,0.21491666666666667,-0.0004580155786499951,0.0011625853214660697,-0.001130480454823335
hmda_pa,mlp,ltdd,1007,0.21491666666666667,-0.0036952370460138217,-0.006224302951848837,-0.00494750593656601
hmda_pa,mlp,cot_phi,1007,0.21491666666666667,-0.0031109968622363704,-0.01403151053369378,-0.0016179694348125162
hmda_pa,mlp,dralign,1007,0.21491666666666667,-0.015514548370117565,-0.042536090449138086,-0.013028059505285294
hmda_pa,mlp,fairsmote,1007,0.21491666666666667,-0.022611994499732946,-0.061855128454499364,-0.013169889373962462
hmda_pa,mlp,reweighing,1007,0.21491666666666667,-0.0035087053562320447,-0.015150498905604826,-0.0020914707511651143
hmda_pa,mlp,hifi_shared,1007,0.21491666666666667,-0.00010596583142574723,0.01210653753026636,-0.003852782234507801
hmda_pa,mlp,ltdd,1008,0.21491666666666667,-0.004111286564740357,-0.021524596504642446,-0.00014598836327195386
hmda_pa,mlp,cot_phi,1008,0.21491666666666667,-0.005091154280864485,-0.031492647765712256,0.0014461479990584003
hmda_pa,mlp,dralign,1008,0.21491666666666667,-0.013759848865059876,-0.061282778757777545,-0.0034754303537846143
hmda_pa,mlp,fairsmote,1008,0.21491666666666667,-0.025537724570444564,-0.07932632652103044,-0.012736649846186165
hmda_pa,mlp,reweighing,1008,0.21491666666666667,-0.0035371451654364616,-0.03549797777226282,0.004476493416220806
hmda_pa,mlp,hifi_shared,1008,0.21491666666666667,-0.0005224641850178902,-0.006652447353888702,0.0013459345800752587
hmda_pa,mlp,ltdd,1009,0.21491666666666667,-0.006572717368685144,-0.012439662939686458,-0.007277302533254093
hmda_pa,mlp,cot_phi,1009,0.21491666666666667,-0.003900395382713251,-0.013710681699789173,-0.0025416592947899996
hmda_pa,mlp,dralign,1009,0.21491666666666667,-0.013268272679421766,-0.04342144388625435,-0.008597246522112356
hmda_pa,mlp,fairsmote,1009,0.21491666666666667,-0.02029396643531267,-0.06558769805870601,-0.010451431051403559
hmda_pa,mlp,reweighing,1009,0.21491666666666667,-0.0055874636341751716,-0.0216218512382651,-0.0038933275568063808
hmda_pa,mlp,hifi_shared,1009,0.21491666666666667,-0.00027895086890350473,0.004577679703272608,-0.00331967582896453
credit_broad,mlp,ltdd,1000,0.12241838774150567,0.0005572924839954974,-0.004369538077403257,0.0011062827870748082
credit_broad,mlp,cot_phi,1000,0.12241838774150567,-0.0006294789617056207,-0.0059440624592393965,0.00019802836536886304
credit_broad,mlp,dralign,1000,0.12241838774150567,-0.011561424898299255,0.0033726498593176224,-0.014625197600196094
credit_broad,mlp,fairsmote,1000,0.12241838774150567,-0.007290431871496694,-0.014450220806082048,-0.006822023665781218
credit_broad,mlp,reweighing,1000,0.12241838774150567,0.005578397170483251,0.009773231222166445,0.005068241645129645
credit_broad,mlp,hifi_shared,1000,0.12241838774150567,8.208495793138315e-05,-0.0017794920528443336,0.00037850178375387067
credit_broad,mlp,ltdd,1001,0.12241838774150567,-0.0005071562792982043,-0.009614847112750846,0.0013078435503125485
credit_broad,mlp,cot_phi,1001,0.12241838774150567,0.00043102650458903824,-0.0011832224644567901,0.0011802490575991698
credit_broad,mlp,dralign,1001,0.12241838774150567,-0.008348362123425268,0.0032794827361321,-0.010315029946170506
credit_broad,mlp,fairsmote,1001,0.12241838774150567,-0.014238521183150055,-0.03523580598878284,-0.011611955175797717
credit_broad,mlp,reweighing,1001,0.12241838774150567,0.003263842783162829,-0.00037266849274242286,0.003957891248388079
credit_broad,mlp,hifi_shared,1001,0.12241838774150567,0.003927040957979688,0.003074515065123795,0.004483790361392015
credit_broad,mlp,ltdd,1002,0.12241838774150567,-0.0025114778109068814,-0.008422307935975537,-0.0017291622779299631
credit_broad,mlp,cot_phi,1002,0.12241838774150567,-0.0004041477046391462,-0.009111744647548825,0.0006289809053556805
credit_broad,mlp,dralign,1002,0.12241838774150567,-0.00471006707628685,-0.009018577524363192,-0.00445082131461727
credit_broad,mlp,fairsmote,1002,0.12241838774150567,-0.014053588601457556,-0.02290047887901303,-0.013567940213844998
credit_broad,mlp,reweighing,1002,0.12241838774150567,-0.0024901518169344605,-0.012586878342370489,-0.001173719473659962
credit_broad,mlp,hifi_shared,1002,0.12241838774150567,0.001444131931450876,0.0016583747927030323,0.0014893873922939838
credit_broad,mlp,ltdd,1003,0.12241838774150567,-0.0006619910430825104,-0.016947099707455227,0.002029309054413453
credit_broad,mlp,cot_phi,1003,0.12241838774150567,0.0010103692615974769,-0.007127284923696298,0.0019101709081131846
credit_broad,mlp,dralign,1003,0.12241838774150567,-0.01848545205071561,-0.018614791212477,-0.01977810975181571
credit_broad,mlp,fairsmote,1003,0.12241838774150567,-0.012039770966872254,-0.024074384631151302,-0.010503959710968402
credit_broad,mlp,reweighing,1003,0.12241838774150567,0.0006236847293812353,-0.01666759833789866,0.0030078903064152396
credit_broad,mlp,hifi_shared,1003,0.12241838774150567,-0.0009174201180575103,-0.013332215327855002,0.0005504118133661251
credit_broad,mlp,ltdd,1004,0.12241838774150567,-0.00421047548919018,-0.012381910671362406,-0.0024748193553140174
credit_broad,mlp,cot_phi,1004,0.12241838774150567,-0.0023124620256474993,-0.0069689008142806985,-0.0012081871134701494
credit_broad,mlp,dralign,1004,0.12241838774150567,-0.00619435625676501,-0.0031490487636721687,-0.006588671321724915
credit_broad,mlp,fairsmote,1004,0.12241838774150567,-0.0171582509465924,-0.02897497531071236,-0.016065238464687215
credit_broad,mlp,reweighing,1004,0.12241838774150567,-0.00421184357182236,-0.014394320532170601,-0.0025990955348779154
credit_broad,mlp,hifi_shared,1004,0.12241838774150567,-0.0012898604958093696,-0.000857137533307406,-0.00093383754566434
credit_broad,mlp,ltdd,1005,0.12241838774150567,-0.004242987570566847,-0.007611753964261059,-0.0034127245106451154
credit_broad,mlp,cot_phi,1005,0.12241838774150567,-0.0017330387931899782,-0.006381947938211563,-0.0011576631197109943
credit_broad,mlp,dralign,1005,0.12241838774150567,-0.004055077397263074,0.0023664449289136913,-0.0053303883839342925
credit_broad,mlp,fairsmote,1005,0.12241838774150567,-0.015422636939035672,-0.03167682188309384,-0.013734391083114472
credit_broad,mlp,reweighing,1005,0.12241838774150567,-0.00016111184880274187,-0.0047328898578269385,0.0005272906636797359
credit_broad,mlp,hifi_shared,1005,0.12241838774150567,-0.003749351166692616,0.0011552723275011223,-0.003823981256454667
credit_broad,mlp,ltdd,1006,0.12241838774150567,-0.0028259758654128886,-0.005562077254178566,-0.0023673488262163644
credit_broad,mlp,cot_phi,1006,0.12241838774150567,-0.0005160085786828361,-0.0031490487636722797,-0.00031566791863402166
credit_broad,mlp,dralign,1006,0.12241838774150567,-0.0008607654019949784,-0.01456202135390472,0.00030507072502783394
credit_broad,mlp,fairsmote,1006,0.12241838774150567,-0.011943522329925349,-0.02305886298842874,-0.011825611725676977
credit_broad,mlp,reweighing,1006,0.12241838774150567,-0.0016066118628860204,-0.0011086887659083056,-0.001445071855395219
credit_broad,mlp,hifi_shared,1006,0.12241838774150567,-4.715861308612901e-05,0.0019285594499413028,-0.00011517757899293102
credit_broad,mlp,ltdd,1007,0.12241838774150567,0.003607392474740845,-0.028080570928130877,0.007033325283747893
credit_broad,mlp,cot_phi,1007,0.12241838774150567,0.00211425099487772,-0.007770138073676658,0.0034977161442142357
credit_broad,mlp,dralign,1007,0.12241838774150567,-0.006909300145258146,-0.0145527046415862,-0.006024986255760978
credit_broad,mlp,fairsmote,1007,0.12241838774150567,-0.01024323704445862,-0.03725753256190967,-0.007119601425632949
credit_broad,mlp,reweighing,1007,0.12241838774150567,0.003925994777143393,-0.018391190116831768,0.006192935718065895
credit_broad,mlp,hifi_shared,1007,0.12241838774150567,0.0019468620610567644,-0.0029906646542569026,0.002615258931186304
credit_broad,mlp,ltdd,1008,0.12241838774150567,0.004561992250214364,0.009102427935230306,0.004122201270464476
credit_broad,mlp,cot_phi,1008,0.12241838774150567,-0.0005467502001824665,-0.005468910130992932,0.00020873260133491556
credit_broad,mlp,dralign,1008,0.12241838774150567,-0.0011619850074239269,-0.00031676821883097617,-0.001691376324970184
credit_broad,mlp,fairsmote,1008,0.12241838774150567,-0.009466809912965668,-0.005198725473754773,-0.010655638734605066
credit_broad,mlp,reweighing,1008,0.12241838774150567,0.0035866298089110016,0.008711126017850956,0.0026555068584181996
credit_broad,mlp,hifi_shared,1008,0.12241838774150567,-0.00011202182494174373,-0.0024596120520989917,0.0002851608461313937
credit_broad,mlp,ltdd,1009,0.12241838774150567,-0.0016305130712247484,-0.0011832224644566791,-0.000928806554760353
credit_broad,mlp,cot_phi,1009,0.12241838774150567,-0.0020462492405129984,-0.0027018465723814833,-0.0013716407966691824
credit_broad,mlp,dralign,1009,0.12241838774150567,-0.009813739573399705,-0.013052713958298212,-0.00957590245272577
credit_broad,mlp,fairsmote,1009,0.12241838774150567,-0.020762585354273,-0.03853392214955165,-0.018028609425550735
credit_broad,mlp,reweighing,1009,0.12241838774150567,-0.006957585414629652,-0.0132110980677137,-0.005353830660699721
credit_broad,mlp,hifi_shared,1009,0.12241838774150567,-0.0014525013781420126,0.007518586841075647,-0.0020749090996281527
acs_income,mlp,ltdd,1000,0.20602938948644145,-0.0059094282747357285,-0.04470346320346319,0.0015561839693085666
acs_income,mlp,cot_phi,1000,0.20602938948644145,-0.004143132440764585,-0.03617965367965359,0.0021026046587283576
acs_income,mlp,dralign,1000,0.20602938948644145,-0.010667373895536736,-0.05433766233766224,-0.002487314557294118
acs_income,mlp,fairsmote,1000,0.20602938948644145,-0.003783515196998266,-0.030329004329004317,0.0014140766947861039
acs_income,mlp,reweighing,1000,0.20602938948644145,-0.00322511616813026,-0.029878787878787727,0.001986659697823301
acs_income,mlp,hifi_shared,1000,0.20602938948644145,5.22795635421458e-05,-0.003073593073593006,0.0006525274543969228
acs_income,mlp,ltdd,1001,0.20602938948644145,-0.005840748180276356,-0.03837229437229439,0.0006098952720400286
acs_income,mlp,cot_phi,1001,0.20602938948644145,-0.005811025089229149,-0.029240259740259678,-0.0010377474816405385
acs_income,mlp,dralign,1001,0.20602938948644145,-0.01261719948025486,-0.0585086580086579,-0.003753235308949887
acs_income,mlp,fairsmote,1001,0.20602938948644145,-0.004012663231222735,-0.032346320346320345,0.0015504996783274327
acs_income,mlp,reweighing,1001,0.20602938948644145,-0.0030595948434894993,-0.027621212121212046,0.0017202267769750312
acs_income,mlp,hifi_shared,1001,0.20602938948644145,-0.0033505779326584717,-0.0024112554112554196,-0.003315399152370224
acs_income,mlp,ltdd,1002,0.20602938948644145,-0.005237971244218653,-0.03479870129870122,0.0005936440298766055
acs_income,mlp,cot_phi,1002,0.20602938948644145,-0.0032733989636334337,-0.03007359307359292,0.0021992376054036367
acs_income,mlp,dralign,1002,0.20602938948644145,-0.010691538263219558,-0.06672943722943714,-7.090788621033628e-05
acs_income,mlp,fairsmote,1002,0.20602938948644145,-0.0016835122017193616,-0.035051948051948,0.004663887874299721
acs_income,mlp,reweighing,1002,0.20602938948644145,-0.002119481496985376,-0.02735281385281385,0.0029224543194344976
acs_income,mlp,hifi_shared,1002,0.20602938948644145,-0.0009244937932489927,-0.001694805194805138,-0.0005333030948486694
acs_income,mlp,ltdd,1003,0.20602938948644145,-0.005021043213423448,-0.06451082251082252,0.006003631533181508
acs_income,mlp,cot_phi,1003,0.20602938948644145,-0.0031484425375930547,-0.02828571428571436,0.0018527873576704712
acs_income,mlp,dralign,1003,0.20602938948644145,-0.018771670981644784,-0.06454112554112557,-0.009936432136707585
acs_income,mlp,fairsmote,1003,0.20602938948644145,-0.001491942975032412,-0.03384632034632029,0.00472291704987049
acs_income,mlp,reweighing,1003,0.20602938948644145,-0.0017854986965022412,-0.02612121212121199,0.0029787142250401466
acs_income,mlp,hifi_shared,1003,0.20602938948644145,0.00021656051189522518,-0.0016645021645022018,0.0005580807734832938
acs_income,mlp,ltdd,1004,0.20602938948644145,-0.0053714724846871675,-0.044274891774891745,0.0022205172588192212
acs_income,mlp,cot_phi,1004,0.20602938948644145,-0.0038961597398849968,-0.0305822510822511,0.001426611285154089
acs_income,mlp,dralign,1004,0.20602938948644145,-0.009746922810189185,-0.06157034632034619,6.777423861836773e-05
acs_income,mlp,fairsmote,1004,0.20602938948644145,-0.0008598104668281481,-0.030227272727272658,0.004759063310466938
acs_income,mlp,reweighing,1004,0.20602938948644145,-0.0017818235075012234,-0.02089826839826847,0.0021170340127568688
acs_income,mlp,hifi_shared,1004,0.20602938948644145,-9.261476283006775e-05,0.0004696969696970088,-0.0002512748115658381
acs_income,mlp,ltdd,1005,0.20602938948644145,-0.004367135210387119,-0.03350216450216459,0.0014379798671159127
acs_income,mlp,cot_phi,1005,0.20602938948644145,-0.001554972466402793,-0.01699567099567112,0.0016265817268410476
acs_income,mlp,dralign,1005,0.20602938948644145,-0.011490248712902829,-0.05641125541125558,-0.003009832074384433
acs_income,mlp,fairsmote,1005,0.20602938948644145,-0.00204294568603558,-0.030865800865801152,0.003603986232938783
acs_income,mlp,reweighing,1005,0.20602938948644145,-0.0027875389776764736,-0.03178787878787892,0.0029865847817830415
acs_income,mlp,hifi_shared,1005,0.20602938948644145,-5.2463322991913586e-05,-0.0013073593073594791,0.00012738641839249443
acs_income,mlp,ltdd,1006,0.20602938948644145,-0.004034300906466948,-0.05216233766233769,0.005160607455399591
acs_income,mlp,cot_phi,1006,0.20602938948644145,-0.005521649895247838,-0.02860389610389591,-0.0007678894110987322
acs_income,mlp,dralign,1006,0.20602938948644145,-0.023143583937733414,-0.07147835497835486,-0.013529851418463967
acs_income,mlp,fairsmote,1006,0.20602938948644145,-0.002742517912411646,-0.03629004329004326,0.0037233563435374872
acs_income,mlp,reweighing,1006,0.20602938948644145,-0.002867474338452247,-0.033268398268398336,0.0031428299082321143
acs_income,mlp,hifi_shared,1006,0.20602938948644145,-0.0023863002184716375,0.0012142857142857233,-0.0029927063259163056
acs_income,mlp,ltdd,1007,0.20602938948644145,-0.005451683484637759,-0.056681818181818056,0.004417860100562332
acs_income,mlp,cot_phi,1007,0.20602938948644145,-0.00368685772626709,-0.03750865800865788,0.00295524830586269
acs_income,mlp,dralign,1007,0.20602938948644145,-0.013745987842107232,-0.06404978354978341,-0.004046049169991517
acs_income,mlp,fairsmote,1007,0.20602938948644145,-0.003996400519892251,-0.02471428571428569,0.00011762109798929554
acs_income,mlp,reweighing,1007,0.20602938948644145,-0.00221540392991626,-0.03743073593073598,0.004513764291983691
acs_income,mlp,hifi_shared,1007,0.20602938948644145,3.3995498261107926e-05,-0.0012251082251082401,0.0002400519806547985
acs_income,mlp,ltdd,1008,0.20602938948644145,-0.004568535567652132,-0.038220779220779155,0.0021342326367500553
acs_income,mlp,cot_phi,1008,0.20602938948644145,-0.002944653307477285,-0.030471861471861317,0.00251158210725122
acs_income,mlp,dralign,1008,0.20602938948644145,-0.012388602724381026,-0.05914718614718617,-0.0034888429028129275
acs_income,mlp,fairsmote,1008,0.20602938948644145,-0.0029338114999237774,-0.024846320346320172,0.0014139309437350978
acs_income,mlp,reweighing,1008,0.20602938948644145,-0.002717434747478653,-0.026439393939393874,0.001979299269758039
acs_income,mlp,hifi_shared,1008,0.20602938948644145,-0.00021940878337101122,-0.010231601731601647,0.0018488520792990792
acs_income,mlp,ltdd,1009,0.20602938948644145,-0.004405540935449648,-0.0436450216450216,0.003242377875923408
acs_income,mlp,cot_phi,1009,0.20602938948644145,-0.002661571874660651,-0.02626190476190471,0.002135690147258229
acs_income,mlp,dralign,1009,0.20602938948644145,-0.010235677007484845,-0.059976190476190294,-0.0007143258999324775
acs_income,mlp,fairsmote,1009,0.20602938948644145,-0.0035214742212137384,-0.032547619047618936,0.0021651318595181657
acs_income,mlp,reweighing,1009,0.20602938948644145,-0.003068553116679751,-0.02255627705627694,0.0008981908505070191
acs_income,mlp,hifi_shared,1009,0.20602938948644145,-0.0006144916009988011,-0.011904761904761751,0.0017511988752683116
acs_employment_sex,mlp,ltdd,1000,0.22284878863826232,-0.004254371818665281,-0.013935272276355715,-0.0003272915867252868
acs_employment_sex,mlp,cot_phi,1000,0.22284878863826232,-0.002058055004987902,-0.008910894577018769,0.0004840328291557672
acs_employment_sex,mlp,dralign,1000,0.22284878863826232,-0.005193946591582677,-0.03266153748599698,0.0038875796255432027
acs_employment_sex,mlp,fairsmote,1000,0.22284878863826232,-0.0017244192602643427,-0.014119337997505754,0.0028664203514415787
acs_employment_sex,mlp,reweighing,1000,0.22284878863826232,-0.00217613260802918,-0.01613437326062306,0.0029626078885685025
acs_employment_sex,mlp,hifi_shared,1000,0.22284878863826232,0.0005937826316102512,-0.008298810001902357,0.003949482495971379
acs_employment_sex,mlp,ltdd,1001,0.22284878863826232,-0.005812477811709016,-0.012495332304678919,-0.0028012239308562448
acs_employment_sex,mlp,cot_phi,1001,0.22284878863826232,-0.0038723627901782187,-0.011400625647312368,-0.0009267970780257873
acs_employment_sex,mlp,dralign,1001,0.22284878863826232,-0.0040443413969385444,-0.013427990671654788,-0.0007293824752181433
acs_employment_sex,mlp,fairsmote,1001,0.22284878863826232,-0.0030265069539403555,0.00036284725891799763,-0.004296336977005266
acs_employment_sex,mlp,reweighing,1001,0.22284878863826232,-0.0026201621956891685,-0.010437142877273153,0.0003374103251606586
acs_employment_sex,mlp,hifi_shared,1001,0.22284878863826232,-0.0007247735389465104,-0.0015015887778035975,-0.0002927291507363039
acs_employment_sex,mlp,ltdd,1002,0.22284878863826232,-0.007499395735343417,-0.022991481896387778,-0.0016272518657168833
acs_employment_sex,mlp,cot_phi,1002,0.22284878863826232,-0.002706472611431976,-0.01683012407262585,0.002489050929793124
acs_employment_sex,mlp,dralign,1002,0.22284878863826232,-0.006306325688764103,-0.029494550245538487,0.0012973413113964716
acs_employment_sex,mlp,fairsmote,1002,0.22284878863826232,-0.004393275852079603,-0.006253831032952295,-0.0034115624244814846
acs_employment_sex,mlp,reweighing,1002,0.22284878863826232,-0.00227352140028092,-0.018336997033811753,0.003778138525132424
acs_employment_sex,mlp,hifi_shared,1002,0.22284878863826232,-0.001083478984548969,-0.007223478683604401,0.001553047783857453
acs_employment_sex,mlp,ltdd,1003,0.22284878863826232,-0.002497703702558418,-0.007070237365517484,-0.0005008577118873481
acs_employment_sex,mlp,cot_phi,1003,0.22284878863826232,-0.0012989912530368963,-0.0018741237062557259,-0.0010832208698384749
acs_employment_sex,mlp,dralign,1003,0.22284878863826232,-0.004779734580448114,-0.020568683815603173,0.0010750068351086384
acs_employment_sex,mlp,fairsmote,1003,0.22284878863826232,-0.0025841746744825755,-0.005735100364256396,-0.0016153474675575374
acs_employment_sex,mlp,reweighing,1003,0.22284878863826232,0.0002272099331246391,-0.00047205371548542097,0.00048181067483266116
acs_employment_sex,mlp,hifi_shared,1003,0.22284878863826232,0.0018280926801841346,0.0032938076416337836,0.0012670247774175802
acs_employment_sex,mlp,ltdd,1004,0.22284878863826232,-0.00483430074548985,-0.016041019354202546,-0.0001409480742055047
acs_employment_sex,mlp,cot_phi,1004,0.22284878863826232,-0.0014851217403483163,-0.009327464366990168,0.0012852385066012273
acs_employment_sex,mlp,dralign,1004,0.22284878863826232,-0.0047692066822748735,-0.01918598916390135,0.0006479960731359258
acs_employment_sex,mlp,fairsmote,1004,0.22284878863826232,-0.0007502790351747723,-0.013835753489322533,0.00420558578170438
acs_employment_sex,mlp,reweighing,1004,0.22284878863826232,-0.0021989315857725567,-0.02406769391191632,0.005426104043646407
acs_employment_sex,mlp,hifi_shared,1004,0.22284878863826232,-0.00045561256931037075,-0.008688958874962127,0.002579048179876975
acs_employment_sex,mlp,ltdd,1005,0.22284878863826232,-0.0023078345498828146,-0.012810621913156406,0.001828039381336355
acs_employment_sex,mlp,cot_phi,1005,0.22284878863826232,-0.0008779211993015235,-0.009803040871397162,0.0027034888219684694
acs_employment_sex,mlp,dralign,1005,0.22284878863826232,-0.0018565799340646283,-0.016883846603679364,0.004047892187421187
acs_employment_sex,mlp,fairsmote,1005,0.22284878863826232,-5.67451417877729e-05,-0.007643571262497262,0.0030698268346561752
acs_employment_sex,mlp,reweighing,1005,0.22284878863826232,-0.00033496606736849177,-0.014325421149415707,0.005207618656096535
acs_employment_sex,mlp,hifi_shared,1005,0.22284878863826232,0.002000667638474951,0.0017041491407916443,0.0025541283063968967
acs_employment_sex,mlp,ltdd,1006,0.22284878863826232,-0.006149760475407717,-0.013425348579963692,-0.0031141905584630702
acs_employment_sex,mlp,cot_phi,1006,0.22284878863826232,-0.001761576547934629,-0.00882018276228913,0.00107615759359736
acs_employment_sex,mlp,dralign,1006,0.22284878863826232,-0.008922680409297112,-0.01955852409235337,-0.004905405668160001
acs_employment_sex,mlp,fairsmote,1006,0.22284878863826232,0.0002998960100550896,-0.002678200277595688,0.0013309513955327423
acs_employment_sex,mlp,reweighing,1006,0.22284878863826232,-0.0011848128715414852,-0.008417704128004022,0.001728677338033835
acs_employment_sex,mlp,hifi_shared,1006,0.22284878863826232,-4.692827813179701e-05,0.001886453467481175,-0.0004864137087874365
acs_employment_sex,mlp,ltdd,1007,0.22284878863826232,-0.0037401103699887805,-0.021280287177752877,0.0027129726591685888
acs_employment_sex,mlp,cot_phi,1007,0.22284878863826232,-0.0001270458125959273,-0.012698773364897442,0.003957934618664227
acs_employment_sex,mlp,dralign,1007,0.22284878863826232,-0.00646057430579039,-0.025749825621948275,0.00047415217868340687
acs_employment_sex,mlp,fairsmote,1007,0.22284878863826232,8.28011163533926e-06,-0.011122325322511228,0.0034501723558445496
acs_employment_sex,mlp,reweighing,1007,0.22284878863826232,0.002867579271059517,-0.00933891343098503,0.006928439091345107
acs_employment_sex,mlp,hifi_shared,1007,0.22284878863826232,0.0025776836174391526,-0.0035668237830525085,0.004649103975791102
acs_employment_sex,mlp,ltdd,1008,0.22284878863826232,-0.0021353054647864633,-0.008368385083102559,0.00044149444639984825
acs_employment_sex,mlp,cot_phi,1008,0.22284878863826232,6.293802306622798e-05,-0.009019220336355827,0.0031789504844493832
acs_employment_sex,mlp,dralign,1008,0.22284878863826232,-0.0037925663680765664,-0.024079142975911072,0.0033343425617550215
acs_employment_sex,mlp,fairsmote,1008,0.22284878863826232,-0.0011609358737235675,-0.006469161505780918,0.0005556179434198505
acs_employment_sex,mlp,reweighing,1008,0.22284878863826232,0.0005422670340131663,-0.007625076620659033,0.003501718399874232
acs_employment_sex,mlp,hifi_shared,1008,0.22284878863826232,0.0007683760104660875,0.00365665490055167,-0.000655218074685826
acs_employment_sex,mlp,ltdd,1009,0.22284878863826232,-0.004544061042909497,-0.01741931051975243,0.0001561857038495651
acs_employment_sex,mlp,cot_phi,1009,0.22284878863826232,-0.0024039388926845318,-0.011703585494564406,0.0008529104467840387
acs_employment_sex,mlp,dralign,1009,0.22284878863826232,-0.004762417449465928,-0.018608251780769858,2.6110313296023868e-05
acs_employment_sex,mlp,fairsmote,1009,0.22284878863826232,-0.000619746859784831,-0.0024923731619850287,-0.0002836421268080924
acs_employment_sex,mlp,reweighing,1009,0.22284878863826232,-0.001955161429377572,-0.013275630050798792,0.0019242269184632788
acs_employment_sex,mlp,hifi_shared,1009,0.22284878863826232,0.0014902366015523416,0.0017349735438551006,0.0013563077636118415
acs_employment_age,mlp,ltdd,1000,0.28477443609022557,-0.0008276671145572845,-0.00572306686951829,-0.0011580483624482607
acs_employment_age,mlp,cot_phi,1000,0.28477443609022557,-0.003154997772168322,-0.013070264557828004,0.0009553721634881773
acs_employment_age,mlp,dralign,1000,0.28477443609022557,-0.011779158367249964,-0.06951662803639092,0.01855589551992831
acs_employment_age,mlp,fairsmote,1000,0.28477443609022557,-0.008768546475257488,-0.03489743406475587,0.005794825765045308
acs_employment_age,mlp,reweighing,1000,0.28477443609022557,-0.004997448762279255,-0.0230581904693834,0.003113431658393395
acs_employment_age,mlp,hifi_shared,1000,0.28477443609022557,0.0015151228096523806,0.0008883261688635846,0.0015619819178340766
acs_employment_age,mlp,ltdd,1001,0.28477443609022557,-0.0014283995351577206,-0.005659888499749854,0.0011397671221006211
acs_employment_age,mlp,cot_phi,1001,0.28477443609022557,-0.0061179244783173825,-0.02588845380193383,0.0035354281706599933
acs_employment_age,mlp,dralign,1001,0.28477443609022557,-0.012394937195697286,-0.06705267161542627,0.017995671002285718
acs_employment_age,mlp,fairsmote,1001,0.28477443609022557,-0.005003114101819084,-0.038728978833331706,0.014679235719731842
acs_employment_age,mlp,reweighing,1001,0.28477443609022557,-0.0054334964140694275,-0.028744881913883358,0.008206039510617158
acs_employment_age,mlp,hifi_shared,1001,0.28477443609022557,-0.0020593853276329455,-0.000675817106915555,-0.002095521281655688
acs_employment_age,mlp,ltdd,1002,0.28477443609022557,-0.0017696043569992437,-0.007753709017021215,-0.00216013318784003
acs_employment_age,mlp,cot_phi,1002,0.28477443609022557,-0.0031853887636269507,-0.024705295240818326,0.006363945333961674
acs_employment_age,mlp,dralign,1002,0.28477443609022557,-0.011290310668412129,-0.06898758896025003,0.017378638212398156
acs_employment_age,mlp,fairsmote,1002,0.28477443609022557,-0.005818372517222281,-0.044542665182719654,0.013585853834334749
acs_employment_age,mlp,reweighing,1002,0.28477443609022557,-0.0025633941173039965,-0.03457069340494423,0.01216963070148247
acs_employment_age,mlp,hifi_shared,1002,0.28477443609022557,-0.0006905291991370355,-0.0045673494185040076,-0.0006086834472808222
acs_employment_age,mlp,ltdd,1003,0.28477443609022557,-0.0008603517657486126,-0.005997477970531961,0.0016868946317328826
acs_employment_age,mlp,cot_phi,1003,0.28477443609022557,-0.005048574437721887,-0.004601810347468205,-0.004715141167192294
acs_employment_age,mlp,dralign,1003,0.28477443609022557,-0.010303257139027355,-0.060152189672952994,0.017337382637165444
acs_employment_age,mlp,fairsmote,1003,0.28477443609022557,-0.005865163175770016,-0.034612174152771624,0.01176820740596507
acs_employment_age,mlp,reweighing,1003,0.28477443609022557,-0.0060281965095727585,-0.030896137312762306,0.007562212425175074
acs_employment_age,mlp,hifi_shared,1003,0.28477443609022557,-0.0006221781391014813,0.009225318316877229,-0.002858312856525047
acs_employment_age,mlp,ltdd,1004,0.28477443609022557,-0.0002635415032912203,-0.0076733001827704594,0.00043220126434140305
acs_employment_age,mlp,cot_phi,1004,0.28477443609022557,-0.0002934508262060209,-0.010126407792764636,0.001879202366018018
acs_employment_age,mlp,dralign,1004,0.28477443609022557,-0.01293922265027514,-0.07030540041046796,0.013539905164564825
acs_employment_age,mlp,fairsmote,1004,0.28477443609022557,-0.009305744521261206,-0.04405255419300158,0.007113312475620415
acs_employment_age,mlp,reweighing,1004,0.28477443609022557,-0.002268429475674294,-0.02760065143919055,0.008145356706835694
acs_employment_age,mlp,hifi_shared,1004,0.28477443609022557,-7.220440838662245e-05,0.0029591727334918883,-0.0031656559778348026
acs_employment_age,mlp,ltdd,1005,0.28477443609022557,-0.002314853148664975,-0.006740302439323331,6.11193707149571e-05
acs_employment_age,mlp,cot_phi,1005,0.28477443609022557,-0.005256150643534463,-0.03375320359006306,0.011074502548350407
acs_employment_age,mlp,dralign,1005,0.28477443609022557,-0.011652594223197865,-0.06773646578923187,0.01912228654550918
acs_employment_age,mlp,fairsmote,1005,0.28477443609022557,-0.006955890125074693,-0.02587632866026124,0.0050804385489476855
acs_employment_age,mlp,reweighing,1005,0.28477443609022557,-0.0030455213931249725,-0.028679150882710225,0.011991183967341446
acs_employment_age,mlp,hifi_shared,1005,0.28477443609022557,-0.0002733124937527309,-0.0034097174714357026,0.002474788805288841
acs_employment_age,mlp,ltdd,1006,0.28477443609022557,-0.002025989641924464,0.007299335286970021,-0.007691108812343694
acs_employment_age,mlp,cot_phi,1006,0.28477443609022557,-0.004518922532239067,-0.010206816627015391,-0.002704532154136907
acs_employment_age,mlp,dralign,1006,0.28477443609022557,-0.016676741184766142,-0.06752682847136449,0.007688598552474946
acs_employment_age,mlp,fairsmote,1006,0.28477443609022557,-0.010131095039488391,-0.029526634469097535,-0.00011852792249367194
acs_employment_age,mlp,reweighing,1006,0.28477443609022557,-0.004361531601378754,-0.01665164850873535,0.0019098711931090362
acs_employment_age,mlp,hifi_shared,1006,0.28477443609022557,0.000993751015804456,0.00818383246372656,-0.002329412016373933
acs_employment_age,mlp,ltdd,1007,0.28477443609022557,-0.0043465310667264445,-0.00316849096868399,-0.006661574840996942
acs_employment_age,mlp,cot_phi,1007,0.28477443609022557,-0.0019839239224259675,-0.005629894728243601,0.0001654588678640101
acs_employment_age,mlp,dralign,1007,0.28477443609022557,-0.012903556241431025,-0.07007247005728179,0.016351559930053328
acs_employment_age,mlp,fairsmote,1007,0.28477443609022557,-0.009956639280216506,-0.039471165136771624,0.0071855643031440986
acs_employment_age,mlp,reweighing,1007,0.28477443609022557,-0.004669294864316886,-0.03129626698796173,0.012661423352270829
acs_employment_age,mlp,hifi_shared,1007,0.28477443609022557,-0.0013116981279561735,-0.001389924134902909,-0.0005273728558833346
acs_employment_age,mlp,ltdd,1008,0.28477443609022557,-0.0035044827056450734,-0.0013592921980456474,-0.0050573005014626915
acs_employment_age,mlp,cot_phi,1008,0.28477443609022557,-0.0032984203152562896,-0.009626086157427882,0.0018554094681326738
acs_employment_age,mlp,dralign,1008,0.28477443609022557,-0.01331928206798949,-0.06650129675199379,0.014957001431284644
acs_employment_age,mlp,fairsmote,1008,0.28477443609022557,-0.005864750317018275,-0.02369316499382257,0.006451586145897581
acs_employment_age,mlp,reweighing,1008,0.28477443609022557,-0.005612034887665596,-0.026219023453852963,0.00833242563791703
acs_employment_age,mlp,hifi_shared,1008,0.28477443609022557,-0.0005121283451250402,0.002507989830196955,-0.000632258061699531
acs_employment_age,mlp,ltdd,1009,0.28477443609022557,-0.0014576666333474542,-0.010793928750114867,0.0009453856948802297
acs_employment_age,mlp,cot_phi,1009,0.28477443609022557,-0.0024699962929870534,-0.01015448706821731,-0.0018026940108911704
acs_employment_age,mlp,dralign,1009,0.28477443609022557,-0.011507245005934363,-0.06648278995680901,0.013493629069595059
acs_employment_age,mlp,fairsmote,1009,0.28477443609022557,-0.008071434472687322,-0.025095852435749633,0.0012077624220210303
acs_employment_age,mlp,reweighing,1009,0.28477443609022557,-0.005714974336470613,-0.027160955512216978,0.0023536414811928807
acs_employment_age,mlp,hifi_shared,1009,0.28477443609022557,-0.0011006355593499162,0.008056199393487562,-0.009700953833265191
hmda_oh,ft,ltdd,1000,0.19658333333333333,-0.003423540448998841,-0.012110116155305772,-0.0020498815023255457
hmda_oh,ft,cot_phi,1000,0.19658333333333333,-0.0043728935298944505,-0.025828358554306097,0.0008690487231652888
hmda_oh,ft,dralign,1000,0.19658333333333333,-0.15529081979610937,-0.1485246309408117,-0.16736936478274111
hmda_oh,ft,fairsmote,1000,0.19658333333333333,-0.022952385523215657,-0.03161443148688048,-0.020447179900058177
hmda_oh,ft,reweighing,1000,0.19658333333333333,-0.003442320617975003,-0.024737956407052564,0.0016725833282354996
hmda_oh,ft,hifi_shared,1000,0.19658333333333333,-0.0017267987994364908,-0.0017079110555786592,-0.0009938939000172509
hmda_oh,ft,ltdd,1001,0.19658333333333333,-0.00389333325756136,-0.006555428293766541,-0.0048553788998496605
hmda_oh,ft,cot_phi,1001,0.19658333333333333,-0.004181273649748962,-0.022308413161182816,-0.00041706050781331605
hmda_oh,ft,dralign,1001,0.19658333333333333,-0.06829650414924071,-0.140139814429173,-0.05174793114176757
hmda_oh,ft,fairsmote,1001,0.19658333333333333,-0.027221721738365234,-0.02722245360729314,-0.026603303463894612
hmda_oh,ft,reweighing,1001,0.19658333333333333,-0.0022193231600461383,-0.01939440742283305,0.0010159621596769197
hmda_oh,ft,hifi_shared,1001,0.19658333333333333,-0.0009854482992823765,-0.0014476028506641425,-0.001302915312478059
hmda_oh,ft,ltdd,1002,0.19658333333333333,-0.0011094062940383287,-0.012188208616779939,0.0015481328147457507
hmda_oh,ft,cot_phi,1002,0.19658333333333333,-0.0028383805740417323,-0.014969167939284489,0.0004428780694122336
hmda_oh,ft,dralign,1002,0.19658333333333333,-0.10310237292096769,-0.2472732715535193,-0.0752853580550461
hmda_oh,ft,fairsmote,1002,0.19658333333333333,-0.027081714024732806,-0.03551760840390572,-0.02445432856908858
hmda_oh,ft,reweighing,1002,0.19658333333333333,-0.0017562343834349736,-0.01754332685455129,0.0013936878857424562
hmda_oh,ft,hifi_shared,1002,0.19658333333333333,-0.0011456791026756008,-0.0009848327085935082,-0.0009221967225836458
hmda_oh,ft,ltdd,1003,0.19658333333333333,-0.00032385802032419697,-0.011575038178536667,0.0020898411677297
hmda_oh,ft,cot_phi,1003,0.19658333333333333,-0.0014038953267081489,-0.019670623351381478,0.0025723500164113178
hmda_oh,ft,dralign,1003,0.19658333333333333,-0.05883733705373073,-0.11226369799620528,-0.04397102381596074
hmda_oh,ft,fairsmote,1003,0.19658333333333333,-0.019438540431905738,-0.03258335647184041,-0.015148298047140019
hmda_oh,ft,reweighing,1003,0.19658333333333333,-0.002852498998946018,-0.034703422185200616,0.004727146195806831
hmda_oh,ft,hifi_shared,1003,0.19658333333333333,-0.00020129854879025189,-0.013958304410199407,0.0032275898632029287
hmda_oh,ft,ltdd,1004,0.19658333333333333,-0.0010007432595953158,-0.005016717571382223,-0.001783582398803385
hmda_oh,ft,cot_phi,1004,0.19658333333333333,-0.0036812017034989486,-0.01602486232588274,-0.003109585517959479
hmda_oh,ft,dralign,1004,0.19658333333333333,-0.14154739890441914,-0.316942593363876,-0.10926837305948967
hmda_oh,ft,fairsmote,1004,0.19658333333333333,-0.022663024409025123,-0.03575333194502284,-0.020279678191494566
hmda_oh,ft,reweighing,1004,0.19658333333333333,-0.0012043504816403594,-0.016373386089129416,0.0003285243602669796
hmda_oh,ft,hifi_shared,1004,0.19658333333333333,0.0005392083976746287,-0.00270648225276493,0.0008886832254257904
hmda_oh,ft,ltdd,1005,0.19658333333333333,0.0003217491361011682,-0.023333738257207526,0.006977845572173069
hmda_oh,ft,cot_phi,1005,0.19658333333333333,-0.0016406675280089544,-0.020026377898097913,0.0030783742237463496
hmda_oh,ft,dralign,1005,0.19658333333333333,-0.09878029240145914,-0.23334027488546427,-0.07013375141338818
hmda_oh,ft,fairsmote,1005,0.19658333333333333,-0.01784393537508544,-0.04157266648155866,-0.011705221988274617
hmda_oh,ft,reweighing,1005,0.19658333333333333,0.0009550581676885939,-0.028443009857003876,0.0084889129195026
hmda_oh,ft,hifi_shared,1005,0.19658333333333333,0.00038510445791928305,-0.003329052709519109,0.0015108371270349252
hmda_oh,ft,ltdd,1006,0.19658333333333333,-0.001843764178084184,-0.014520859364153926,0.0012450642413286417
hmda_oh,ft,cot_phi,1006,0.19658333333333333,-0.0046255822573844085,-0.01330030311444319,-0.0020979317666514063
hmda_oh,ft,dralign,1006,0.19658333333333333,-0.047179402869654274,-0.05652303438382156,-0.04879673718643174
hmda_oh,ft,fairsmote,1006,0.19658333333333333,-0.018994009836457493,-0.0335074505992875,-0.013567506839187393
hmda_oh,ft,reweighing,1006,0.19658333333333333,-0.002431121732389463,-0.020834779490027433,0.001960161364693125
hmda_oh,ft,hifi_shared,1006,0.19658333333333333,-0.0010473385015351555,-0.0011063098708873342,-0.0006108731071781115
hmda_oh,ft,ltdd,1007,0.19658333333333333,-0.0035037446458203725,-0.00849472442038024,-0.002474144616495755
hmda_oh,ft,cot_phi,1007,0.19658333333333333,-0.002142404382856178,-0.011534545791105355,-0.00016059509972798924
hmda_oh,ft,dralign,1007,0.19658333333333333,-0.06838927285627583,-0.14073563098708852,-0.048358003082320855
hmda_oh,ft,fairsmote,1007,0.19658333333333333,-0.02851497833909511,-0.04401088666759212,-0.027090811381828228
hmda_oh,ft,reweighing,1007,0.19658333333333333,-0.00222296376017872,-0.020149301217085247,0.0017743406984095378
hmda_oh,ft,hifi_shared,1007,0.19658333333333333,-0.0008996500095743709,-0.0007635707344160192,-0.0008783233121727463
hmda_oh,ft,ltdd,1008,0.19658333333333333,-0.00232423460045017,-0.00894014068212301,-0.0007367707196620499
hmda_oh,ft,cot_phi,1008,0.19658333333333333,-0.003016370402471491,-0.016358924522189677,0.00020157431215117594
hmda_oh,ft,dralign,1008,0.19658333333333333,-0.17414016017486245,-0.4076520489148039,-0.13163920796325412
hmda_oh,ft,fairsmote,1008,0.19658333333333333,-0.019581966757857838,-0.03824216761534538,-0.015756211179102753
hmda_oh,ft,reweighing,1008,0.19658333333333333,-0.0022582154248765862,-0.021382872877041992,0.002193538966100528
hmda_oh,ft,hifi_shared,1008,0.19658333333333333,0.00014811026880545697,-0.000630524318570802,0.0003673658128126034
hmda_oh,ft,ltdd,1009,0.19658333333333333,-0.0050402332932083516,0.0008662478596879186,-0.007908264448132196
hmda_oh,ft,cot_phi,1009,0.19658333333333333,-0.002316442828215415,-0.012507809246147472,0.0004762271235027038
hmda_oh,ft,dralign,1009,0.19658333333333333,-0.14575282482821816,-0.3206707853209312,-0.10897757193890867
hmda_oh,ft,fairsmote,1009,0.19658333333333333,-0.020754040211494185,-0.035043269008283584,-0.016411878577869965
hmda_oh,ft,reweighing,1009,0.19658333333333333,-0.003728640499128244,-0.0062228122541533315,-0.004637426058174743
hmda_oh,ft,hifi_shared,1009,0.19658333333333333,-0.0014584155335706228,0.001683326391781037,-0.0018097946237642937
acs_income,ft,ltdd,1000,0.20602938948644145,-0.0011855700319208795,-0.025162337662337664,0.003419246776059759
acs_income,ft,cot_phi,1000,0.20602938948644145,-0.002405135562102534,-0.02679870129870121,0.002149536497083493
acs_income,ft,dralign,1000,0.20602938948644145,-0.024996338592957468,-0.043971861471861495,-0.021555122901658286
acs_income,ft,fairsmote,1000,0.20602938948644145,-0.0015422011846236705,-0.022744588744588734,0.0024083903632904358
acs_income,ft,reweighing,1000,0.20602938948644145,-0.0013095617208483956,-0.029201298701298728,0.0037074694790011353
acs_income,ft,hifi_shared,1000,0.20602938948644145,0.0009252288310493961,-0.005943722943722918,0.0021441437082042603
acs_income,ft,ltdd,1001,0.20602938948644145,-0.0022346986721725193,-0.0288484848484849,0.0030167552492968985
acs_income,ft,cot_phi,1001,0.20602938948644145,-0.002110706983244892,-0.02470129870129878,0.0021571884272499897
acs_income,ft,dralign,1001,0.20602938948644145,-0.3587618435262555,-0.3352056277056278,-0.35803621738710933
acs_income,ft,fairsmote,1001,0.20602938948644145,-0.0002999873022219157,-0.020450216450216607,0.0034911749196254727
acs_income,ft,reweighing,1001,0.20602938948644145,-0.0018132004335987828,-0.028116883116883096,0.003280856153332512
acs_income,ft,hifi_shared,1001,0.20602938948644145,0.00017484711673165787,-0.009497835497835672,0.0020924020851726954
acs_income,ft,ltdd,1002,0.20602938948644145,-0.002701723314498583,-0.027138528138528017,0.0019524810764122158
acs_income,ft,cot_phi,1002,0.20602938948644145,-0.002715045874628119,-0.023456709956709898,0.001285815770088683
acs_income,ft,dralign,1002,0.20602938948644145,-0.08407330201214769,-0.12212121212121219,-0.07653905093328794
acs_income,ft,fairsmote,1002,0.20602938948644145,-0.001479263572978451,-0.009538961038961014,1.1951586164848926e-05
acs_income,ft,reweighing,1002,0.20602938948644145,-0.00203862733895932,-0.02480519480519483,0.0022976195646882136
acs_income,ft,hifi_shared,1002,0.20602938948644145,-5.898678346916153e-05,-0.0025822510822509637,0.0005354893606103195
acs_income,ft,ltdd,1003,0.20602938948644145,-0.0011234133979382,-0.029534632034631914,0.004711256965806987
acs_income,ft,cot_phi,1003,0.20602938948644145,-0.0022345149127223074,-0.030329004329004428,0.003341342839411232
acs_income,ft,dralign,1003,0.20602938948644145,-0.019217655166938963,-0.04768181818181816,-0.013173708725853106
acs_income,ft,fairsmote,1003,0.20602938948644145,-0.0016023824045179325,-0.027012987012986933,0.003544374053164767
acs_income,ft,reweighing,1003,0.20602938948644145,-0.0007660931472976973,-0.0347813852813853,0.005985704153934179
acs_income,ft,hifi_shared,1003,0.20602938948644145,0.0003965528932283746,-0.0170692640692639,0.004087879721568988
acs_income,ft,ltdd,1004,0.20602938948644145,-0.002103126905930175,-0.037290043290043484,0.004771160647682793
acs_income,ft,cot_phi,1004,0.20602938948644145,-0.002396223228774974,-0.03287012987012994,0.003607921511310286
acs_income,ft,dralign,1004,0.20602938948644145,-0.023189385980660893,-0.03452164502164523,-0.02138816507297603
acs_income,ft,fairsmote,1004,0.20602938948644145,-0.0018479769095225418,-0.03728787878787898,0.005021998206096279
acs_income,ft,reweighing,1004,0.20602938948644145,-0.0014699837207504673,-0.024755411255411364,0.0030610635687378096
acs_income,ft,hifi_shared,1004,0.20602938948644145,0.00033379904103281177,-0.015738095238095218,0.003646108286617933
acs_income,ft,ltdd,1005,0.20602938948644145,-0.002689365491482132,-0.02891991341991329,0.0025744008101427074
acs_income,ft,cot_phi,1005,0.20602938948644145,-0.002609935469193858,-0.02274242424242412,0.001466838575172713
acs_income,ft,dralign,1005,0.20602938948644145,-0.031699056413599935,-0.055359307359307275,-0.027260985038071506
acs_income,ft,fairsmote,1005,0.20602938948644145,-0.0033533343244093183,-0.039569264069263976,0.0036233711226941745
acs_income,ft,reweighing,1005,0.20602938948644145,-0.0011854322123333594,-0.016534632034632013,0.002105956932896502
acs_income,ft,hifi_shared,1005,0.20602938948644145,-0.0005562398553298209,0.00021212121212133006,-0.0004793752060555656
acs_income,ft,ltdd,1006,0.20602938948644145,-0.0009118143911949206,-0.016244588744588784,0.0021407914340357825
acs_income,ft,cot_phi,1006,0.20602938948644145,-0.002381798111945166,-0.021751082251082354,0.0013745781600211782
acs_income,ft,dralign,1006,0.20602938948644145,-0.029658775239590263,-0.051231601731601795,-0.025453526257197545
acs_income,ft,fairsmote,1006,0.20602938948644145,-0.002904961266264272,-0.025067099567099738,0.0013974610749956096
acs_income,ft,reweighing,1006,0.20602938948644145,-0.001567376229281825,-0.022452380952381112,0.0024324392866711397
acs_income,ft,hifi_shared,1006,0.20602938948644145,-0.00013745206864446136,-0.0081168831168833,0.001492490760112264
acs_income,ft,ltdd,1007,0.20602938948644145,-0.002554991393626138,-0.01887878787878783,0.0005913120130638383
acs_income,ft,cot_phi,1007,0.20602938948644145,-0.0027199155000545705,-0.020880952380952444,0.000829906483210685
acs_income,ft,dralign,1007,0.20602938948644145,-0.051099506293485586,-0.1498419913419914,-0.03237998056846991
acs_income,ft,fairsmote,1007,0.20602938948644145,-0.0022449892013759465,-0.02899567099567102,0.002887328316193538
acs_income,ft,reweighing,1007,0.20602938948644145,-0.0022189872391926713,-0.023021645021645165,0.001906860997514248
acs_income,ft,hifi_shared,1007,0.20602938948644145,-0.0010447643533129103,-0.0005865800865801907,-0.0010765172611514329
acs_income,ft,ltdd,1008,0.20602938948644145,-0.002193628435084416,-0.02508874458874466,0.002199529107505094
acs_income,ft,cot_phi,1008,0.20602938948644145,-0.0036942081042695696,-0.01756277056277067,-0.0010338122032691466
acs_income,ft,dralign,1008,0.20602938948644145,-0.04568425311982194,-0.10255411255411251,-0.03521811790502105
acs_income,ft,fairsmote,1008,0.20602938948644145,-0.0022480212323020554,-0.024690476190476263,0.0020785557353476536
acs_income,ft,reweighing,1008,0.20602938948644145,-0.0024820388919525316,-0.011004329004329017,-0.0008513318876771647
acs_income,ft,hifi_shared,1008,0.20602938948644145,0.0005534834635789743,0.0008679653679652954,0.0004102892079800302
acs_income,ft,ltdd,1009,0.20602938948644145,-0.003372261547765487,-0.03310173160173169,0.002477476361365749
acs_income,ft,cot_phi,1009,0.20602938948644145,-0.0022670403353831636,-0.02424458874458879,0.002015008277202357
acs_income,ft,dralign,1009,0.20602938948644145,-0.08836707126209864,-0.112612554112554,-0.08340239503956692
acs_income,ft,fairsmote,1009,0.20602938948644145,-0.0020201595142282924,-0.018051948051948097,0.001169360680505771
acs_income,ft,reweighing,1009,0.20602938948644145,-0.001735516126086245,-0.02243939393939398,0.002276194160221956
acs_income,ft,hifi_shared,1009,0.20602938948644145,-0.00032663242248065494,-0.005309523809523653,0.0007525126752402356
