task,group,group_label,anchors,valid,supported,schema_excluded,support_excluded_after_schema,supported_fraction,supported_given_valid
acs_income,0,male,5280,5234,4753,46,481,0.9001893939393939,0.908100878868934
acs_income,1,female,4960,4940,4420,20,520,0.8911290322580645,0.8947368421052632
acs_income,all,all,10240,10174,9173,66,1001,0.89580078125,0.901611952034598
credit_broad,0,male,16947,16947,15743,0,1204,0.9289549772821148,0.9289549772821148
credit_broad,1,female,26061,26061,24689,0,1372,0.9473542841794252,0.9473542841794252
credit_broad,all,all,43008,43008,40432,0,2576,0.9401041666666666,0.9401041666666666
hmda_oh,0,White,24830,24326,19040,504,5286,0.7668143374949657,0.7827016361095125
hmda_oh,1,Black,1794,1758,1319,36,439,0.7352285395763657,0.7502844141069397
hmda_oh,all,all,26624,26084,20359,540,5725,0.7646859975961539,0.7805167919030823
