task,seed,arm,admitted,selected_epoch,checkpoint,checkpoint_sha256,initial_state_sha256,optimizer_updates,regularizer_model_rows,seconds
acs_employment_age,1003,erm,True,5,interfair/training/mlp/runs/confirmation/acs_employment_age/1003/erm/selected.pt,a34a09199a7ca1efcd0afad9315b94f197e58e6d0e7ac2e6b97d6d69cd46775c,1ed41fc2f1ff058913d8407bd8496c0208197f037d447e36020707990799e22b,2440,0,13.005470809992403
acs_employment_age,1003,equality_direction,True,30,interfair/training/mlp/runs/confirmation/acs_employment_age/1003/equality_direction/selected.pt,5e4ea7e6853185395f835b8db32405d491e42658081de897adeafd28d335ce44,1ed41fc2f1ff058913d8407bd8496c0208197f037d447e36020707990799e22b,2440,6871040,73.56353312399006
acs_employment_age,1003,equality,True,25,interfair/training/mlp/runs/confirmation/acs_employment_age/1003/equality/selected.pt,0869c8416713ff9f4b19e6e641532f394d1a2df70253dadb920284386e44199d,1ed41fc2f1ff058913d8407bd8496c0208197f037d447e36020707990799e22b,2440,6871040,75.45856627001194
acs_employment_age,1002,erm,True,10,interfair/training/mlp/runs/confirmation/acs_employment_age/1002/erm/selected.pt,2bea2e91bc927280ee19fa6c128a157f88c4edba8105df47e41f96e819c4e255,1c761fd450c29fc9d723a3e17d1b9d9b234f09031b01027036ca52264d53b8ed,2440,0,11.512477399024647
acs_employment_age,1002,equality_direction,True,30,interfair/training/mlp/runs/confirmation/acs_employment_age/1002/equality_direction/selected.pt,18c521c26da0badacc65716154b0a919b3f8d34c1e15ea7b20ae69db0eb28f20,1c761fd450c29fc9d723a3e17d1b9d9b234f09031b01027036ca52264d53b8ed,2440,6871040,73.62092675699387
acs_employment_age,1002,equality,True,15,interfair/training/mlp/runs/confirmation/acs_employment_age/1002/equality/selected.pt,32bd7f4a7ebb0270ea66c060e72015100c9d6ddd2fec093fe89e38a2a9e12de1,1c761fd450c29fc9d723a3e17d1b9d9b234f09031b01027036ca52264d53b8ed,2440,6871040,74.06352722202428
acs_employment_age,1000,erm,True,5,interfair/training/mlp/runs/confirmation/acs_employment_age/1000/erm/selected.pt,2118346e2e977cac0e3c3c8b8aa080e98b54a8a4565a90003ec83045498ea742,d10df8767d2d77be5c087a19a9b3be48865bc7930a65a1bce0132c73c6269224,2440,0,11.888335903990082
acs_employment_age,1000,equality_direction,True,20,interfair/training/mlp/runs/confirmation/acs_employment_age/1000/equality_direction/selected.pt,38a308651c05247420d4c4ee0383664f3bd7d8d6e56b7aeba72a87395362ba99,d10df8767d2d77be5c087a19a9b3be48865bc7930a65a1bce0132c73c6269224,2440,6871040,74.23569875699468
acs_employment_age,1000,equality,True,20,interfair/training/mlp/runs/confirmation/acs_employment_age/1000/equality/selected.pt,21b601f9e9897ce57452ecf34bb92dfe3e6eacaaff63128cfa0f349b5c3abdd1,d10df8767d2d77be5c087a19a9b3be48865bc7930a65a1bce0132c73c6269224,2440,6871040,75.56459863699274
acs_employment_age,1001,erm,True,5,interfair/training/mlp/runs/confirmation/acs_employment_age/1001/erm/selected.pt,2d7b8ecdafa999b4d730b49811a34c79a122c64a63b423f77f781cb616bc6dc0,a6e54d9efedbbded66cc3507cf34eefcd2c24abf6b64f205d229411872af940a,2440,0,13.40978244098369
acs_employment_age,1001,equality_direction,True,25,interfair/training/mlp/runs/confirmation/acs_employment_age/1001/equality_direction/selected.pt,4c96a0d673bc4c3f2937bd10e3d4a1c569b9558ddde13afce9b987c34cc410ac,a6e54d9efedbbded66cc3507cf34eefcd2c24abf6b64f205d229411872af940a,2440,6871040,73.84436466899933
acs_employment_age,1001,equality,True,35,interfair/training/mlp/runs/confirmation/acs_employment_age/1001/equality/selected.pt,af6bb9146955cb7a939f88bd2131614a67e7dff957a723ac7ce51f1d57b38efd,a6e54d9efedbbded66cc3507cf34eefcd2c24abf6b64f205d229411872af940a,2440,6871040,75.80539654300082
acs_employment_age,1006,erm,True,5,interfair/training/mlp/runs/confirmation/acs_employment_age/1006/erm/selected.pt,293ce9aa72ad3f361ff559049d21d9abcb2ae1623c16751564ba4432108258db,e625fa8dd25bc3753af7e20a79fd19e99dbf496dde00748442321fd72cbd0bdb,2440,0,11.459560040966608
acs_employment_age,1006,equality_direction,True,25,interfair/training/mlp/runs/confirmation/acs_employment_age/1006/equality_direction/selected.pt,f8b18dba6792fa49c6dfa7a98ec0121f4f6b1be8b381078c93d93865c75b854b,e625fa8dd25bc3753af7e20a79fd19e99dbf496dde00748442321fd72cbd0bdb,2440,6871040,72.41089157003444
acs_employment_age,1006,equality,True,40,interfair/training/mlp/runs/confirmation/acs_employment_age/1006/equality/selected.pt,2e5c1d1b1f2454c059351bea5c6251fd64057cf5dd5d1f74f522886b37940f14,e625fa8dd25bc3753af7e20a79fd19e99dbf496dde00748442321fd72cbd0bdb,2440,6871040,73.91537874302594
acs_employment_age,1004,erm,True,10,interfair/training/mlp/runs/confirmation/acs_employment_age/1004/erm/selected.pt,64ad6f3ac4d7d9babc72c6e2fcbaa22be4bc980570c2333c60d91694053fd2d2,e7f6ff6d84190c270cb24a2124c9294fa2ef0735e43ea37bcfeb93f8695ecbb9,2440,0,11.660509297973476
acs_employment_age,1004,equality_direction,True,35,interfair/training/mlp/runs/confirmation/acs_employment_age/1004/equality_direction/selected.pt,6ebc0031a18ca229d0051d3546bfb778e82b44407b30c57b8a802cc221bf7a78,e7f6ff6d84190c270cb24a2124c9294fa2ef0735e43ea37bcfeb93f8695ecbb9,2440,6871040,73.55505430797348
acs_employment_age,1004,equality,True,20,interfair/training/mlp/runs/confirmation/acs_employment_age/1004/equality/selected.pt,6de24857d964691369373b964ce06b4cdfea31446338a04e44fe60da507b47ef,e7f6ff6d84190c270cb24a2124c9294fa2ef0735e43ea37bcfeb93f8695ecbb9,2440,6871040,75.44733696599724
acs_employment_age,1007,erm,True,5,interfair/training/mlp/runs/confirmation/acs_employment_age/1007/erm/selected.pt,822c033ac0b475323c482812d9a4d828313f1ba8d8d017854b68be4b85818556,ec87cedff97727c0f557b9a2d2f44769866b6fa4be2497bddb028265fb668c37,2440,0,11.44322746200487
acs_employment_age,1007,equality_direction,True,40,interfair/training/mlp/runs/confirmation/acs_employment_age/1007/equality_direction/selected.pt,1529b9fce7e80c530cce3aaa6ff94ca4183eaa9d1f10422828fd17afe9f7e163,ec87cedff97727c0f557b9a2d2f44769866b6fa4be2497bddb028265fb668c37,2440,6871040,73.18342274404131
acs_employment_age,1007,equality,True,15,interfair/training/mlp/runs/confirmation/acs_employment_age/1007/equality/selected.pt,b08f1b918719a81b06406c33e1c24159f61a46b618f139bed7586a89c13135c3,ec87cedff97727c0f557b9a2d2f44769866b6fa4be2497bddb028265fb668c37,2440,6871040,75.46813035599189
acs_employment_age,1009,erm,True,5,interfair/training/mlp/runs/confirmation/acs_employment_age/1009/erm/selected.pt,9b87e942510772853646242a0b8101037021c48ba990169ab5ec1e3dd90259de,8c170fcade24d5a4118f7d61f9d6be0b156aef514a7f82ec39f4a0f6861d4b5a,2440,0,11.699906377994921
acs_employment_age,1009,equality_direction,False,10,interfair/training/mlp/runs/confirmation/acs_employment_age/1009/equality_direction/selected.pt,5ecde5d400ec5624089819cf3c3a1d1d76ce8b957bcc6d185bee4195bb72f7fd,8c170fcade24d5a4118f7d61f9d6be0b156aef514a7f82ec39f4a0f6861d4b5a,2440,6871040,72.8952064299956
acs_employment_age,1009,equality,False,20,interfair/training/mlp/runs/confirmation/acs_employment_age/1009/equality/selected.pt,5a86f00213aadb1a55c399eadf994fa2d5161e99124e994571b8f14ec9c82b04,8c170fcade24d5a4118f7d61f9d6be0b156aef514a7f82ec39f4a0f6861d4b5a,2440,6871040,75.91911037999671
acs_employment_age,1005,erm,True,5,interfair/training/mlp/runs/confirmation/acs_employment_age/1005/erm/selected.pt,8961993e93943157b8439058c413bd02f783cf0220146b922981608c6061a80b,f43bd869d8fc3750f529000d44b7d6580c038ac5c07711774958f275924107c8,2440,0,11.317101023043506
acs_employment_age,1005,equality_direction,True,25,interfair/training/mlp/runs/confirmation/acs_employment_age/1005/equality_direction/selected.pt,8c744f34bd9b438f240d23cd70ed39e12bc56f7af2c359501150570dabf07922,f43bd869d8fc3750f529000d44b7d6580c038ac5c07711774958f275924107c8,2440,6871040,73.42413827299606
acs_employment_age,1005,equality,True,25,interfair/training/mlp/runs/confirmation/acs_employment_age/1005/equality/selected.pt,8f664c75584d01b76ef0bf1e3df026dd1e59a7cf5392c669e0006dd0b113ced8,f43bd869d8fc3750f529000d44b7d6580c038ac5c07711774958f275924107c8,2440,6871040,74.06628697301494
acs_employment_age,1008,erm,True,5,interfair/training/mlp/runs/confirmation/acs_employment_age/1008/erm/selected.pt,1de3604b3c73398eadd2bb9256cd17e2496fa1a592f9b7ca7d44490e30d91044,0c0d003c87060bd574792c29be5815ff7013bae89237549bd141a69050a94040,2440,0,12.198337192996405
acs_employment_age,1008,equality_direction,True,10,interfair/training/mlp/runs/confirmation/acs_employment_age/1008/equality_direction/selected.pt,5e0d0964024e99e2b1d0f28f238b986872f57afe97d026a295b587ac49871a0a,0c0d003c87060bd574792c29be5815ff7013bae89237549bd141a69050a94040,2440,6871040,73.79380733100697
acs_employment_age,1008,equality,True,25,interfair/training/mlp/runs/confirmation/acs_employment_age/1008/equality/selected.pt,772f010a74c8428ce4d2b94a2d9bf6c8fdad71ce4a4f2bf10d6e3a24495840db,0c0d003c87060bd574792c29be5815ff7013bae89237549bd141a69050a94040,2440,6871040,74.4772687299992
acs_income,1003,erm,True,5,interfair/training/mlp/runs/confirmation/acs_income/1003/erm/selected.pt,42f115af61bacd40cba902db56420136f1c042079be3b638c5ffa453c89956df,e49ba44d89e498116d6d1af5c3ce24a10b77113ba73b10b305c8a040f0612b60,1680,0,14.850358713010792
acs_income,1003,equality_direction,True,5,interfair/training/mlp/runs/confirmation/acs_income/1003/equality_direction/selected.pt,dd09355c8c41b9203a550a548e055f3df68d75e1a096fc10d06caa77aa1acd10,e49ba44d89e498116d6d1af5c3ce24a10b77113ba73b10b305c8a040f0612b60,1680,4730880,88.35459532198729
acs_income,1003,equality,True,5,interfair/training/mlp/runs/confirmation/acs_income/1003/equality/selected.pt,c3c40a96eca714001bfc12e465dfb0c83cec0d52c6f2652a5d05d6e8555ae49a,e49ba44d89e498116d6d1af5c3ce24a10b77113ba73b10b305c8a040f0612b60,1680,4730880,89.05901470698882
acs_income,1002,erm,True,5,interfair/training/mlp/runs/confirmation/acs_income/1002/erm/selected.pt,424ccad3c041a78d8342e8a4816e2cf835dff12982cf405751a1a32bc380251f,e6c64f6ee2a9d5e14f2812145e01bca264d19f811ac7f3e883c01bb2a1687870,1680,0,14.654967916954774
acs_income,1002,equality_direction,True,5,interfair/training/mlp/runs/confirmation/acs_income/1002/equality_direction/selected.pt,0ed9a9f32f7c680722608020fc730ef71814ba211d7c602407274cc0d4236c0f,e6c64f6ee2a9d5e14f2812145e01bca264d19f811ac7f3e883c01bb2a1687870,1680,4730880,86.03174811298959
acs_income,1002,equality,True,5,interfair/training/mlp/runs/confirmation/acs_income/1002/equality/selected.pt,754235ff5ad24fef4d15cef39dc519be10c9b21ced8361ce46a444e711fbdc67,e6c64f6ee2a9d5e14f2812145e01bca264d19f811ac7f3e883c01bb2a1687870,1680,4730880,87.71947064599954
acs_income,1000,erm,True,5,interfair/training/mlp/runs/confirmation/acs_income/1000/erm/selected.pt,e370ca7e188e331c908b96598d3f32bdaf4e26ea8a6e60732638579528ae8fae,7d00f417607cba3d2965c934bad356cb807be693ea5a665df5bc59242f0dd8ec,1680,0,14.562578807002865
acs_income,1000,equality_direction,True,15,interfair/training/mlp/runs/confirmation/acs_income/1000/equality_direction/selected.pt,fd0de52d6f5c4fe9f96d6aa309413afdd645b23a3ec8ad8ef6f0705e9dbdf507,7d00f417607cba3d2965c934bad356cb807be693ea5a665df5bc59242f0dd8ec,1680,4730880,89.57063917198684
acs_income,1000,equality,True,15,interfair/training/mlp/runs/confirmation/acs_income/1000/equality/selected.pt,b7e0fc24d5ac4d46ebbac86d2f2fd32d85fc597c1c1cf472cb36101fff9caf66,7d00f417607cba3d2965c934bad356cb807be693ea5a665df5bc59242f0dd8ec,1680,4730880,85.39170616300544
acs_income,1001,erm,True,5,interfair/training/mlp/runs/confirmation/acs_income/1001/erm/selected.pt,77a148b3a7d1cb7d6a4beb6824974fa46dce2b5c84814f08eb374c5347020c1e,dc7a60470b5e53070f87ee8fc13b095af653b0f1df364122f39c80f5ac018b77,1680,0,14.411279696039855
acs_income,1001,equality_direction,True,25,interfair/training/mlp/runs/confirmation/acs_income/1001/equality_direction/selected.pt,1f6b2765d651b853b13af8044164042e045c5ddf79ec52f17a4eaddbce481230,dc7a60470b5e53070f87ee8fc13b095af653b0f1df364122f39c80f5ac018b77,1680,4730880,89.12291582796024
acs_income,1001,equality,True,5,interfair/training/mlp/runs/confirmation/acs_income/1001/equality/selected.pt,3615926b3b3b9bef51aa935ee986f6e49166844d079ed9eacae096f090eea561,dc7a60470b5e53070f87ee8fc13b095af653b0f1df364122f39c80f5ac018b77,1680,4730880,85.15193976101
acs_income,1006,erm,True,5,interfair/training/mlp/runs/confirmation/acs_income/1006/erm/selected.pt,a75e0d2b05693fbc66919a7ef38ed480cf72f5d45b9041b01e5c4139fe78424d,8fa457efaa41623220321ec188f3abc4124684f396a61c8bc11dab1c0ebde478,1680,0,14.83990422799252
acs_income,1006,equality_direction,True,5,interfair/training/mlp/runs/confirmation/acs_income/1006/equality_direction/selected.pt,b8b606cb6a1da3c09587367513b24f5f6d8d0aaf27768c109422bc61015c3129,8fa457efaa41623220321ec188f3abc4124684f396a61c8bc11dab1c0ebde478,1680,4730880,87.79641287098639
acs_income,1006,equality,True,5,interfair/training/mlp/runs/confirmation/acs_income/1006/equality/selected.pt,1f0c253c9a44c6d5ffe72f0aa333f055d8bb7382e47f53b51ea03e04b90a6389,8fa457efaa41623220321ec188f3abc4124684f396a61c8bc11dab1c0ebde478,1680,4730880,87.06795186101226
acs_income,1004,erm,True,5,interfair/training/mlp/runs/confirmation/acs_income/1004/erm/selected.pt,ff6e454af4d7f76dbcac6639e891148a1ad72936cac818f78e24ccf154fae1c9,fb32c8928726449c2e632145c67bd9e75e3b1418544770c2844c5059fc063a49,1680,0,14.547235952981282
acs_income,1004,equality_direction,True,10,interfair/training/mlp/runs/confirmation/acs_income/1004/equality_direction/selected.pt,170af57297c35ceeee49ee7cb34cf94821c8c5f0167ba3015afe914f297be6b0,fb32c8928726449c2e632145c67bd9e75e3b1418544770c2844c5059fc063a49,1680,4730880,87.93999240000267
acs_income,1004,equality,True,10,interfair/training/mlp/runs/confirmation/acs_income/1004/equality/selected.pt,85c6870756e65ee80df94e8bc8f2a36ae2d47329aaf46ba1b6a8337823df6a4d,fb32c8928726449c2e632145c67bd9e75e3b1418544770c2844c5059fc063a49,1680,4730880,87.68530365999322
acs_income,1007,erm,True,5,interfair/training/mlp/runs/confirmation/acs_income/1007/erm/selected.pt,db63f623f8698bdda6277f5285da23da17a307a4b9fc1771aea0d95fdb43ac35,781ea79489aefa147512cfb88466d3296f3d4fd6ec53dbd8b12c06dc35087eb6,1680,0,16.0004544230178
acs_income,1007,equality_direction,True,10,interfair/training/mlp/runs/confirmation/acs_income/1007/equality_direction/selected.pt,48d66a7bb55d8a8cc66a914d527751d2d461316ce3e66e381539946d679a4d0f,781ea79489aefa147512cfb88466d3296f3d4fd6ec53dbd8b12c06dc35087eb6,1680,4730880,86.24335171998246
acs_income,1007,equality,True,10,interfair/training/mlp/runs/confirmation/acs_income/1007/equality/selected.pt,f1e10a58ea8ee49c2ff779ce9659e885dfa8c831a9d08031a0e74da6df70964b,781ea79489aefa147512cfb88466d3296f3d4fd6ec53dbd8b12c06dc35087eb6,1680,4730880,87.83302575198468
acs_income,1009,erm,True,5,interfair/training/mlp/runs/confirmation/acs_income/1009/erm/selected.pt,9808badbdc6d385bcd41dc8efff5807a4018d8af96bb93b3fae3852e9c5e695e,2794507395f007c6582a5a5d2e4522f4d357408084388f5374ff9fb999f3b344,1680,0,15.949992784007918
acs_income,1009,equality_direction,True,25,interfair/training/mlp/runs/confirmation/acs_income/1009/equality_direction/selected.pt,8cfee47a638b4e827cfe60698148ae1e97d629583664a13b3cd4814d5e9be256,2794507395f007c6582a5a5d2e4522f4d357408084388f5374ff9fb999f3b344,1680,4730880,86.28283867798746
acs_income,1009,equality,True,20,interfair/training/mlp/runs/confirmation/acs_income/1009/equality/selected.pt,3b093ad0ea5da284f3b6f0a85dda5f34feaa94d1d811fc464559cbb07acc2c35,2794507395f007c6582a5a5d2e4522f4d357408084388f5374ff9fb999f3b344,1680,4730880,88.69834278401686
acs_income,1005,erm,True,5,interfair/training/mlp/runs/confirmation/acs_income/1005/erm/selected.pt,b32eebb433c79f8cfadf5d5acc093d1481785b6a911ee84ca6360619b1ac3772,5b2cec3fa48f8661c5be72ad033524279e98d34a8ab87d644c08979e38de0276,1680,0,16.08287735801423
acs_income,1005,equality_direction,True,20,interfair/training/mlp/runs/confirmation/acs_income/1005/equality_direction/selected.pt,2acb065ca45c1919b9e98aa5e3346db479b2c932bb27fb7b7d30cd1c5fe2cc31,5b2cec3fa48f8661c5be72ad033524279e98d34a8ab87d644c08979e38de0276,1680,4730880,86.4176691310131
acs_income,1005,equality,True,15,interfair/training/mlp/runs/confirmation/acs_income/1005/equality/selected.pt,a50f4dbd9e12da9f0765036f3ea3475b13f010d4b330692de75a38fb744c9b3a,5b2cec3fa48f8661c5be72ad033524279e98d34a8ab87d644c08979e38de0276,1680,4730880,90.05171223398065
acs_income,1008,erm,True,5,interfair/training/mlp/runs/confirmation/acs_income/1008/erm/selected.pt,0a63eeb21207bfd1fb4f8704022f7ada510a6f9d8fed23b5aa3006eca923077c,392f1c237ebbec0eedb2bf5666488748c9d0bdf4f998d507fba2e6929df2c74a,1680,0,15.886744048970286
acs_income,1008,equality_direction,True,5,interfair/training/mlp/runs/confirmation/acs_income/1008/equality_direction/selected.pt,fa82f0ccc85e602a75ebaca92f805b51ee0aeac20bae3c4cbf30c78dfb986db4,392f1c237ebbec0eedb2bf5666488748c9d0bdf4f998d507fba2e6929df2c74a,1680,4730880,88.83110273798229
acs_income,1008,equality,True,5,interfair/training/mlp/runs/confirmation/acs_income/1008/equality/selected.pt,55355acc07efb17862995f79f958875f387f2adf87dfe56d112499dbc79ce54d,392f1c237ebbec0eedb2bf5666488748c9d0bdf4f998d507fba2e6929df2c74a,1680,4730880,89.80238737002946
hmda_oh,1003,erm,True,15,interfair/training/mlp/runs/confirmation/hmda_oh/1003/erm/selected.pt,53bf7d70159f169d6502c1921d810f77a304d561f1508ae3c735cfc53e2d21da,6b0ac52be72cec71f6001e38f73e486a636236ab127eba2a3f31688f8ea7ff3c,3080,0,13.111817253986374
hmda_oh,1003,equality_direction,True,35,interfair/training/mlp/runs/confirmation/hmda_oh/1003/equality_direction/selected.pt,b96f25bb93d0bc6b540a4fa8d485d8acebd340976028a1e51df5e0b266eba41e,6b0ac52be72cec71f6001e38f73e486a636236ab127eba2a3f31688f8ea7ff3c,3080,8673280,90.11891303898301
hmda_oh,1003,equality,True,35,interfair/training/mlp/runs/confirmation/hmda_oh/1003/equality/selected.pt,eb8e9ed90bfc38fbb8905dce177f95c93a3e5f09428eb24e706e50cc0a565654,6b0ac52be72cec71f6001e38f73e486a636236ab127eba2a3f31688f8ea7ff3c,3080,8673280,91.716841062007
hmda_oh,1002,erm,True,15,interfair/training/mlp/runs/confirmation/hmda_oh/1002/erm/selected.pt,16e26090633bd861118865dc8ba91350d71c16d67a79030fea817fdc94465763,48ad497ceedad0349edc212ff91f21f8623573feeb63cd90e1c8718a01f0cb8d,3080,0,13.252514090039767
hmda_oh,1002,equality_direction,True,5,interfair/training/mlp/runs/confirmation/hmda_oh/1002/equality_direction/selected.pt,96e7ed98a1cdf6e17b82b1243d19b1b8c0eda17c81d59c914512e7de357e11d5,48ad497ceedad0349edc212ff91f21f8623573feeb63cd90e1c8718a01f0cb8d,3080,8673280,90.89341722801328
hmda_oh,1002,equality,True,5,interfair/training/mlp/runs/confirmation/hmda_oh/1002/equality/selected.pt,ecdcfc44911c786936fb955397e84e4efc518362ab0c9d99453fe9473f332e2b,48ad497ceedad0349edc212ff91f21f8623573feeb63cd90e1c8718a01f0cb8d,3080,8673280,90.3107483679778
hmda_oh,1000,erm,True,15,interfair/training/mlp/runs/confirmation/hmda_oh/1000/erm/selected.pt,9d3caec05650d9e7e63f7eb5230b3b7692d071bba4b58093df946849ca639d45,6a435754a0f9bdb30cd26b642d67fe263a501a2867a6177a95c921b6dfaded5b,3080,0,13.07789805601351
hmda_oh,1000,equality_direction,True,15,interfair/training/mlp/runs/confirmation/hmda_oh/1000/equality_direction/selected.pt,5d1b7699ca40bcec3b8bf90eafe413cb15990be842a1ffc9e8cc6bbf5638cafe,6a435754a0f9bdb30cd26b642d67fe263a501a2867a6177a95c921b6dfaded5b,3080,8673280,89.93227871903218
hmda_oh,1000,equality,True,20,interfair/training/mlp/runs/confirmation/hmda_oh/1000/equality/selected.pt,eb2f48faec7e23796cc41b82bb64c42d52f95567aa7bdc31289adeb683975e79,6a435754a0f9bdb30cd26b642d67fe263a501a2867a6177a95c921b6dfaded5b,3080,8673280,89.8751632529893
hmda_oh,1001,erm,True,20,interfair/training/mlp/runs/confirmation/hmda_oh/1001/erm/selected.pt,7897ba334ebd350ea166984bf0e4ae550dccf76421721eeb43e28cbe16a4c2c1,83121a2109dfa871f8d5091ec4bc034169e0655954a91fac8fc6b0bb252a511f,3080,0,13.083222755987663
hmda_oh,1001,equality_direction,True,20,interfair/training/mlp/runs/confirmation/hmda_oh/1001/equality_direction/selected.pt,21ad9782bd6d72e96037af301cd77027922aa7797c11156b9f28990614b0998e,83121a2109dfa871f8d5091ec4bc034169e0655954a91fac8fc6b0bb252a511f,3080,8673280,89.82894544798182
hmda_oh,1001,equality,True,5,interfair/training/mlp/runs/confirmation/hmda_oh/1001/equality/selected.pt,9c08bf8b9188365253a819258a766aa1e30786ff75f1b1c2940a6e41af2c22b1,83121a2109dfa871f8d5091ec4bc034169e0655954a91fac8fc6b0bb252a511f,3080,8673280,89.67217560997233
hmda_oh,1006,erm,True,15,interfair/training/mlp/runs/confirmation/hmda_oh/1006/erm/selected.pt,4a9d7f1c17165e2fd8167a9f4b11ae267f8253f3dde3631ee250a8ea6ba3d193,88901f5dc51a3dc8d02c520b3143ef7e4709575be68b534c30119c3d1aafee84,3080,0,13.121864139975514
hmda_oh,1006,equality_direction,True,5,interfair/training/mlp/runs/confirmation/hmda_oh/1006/equality_direction/selected.pt,135047969120b23978d53c3e10a187a72e263ac22a75020b155902cf3b1cd95e,88901f5dc51a3dc8d02c520b3143ef7e4709575be68b534c30119c3d1aafee84,3080,8673280,90.38682688598055
hmda_oh,1006,equality,True,5,interfair/training/mlp/runs/confirmation/hmda_oh/1006/equality/selected.pt,03816b4293e6d2af11703ac93abf6d6f1fba19f89b86d1c7c6557e180af4de32,88901f5dc51a3dc8d02c520b3143ef7e4709575be68b534c30119c3d1aafee84,3080,8673280,90.43410085799405
hmda_oh,1004,erm,True,15,interfair/training/mlp/runs/confirmation/hmda_oh/1004/erm/selected.pt,2ae621ad09dfbcdac0c45d1f46e4ca5f812418d514387c0bd00261c3fd28b46a,ae3a1abc5049011a6b9a65c00a6da2e34a31fa97b328b67f1c7303d2d80d2b41,3080,0,13.231994018016849
hmda_oh,1004,equality_direction,True,10,interfair/training/mlp/runs/confirmation/hmda_oh/1004/equality_direction/selected.pt,68d45046cda12c3146250b70fdcac5f23a1df32c3502fcb92469f44a2bef91da,ae3a1abc5049011a6b9a65c00a6da2e34a31fa97b328b67f1c7303d2d80d2b41,3080,8673280,90.71303062001243
hmda_oh,1004,equality,True,15,interfair/training/mlp/runs/confirmation/hmda_oh/1004/equality/selected.pt,97674f3556d828fc892937667c2c033dfaef42d6a54da33d1c95de6f294a0c64,ae3a1abc5049011a6b9a65c00a6da2e34a31fa97b328b67f1c7303d2d80d2b41,3080,8673280,90.50048108299961
hmda_oh,1007,erm,True,10,interfair/training/mlp/runs/confirmation/hmda_oh/1007/erm/selected.pt,8b8d74e96c24c90b67764e9bfd3d658361f4e45b4f8801621c7f7b75092c8e45,963e1898fd735a49519f81a4a3a1e71642eb742fb760552d5c8fc474f50f6137,3080,0,13.10724191594636
hmda_oh,1007,equality_direction,True,35,interfair/training/mlp/runs/confirmation/hmda_oh/1007/equality_direction/selected.pt,ac6c5a45e46499209a050484feb16879f6caf45541d2cc794ff95dad6c09f41c,963e1898fd735a49519f81a4a3a1e71642eb742fb760552d5c8fc474f50f6137,3080,8673280,89.58890584902838
hmda_oh,1007,equality,True,30,interfair/training/mlp/runs/confirmation/hmda_oh/1007/equality/selected.pt,dde13efb873252ccf990c922b58c4a252a0efe1add5a270e865952f73614de12,963e1898fd735a49519f81a4a3a1e71642eb742fb760552d5c8fc474f50f6137,3080,8673280,89.2658940179972
hmda_oh,1009,erm,True,10,interfair/training/mlp/runs/confirmation/hmda_oh/1009/erm/selected.pt,c4ab9993e3f11323e51d7a6a70595700e709f144b87966e942d0164914fdc3aa,3871ab26e2ba1e0f14670c06f71f2e81fd8271234d05bbad3d16ee1594a939f8,3080,0,13.054647051962093
hmda_oh,1009,equality_direction,True,25,interfair/training/mlp/runs/confirmation/hmda_oh/1009/equality_direction/selected.pt,aee48d98f922f7ef473c6287b1200b07b0f3182d120d04d2cfdeff8694f6331a,3871ab26e2ba1e0f14670c06f71f2e81fd8271234d05bbad3d16ee1594a939f8,3080,8673280,91.19640059600351
hmda_oh,1009,equality,True,5,interfair/training/mlp/runs/confirmation/hmda_oh/1009/equality/selected.pt,4d30030566d77f1b77bfec980d6d78e2932223cc5629294ff23dc3627593d17f,3871ab26e2ba1e0f14670c06f71f2e81fd8271234d05bbad3d16ee1594a939f8,3080,8673280,90.41970157698961
hmda_oh,1005,erm,True,10,interfair/training/mlp/runs/confirmation/hmda_oh/1005/erm/selected.pt,ba3c1299f8aad436a907e1235382cdf6b5d2a636b87baf082747bd425a8ddaf8,646e692b60b511afb6fc5de2360f013ba66f3c499e20d75f696f4bdca330fb30,3080,0,13.05030566395726
hmda_oh,1005,equality_direction,True,10,interfair/training/mlp/runs/confirmation/hmda_oh/1005/equality_direction/selected.pt,48a0b5d75b438097a91aa56d22ae9e49a2bf8796ddb3e82422f52356ea5d4116,646e692b60b511afb6fc5de2360f013ba66f3c499e20d75f696f4bdca330fb30,3080,8673280,89.85851246397942
hmda_oh,1005,equality,True,10,interfair/training/mlp/runs/confirmation/hmda_oh/1005/equality/selected.pt,a8e2cc036689a3c8d53eec1e214e16a889bd671f29304d91609d95e59f72d23e,646e692b60b511afb6fc5de2360f013ba66f3c499e20d75f696f4bdca330fb30,3080,8673280,90.3853259049938
hmda_oh,1008,erm,True,15,interfair/training/mlp/runs/confirmation/hmda_oh/1008/erm/selected.pt,5510ac5625a12d7a22673a1b185e25a5b761f7ee9372126883c41b2a88f7a43b,09b32dd4f709d155a29c89387384219b2ca931130cfe0df05c771f7805a6ecd9,3080,0,13.043268627952784
hmda_oh,1008,equality_direction,True,30,interfair/training/mlp/runs/confirmation/hmda_oh/1008/equality_direction/selected.pt,36052c68ea6bbaf04ecb0708aff12dd0d39b80047c79d420b74d3b2b2a7cec28,09b32dd4f709d155a29c89387384219b2ca931130cfe0df05c771f7805a6ecd9,3080,8673280,90.71420598798431
hmda_oh,1008,equality,True,20,interfair/training/mlp/runs/confirmation/hmda_oh/1008/equality/selected.pt,0cfe3c1da35e17fdce24131faf75849bdf616c9d921b60017ab2c49fa982b1f7,09b32dd4f709d155a29c89387384219b2ca931130cfe0df05c771f7805a6ecd9,3080,8673280,89.74763855198398
credit_broad,1003,erm,True,15,interfair/training/mlp/runs/confirmation/credit_broad/1003/erm/selected.pt,9b050a22ef4d81f275d391cf7c4510aef190eb0017a53fb3d82c6c4aa13b8743,b02d0aa4ee335cf779c42ad6aca7ca7596a76b04cf336294e4ecbb6c93c9f0fc,1560,0,8.070169358048588
credit_broad,1003,equality_direction,True,15,interfair/training/mlp/runs/confirmation/credit_broad/1003/equality_direction/selected.pt,e467d4ff8b43346c23ea7195ea5dff56765e4e5d378268146bc673b5221c5285,b02d0aa4ee335cf779c42ad6aca7ca7596a76b04cf336294e4ecbb6c93c9f0fc,1560,4392960,47.880643353040796
credit_broad,1003,equality,True,10,interfair/training/mlp/runs/confirmation/credit_broad/1003/equality/selected.pt,e9d80f0b5e235f9e3f6b45e680f41301e3d8ad1d904a31e4c158fa1be6560772,b02d0aa4ee335cf779c42ad6aca7ca7596a76b04cf336294e4ecbb6c93c9f0fc,1560,4392960,46.82741972798249
credit_broad,1002,erm,True,10,interfair/training/mlp/runs/confirmation/credit_broad/1002/erm/selected.pt,e708921aa77d09682bf8e5057d08cf1ed76784dc7f62a31361eb65d3c481558d,b6fd8f1924dbfa6985f7ffbb91a2cafe9e54faba5a18e3b60fa7e1ded857d04b,1560,0,8.011562160041649
credit_broad,1002,equality_direction,True,15,interfair/training/mlp/runs/confirmation/credit_broad/1002/equality_direction/selected.pt,75de9f208684e7a481ba4b5a24416ded85dae033de3c14ca0d959f5ca491b450,b6fd8f1924dbfa6985f7ffbb91a2cafe9e54faba5a18e3b60fa7e1ded857d04b,1560,4392960,47.24867629999062
credit_broad,1002,equality,True,10,interfair/training/mlp/runs/confirmation/credit_broad/1002/equality/selected.pt,72f9dd8b0bd618feb3efc4f17c108c79630b744d2d10042d23143ef3bbdcc1ef,b6fd8f1924dbfa6985f7ffbb91a2cafe9e54faba5a18e3b60fa7e1ded857d04b,1560,4392960,47.49516594200395
credit_broad,1000,erm,True,5,interfair/training/mlp/runs/confirmation/credit_broad/1000/erm/selected.pt,8312f1820cf3797fd8ba61fa0286c530f11dffe0647144c05623847a7d4e2a81,bc86ef45e5297ea8b2cc51dcc90b4ba8ea85271a53be50e4d8cc8316928bdee0,1560,0,7.991708636982366
credit_broad,1000,equality_direction,True,20,interfair/training/mlp/runs/confirmation/credit_broad/1000/equality_direction/selected.pt,121601dbf1db5ea223c09cfc78efbbeb4668710db1b1b767529260b469defa7f,bc86ef45e5297ea8b2cc51dcc90b4ba8ea85271a53be50e4d8cc8316928bdee0,1560,4392960,47.686984586995095
credit_broad,1000,equality,True,20,interfair/training/mlp/runs/confirmation/credit_broad/1000/equality/selected.pt,7312533981e6b65c3ca7b797280b943344dedcfabf6b80c0b47a2539caf9db35,bc86ef45e5297ea8b2cc51dcc90b4ba8ea85271a53be50e4d8cc8316928bdee0,1560,4392960,47.45067097101128
credit_broad,1001,erm,True,15,interfair/training/mlp/runs/confirmation/credit_broad/1001/erm/selected.pt,7eadc5e9ef5bc4f825677a91db1b144e7bfccc91e732b593df5d56f182f46ca2,969fc55d49b000e87c9ffd5e34a57330bb71b821dfd88e441b659a1671513746,1560,0,8.025570914032869
credit_broad,1001,equality_direction,True,15,interfair/training/mlp/runs/confirmation/credit_broad/1001/equality_direction/selected.pt,1070dca2982a3848eaa93787faee5d1f7cb16ada46eaa0410057d6ea09b1d2f3,969fc55d49b000e87c9ffd5e34a57330bb71b821dfd88e441b659a1671513746,1560,4392960,47.76971391501138
credit_broad,1001,equality,True,5,interfair/training/mlp/runs/confirmation/credit_broad/1001/equality/selected.pt,d2e1c31787e319e5cb0755e1845d956673a4e62b272a1677c3e58aa6ed0d545f,969fc55d49b000e87c9ffd5e34a57330bb71b821dfd88e441b659a1671513746,1560,4392960,47.54886112402892
credit_broad,1006,erm,True,20,interfair/training/mlp/runs/confirmation/credit_broad/1006/erm/selected.pt,752ccdfb22eb8f75c7e620d78caa1d150055ab1999ba0521f72b6ef50b70a776,55639135e87dfba70350572d190119063fac8d262050d1ebd98ae47f7bc33aed,1560,0,8.209649146010634
credit_broad,1006,equality_direction,True,10,interfair/training/mlp/runs/confirmation/credit_broad/1006/equality_direction/selected.pt,d925519f2ed0b29cfb698d05aa92472234b30cc27fcd5b9162dbc0a27deb5de0,55639135e87dfba70350572d190119063fac8d262050d1ebd98ae47f7bc33aed,1560,4392960,48.08927610196406
credit_broad,1006,equality,True,10,interfair/training/mlp/runs/confirmation/credit_broad/1006/equality/selected.pt,7194b3b1e65b6f8e8c94ebb06a22772b43577d2e7cc027f2d5f075cd41f5e7ef,55639135e87dfba70350572d190119063fac8d262050d1ebd98ae47f7bc33aed,1560,4392960,47.64910462900298
credit_broad,1004,erm,True,10,interfair/training/mlp/runs/confirmation/credit_broad/1004/erm/selected.pt,6c3dcfbc40117276569e1fcea4c6f038621aa48756a2a46e5e6fed9d80bbdf5c,4511e023320411178e241e52ea84dde6915b1fc152ba077a699b998614c92b05,1560,0,7.978260773990769
credit_broad,1004,equality_direction,True,10,interfair/training/mlp/runs/confirmation/credit_broad/1004/equality_direction/selected.pt,6757a5cf31a475b162776e1ffefaf6e5f101000b01035c0c2db8131d0ed2e23e,4511e023320411178e241e52ea84dde6915b1fc152ba077a699b998614c92b05,1560,4392960,47.23516580101568
credit_broad,1004,equality,True,10,interfair/training/mlp/runs/confirmation/credit_broad/1004/equality/selected.pt,e878ac6d18800a1b797d0afbc3b8a6d30114da007a88fa66dfef38b3108e9ae7,4511e023320411178e241e52ea84dde6915b1fc152ba077a699b998614c92b05,1560,4392960,47.18921402900014
credit_broad,1007,erm,True,25,interfair/training/mlp/runs/confirmation/credit_broad/1007/erm/selected.pt,37bc65b82771590a41749e4f20eb15face5bca9b1aa003b35b15e7aff3b20d00,bc16e4d450dcf0de3c8cf997e42502841ccf992fb3ea383ccdec3165496bb225,1560,0,8.146790215978399
credit_broad,1007,equality_direction,True,5,interfair/training/mlp/runs/confirmation/credit_broad/1007/equality_direction/selected.pt,4f0e2c121d3994e714aabb758dcabaab23be244b371599c9410773f63b707196,bc16e4d450dcf0de3c8cf997e42502841ccf992fb3ea383ccdec3165496bb225,1560,4392960,48.00015079602599
credit_broad,1007,equality,True,5,interfair/training/mlp/runs/confirmation/credit_broad/1007/equality/selected.pt,bcd4a60e374547240fe0988e04c774672580e0b9d94c9508f031a91b19d35c06,bc16e4d450dcf0de3c8cf997e42502841ccf992fb3ea383ccdec3165496bb225,1560,4392960,47.78825758199673
credit_broad,1009,erm,True,10,interfair/training/mlp/runs/confirmation/credit_broad/1009/erm/selected.pt,2ebec2b75d506dba2756e65cacad36aa5f4abf2b54eeffad405e1445bb70575a,b724d46a46516d2347887c39b000cf71009aef08e6c8f1e66a94dba14b8ba76d,1560,0,8.265033920004498
credit_broad,1009,equality_direction,True,5,interfair/training/mlp/runs/confirmation/credit_broad/1009/equality_direction/selected.pt,354e1e69e88a699512b000fbfac8ca6144972ff73f91af140e547d48b3c1c2cb,b724d46a46516d2347887c39b000cf71009aef08e6c8f1e66a94dba14b8ba76d,1560,4392960,47.94980939099332
credit_broad,1009,equality,True,5,interfair/training/mlp/runs/confirmation/credit_broad/1009/equality/selected.pt,a6b63e8c5ea9fb159a0526085653079920156de3ec5410b3d712685d003131d8,b724d46a46516d2347887c39b000cf71009aef08e6c8f1e66a94dba14b8ba76d,1560,4392960,47.02111794799566
credit_broad,1005,erm,True,15,interfair/training/mlp/runs/confirmation/credit_broad/1005/erm/selected.pt,f09092f288fe36d9cfab9f09513fc3ffd68142c015ec1655501b8874640c5be8,46e8d9dfcea48ba8907ad26aedbbce9958825e3b062e5d591409812dd4b55b4f,1560,0,7.9644345109700225
credit_broad,1005,equality_direction,True,5,interfair/training/mlp/runs/confirmation/credit_broad/1005/equality_direction/selected.pt,0efbef6443bbf817880e50f01d9e20978f010ef8c1978754b236d8a30663c2f6,46e8d9dfcea48ba8907ad26aedbbce9958825e3b062e5d591409812dd4b55b4f,1560,4392960,49.44558502698783
credit_broad,1005,equality,True,5,interfair/training/mlp/runs/confirmation/credit_broad/1005/equality/selected.pt,eaa108aa0d72ecdbf6f8a566ee63cd41ecb009dfccf852d2278beef0d4b7dd42,46e8d9dfcea48ba8907ad26aedbbce9958825e3b062e5d591409812dd4b55b4f,1560,4392960,47.588150495023
credit_broad,1008,erm,True,5,interfair/training/mlp/runs/confirmation/credit_broad/1008/erm/selected.pt,d07226a7ccea7d1e0047cb548a6a450be695b02baa2f761a5bbc718a61f3bfcc,733bb11b21a9275c42ce5c287ad16113901b0b8f4f31f0b6b6ede38b85476c32,1560,0,8.194813915994018
credit_broad,1008,equality_direction,True,10,interfair/training/mlp/runs/confirmation/credit_broad/1008/equality_direction/selected.pt,f269ba0d4b4dbe079b1f2bf583a8c2e2444e5c67df161e988168afcee30bae48,733bb11b21a9275c42ce5c287ad16113901b0b8f4f31f0b6b6ede38b85476c32,1560,4392960,48.30749303201446
credit_broad,1008,equality,True,10,interfair/training/mlp/runs/confirmation/credit_broad/1008/equality/selected.pt,652712a15dd4ee2bc2867f7e43d9219285a61d778205d2f3b32e67e5276d3d42,733bb11b21a9275c42ce5c287ad16113901b0b8f4f31f0b6b6ede38b85476c32,1560,4392960,47.10900837997906
acs_employment_sex,1003,erm,True,10,interfair/training/mlp/runs/confirmation/acs_employment_sex/1003/erm/selected.pt,08fdea736bad6307c45f0157afec3f1ac08f319d69e34872485213c55b9fc871,b02d0aa4ee335cf779c42ad6aca7ca7596a76b04cf336294e4ecbb6c93c9f0fc,2440,0,11.590879031980876
acs_employment_sex,1003,equality_direction,False,30,interfair/training/mlp/runs/confirmation/acs_employment_sex/1003/equality_direction/selected.pt,d82b8f81fe75d2aee4df75ae84fcebb559cbd3561550e5323ad97c8913e24c3a,b02d0aa4ee335cf779c42ad6aca7ca7596a76b04cf336294e4ecbb6c93c9f0fc,2440,6871040,79.13200171198696
acs_employment_sex,1003,equality,False,30,interfair/training/mlp/runs/confirmation/acs_employment_sex/1003/equality/selected.pt,2531fd106f336c99f0967d7cf62fa427182a3c5392a9a672d685cfb931f45efa,b02d0aa4ee335cf779c42ad6aca7ca7596a76b04cf336294e4ecbb6c93c9f0fc,2440,6871040,79.40652463102015
acs_employment_sex,1002,erm,True,10,interfair/training/mlp/runs/confirmation/acs_employment_sex/1002/erm/selected.pt,4fc8bd7dbee82b2d8db58aaba029cbadff879643cb1a89856122cce8bec29f6c,b6fd8f1924dbfa6985f7ffbb91a2cafe9e54faba5a18e3b60fa7e1ded857d04b,2440,0,11.612183340999763
acs_employment_sex,1002,equality_direction,True,20,interfair/training/mlp/runs/confirmation/acs_employment_sex/1002/equality_direction/selected.pt,20f6b61a3addf1ff5ec38d09adf35ad8b18e23abcf2b628ad409e4332e940d25,b6fd8f1924dbfa6985f7ffbb91a2cafe9e54faba5a18e3b60fa7e1ded857d04b,2440,6871040,78.0266362070106
acs_employment_sex,1002,equality,True,20,interfair/training/mlp/runs/confirmation/acs_employment_sex/1002/equality/selected.pt,3bf1beaae9a4115b46889232c6deb4d3791a74ceb4746eae6aee1e390192b440,b6fd8f1924dbfa6985f7ffbb91a2cafe9e54faba5a18e3b60fa7e1ded857d04b,2440,6871040,82.07733752502827
acs_employment_sex,1000,erm,True,10,interfair/training/mlp/runs/confirmation/acs_employment_sex/1000/erm/selected.pt,e4ddf03685891baaa06608877b4c0610f139da9827e58751983d66c23801acc0,bc86ef45e5297ea8b2cc51dcc90b4ba8ea85271a53be50e4d8cc8316928bdee0,2440,0,11.45977054699324
acs_employment_sex,1000,equality_direction,False,35,interfair/training/mlp/runs/confirmation/acs_employment_sex/1000/equality_direction/selected.pt,d59e8232936df96f7f87320a23faa22647390d468f7aec78821c754994ddd8b8,bc86ef45e5297ea8b2cc51dcc90b4ba8ea85271a53be50e4d8cc8316928bdee0,2440,6871040,77.06331045698607
acs_employment_sex,1000,equality,False,35,interfair/training/mlp/runs/confirmation/acs_employment_sex/1000/equality/selected.pt,559d691b349c872feb6b20cc70d58435104d556adf7b3645de3ccca6e0b467ba,bc86ef45e5297ea8b2cc51dcc90b4ba8ea85271a53be50e4d8cc8316928bdee0,2440,6871040,80.89997988799587
acs_employment_sex,1001,erm,True,10,interfair/training/mlp/runs/confirmation/acs_employment_sex/1001/erm/selected.pt,d5508cb1b43e1cca5ceeda09c49dc880ca88fee06e7d5fd6a9841c9ff22e1d09,969fc55d49b000e87c9ffd5e34a57330bb71b821dfd88e441b659a1671513746,2440,0,11.511647887993604
acs_employment_sex,1001,equality_direction,False,40,interfair/training/mlp/runs/confirmation/acs_employment_sex/1001/equality_direction/selected.pt,2b6640676aabcb56ff6cba6d0269e0ca01ecad2a31b0c7f33c20adcd636a97de,969fc55d49b000e87c9ffd5e34a57330bb71b821dfd88e441b659a1671513746,2440,6871040,77.9825063830358
acs_employment_sex,1001,equality,False,35,interfair/training/mlp/runs/confirmation/acs_employment_sex/1001/equality/selected.pt,cb9bae40be8582ff1cba79dffd2ed26952b2d06efa30d6f1becc6af6cd918fc6,969fc55d49b000e87c9ffd5e34a57330bb71b821dfd88e441b659a1671513746,2440,6871040,82.91015214903746
acs_employment_sex,1006,erm,True,10,interfair/training/mlp/runs/confirmation/acs_employment_sex/1006/erm/selected.pt,a4e770e66d68804d46d5f089c5ca9a95a72a4eb0740170611a2559c3e70e2aad,55639135e87dfba70350572d190119063fac8d262050d1ebd98ae47f7bc33aed,2440,0,11.400657076970674
acs_employment_sex,1006,equality_direction,True,25,interfair/training/mlp/runs/confirmation/acs_employment_sex/1006/equality_direction/selected.pt,41bf60047de5bc7715cff12a3dad9b9eddb0b7d538410af52b2ee6a4a5991d82,55639135e87dfba70350572d190119063fac8d262050d1ebd98ae47f7bc33aed,2440,6871040,76.16758525901241
acs_employment_sex,1006,equality,True,25,interfair/training/mlp/runs/confirmation/acs_employment_sex/1006/equality/selected.pt,2e455fe0a00240e17f6e17edc771a740f9c6bd9fa0689a182d0ab22be9c9c069,55639135e87dfba70350572d190119063fac8d262050d1ebd98ae47f7bc33aed,2440,6871040,78.2592827079934
acs_employment_sex,1004,erm,True,10,interfair/training/mlp/runs/confirmation/acs_employment_sex/1004/erm/selected.pt,1eaaf7b5339264f06c203cd1ecbbf59137cafbc5293e133a619fc1fb8efaa493,4511e023320411178e241e52ea84dde6915b1fc152ba077a699b998614c92b05,2440,0,11.610124466009438
acs_employment_sex,1004,equality_direction,False,30,interfair/training/mlp/runs/confirmation/acs_employment_sex/1004/equality_direction/selected.pt,1b3729ba05fef24bc86782410672ddd9ab70b50ed6bb1dd0858609c15de9b79f,4511e023320411178e241e52ea84dde6915b1fc152ba077a699b998614c92b05,2440,6871040,77.99429499602411
acs_employment_sex,1004,equality,False,15,interfair/training/mlp/runs/confirmation/acs_employment_sex/1004/equality/selected.pt,8bf426a74e93c2694e33eb4e921382f62ace3ff57c0872f40137b1376d00cb12,4511e023320411178e241e52ea84dde6915b1fc152ba077a699b998614c92b05,2440,6871040,82.4191202929942
acs_employment_sex,1007,erm,True,20,interfair/training/mlp/runs/confirmation/acs_employment_sex/1007/erm/selected.pt,772a67e8f735f9092f3ced1c05a3c7b0dbbd7560cdc4a385b887f1ee224b5245,bc16e4d450dcf0de3c8cf997e42502841ccf992fb3ea383ccdec3165496bb225,2440,0,12.18063701200299
acs_employment_sex,1007,equality_direction,True,10,interfair/training/mlp/runs/confirmation/acs_employment_sex/1007/equality_direction/selected.pt,7f776527010be65407cdef44ae3a7906ce4f4a80b12a09ee5da75d8c8cad21ad,bc16e4d450dcf0de3c8cf997e42502841ccf992fb3ea383ccdec3165496bb225,2440,6871040,76.10512043599738
acs_employment_sex,1007,equality,True,10,interfair/training/mlp/runs/confirmation/acs_employment_sex/1007/equality/selected.pt,364297d246e84985439b507cbf018f4cbe48c596e1137f99a00920d735d71455,bc16e4d450dcf0de3c8cf997e42502841ccf992fb3ea383ccdec3165496bb225,2440,6871040,77.82186013302999
acs_employment_sex,1009,erm,True,10,interfair/training/mlp/runs/confirmation/acs_employment_sex/1009/erm/selected.pt,4d461b8556f597df17724173dffad4a8101753218378cde33009fde7ce70a4cb,b724d46a46516d2347887c39b000cf71009aef08e6c8f1e66a94dba14b8ba76d,2440,0,11.333990994025953
acs_employment_sex,1009,equality_direction,False,5,interfair/training/mlp/runs/confirmation/acs_employment_sex/1009/equality_direction/selected.pt,20347ea9c0a111af1240f5ae7b42b568b575ea22c52c207ff32b7f31a63d311c,b724d46a46516d2347887c39b000cf71009aef08e6c8f1e66a94dba14b8ba76d,2440,6871040,73.42684209701838
acs_employment_sex,1009,equality,False,5,interfair/training/mlp/runs/confirmation/acs_employment_sex/1009/equality/selected.pt,692dcf9f8e35b4c3fca0f1ac300159e5f08d5588abaddd507ec679ede53da9a7,b724d46a46516d2347887c39b000cf71009aef08e6c8f1e66a94dba14b8ba76d,2440,6871040,75.41214894299628
acs_employment_sex,1005,erm,True,10,interfair/training/mlp/runs/confirmation/acs_employment_sex/1005/erm/selected.pt,a98ed88e705ebbf6552409b993480ac121f386d5941848f741947a448b9aee1e,46e8d9dfcea48ba8907ad26aedbbce9958825e3b062e5d591409812dd4b55b4f,2440,0,11.464420478965621
acs_employment_sex,1005,equality_direction,False,40,interfair/training/mlp/runs/confirmation/acs_employment_sex/1005/equality_direction/selected.pt,24db23898bd2b190f434fe90bc21962727ff2fd04d92b1d5335e304c2617dffa,46e8d9dfcea48ba8907ad26aedbbce9958825e3b062e5d591409812dd4b55b4f,2440,6871040,78.48609819501871
acs_employment_sex,1005,equality,False,35,interfair/training/mlp/runs/confirmation/acs_employment_sex/1005/equality/selected.pt,e821940ec617d70f97e04abc433d70ed1cc27e11397a603f550d4af32e0d799b,46e8d9dfcea48ba8907ad26aedbbce9958825e3b062e5d591409812dd4b55b4f,2440,6871040,82.27007166703697
acs_employment_sex,1008,erm,True,15,interfair/training/mlp/runs/confirmation/acs_employment_sex/1008/erm/selected.pt,b7df3270a8dd893bca1b03dab555dd5324e43b47673b902d662826bb9e36d531,733bb11b21a9275c42ce5c287ad16113901b0b8f4f31f0b6b6ede38b85476c32,2440,0,11.445992588007357
acs_employment_sex,1008,equality_direction,False,10,interfair/training/mlp/runs/confirmation/acs_employment_sex/1008/equality_direction/selected.pt,eb7a390f1014fd3d6d1639149f8659610f5f7d9cfbcc5903db513259d51fbb51,733bb11b21a9275c42ce5c287ad16113901b0b8f4f31f0b6b6ede38b85476c32,2440,6871040,73.47479869204108
acs_employment_sex,1008,equality,False,25,interfair/training/mlp/runs/confirmation/acs_employment_sex/1008/equality/selected.pt,6ef13a20c2bea52181f056580647d45eec423eb70dbb0b198a5cc8b66c5ffa16,733bb11b21a9275c42ce5c287ad16113901b0b8f4f31f0b6b6ede38b85476c32,2440,6871040,76.68099118501414
