task,arch,arm,seed,share_group_patterned,dauc_full,dauc_group_patterned,dauc_rest,dauc_random_same_size,dacc_full,dacc_group_patterned,dacc_rest
acs_employment_age,mlp,soft,1004.5,0.28477443609022557,-0.013136869603104673,-0.07420018736534716,0.010695076769203837,-0.013146123745829135,-0.005806182121971581,-0.081994866153282,0.024529128339903637
acs_employment_sex,mlp,cot_phi,1004.5,0.22284878863826232,-0.0016528547829433693,-0.010038803519970685,0.0014017746283149334,-0.0016343204040742871,-0.0016499582289056015,-0.002483598875351467,-0.0014109110454179174
acs_employment_sex,mlp,hifi,1004.5,0.22284878863826232,-0.009269094132391775,0.0012955936956169146,-0.01302640752643669,-0.009282459957898373,-0.006296992481203012,0.007778819119025271,-0.010333243751679665
acs_employment_sex,mlp,hifi_shared,1004.5,0.22284878863826232,0.0006948045808789271,-0.0017003621427011616,0.0016473782348713662,0.0006786353793980232,-0.0008563074352548105,0.01040299906279286,-0.004084923407686114
acs_employment_sex,mlp,ltdd,1004.5,0.22284878863826232,-0.004377532171674125,-0.01458372964708704,-0.0003373071537099981,-0.004375494360885536,-0.0026002506265664247,0.0005154639175257603,-0.0034936844934157496
acs_employment_sex,mlp,reweighing,1004.5,0.22284878863826232,-0.0009106631919862052,-0.01224310061789723,0.003227675186115364,-0.0009313994891216477,-0.0011904761904761973,-0.0037488284910965454,-0.0004568664337543771
acs_employment_sex,mlp,soft,1004.5,0.22284878863826232,-0.00948576240538478,-0.04138546004100528,0.0013797832367820507,-0.009474555087880225,-0.00834377610693401,-0.03261480787253984,-0.0013840365493146933
acs_income,ft,cot_phi,1004.5,0.20602938948644142,-0.0025534524082319156,-0.024533766233766262,0.0017194324337481471,-0.002553234324426193,-0.0022723829722769316,-0.026764705882352958,0.0040831902308719695
acs_income,ft,hifi,1004.5,0.20602938948644142,-0.01543972625722242,-0.022337445887445885,-0.01393748795731944,-0.01547682611536472,-0.011786093016209665,-0.0126470588235294,-0.011562678878076705
acs_income,ft,hifi_shared,1004.5,0.20602938948644142,2.5983586238420565e-05,-0.006376406926406919,0.0013605423338299727,2.384151145533585e-05,-0.0012119375852143843,-0.009632352941176448,0.0009730967372638899
acs_income,ft,reweighing,1004.5,0.20602938948644142,-0.0016586817060301295,-0.02371125541125546,0.002620283240932053,-0.0017216905613459082,-0.002332979851537653,-0.026764705882352934,0.004006868918145401
acs_income,ft,soft,1004.5,0.20602938948644142,-0.005688737769200702,-0.04592943722943722,0.00205667850262361,-0.005745605387477305,-0.007074685653688839,-0.05029411764705882,0.004140431215416929
acs_income,mlp,cot_phi,1004.5,0.20602938948644142,-0.0036641864041160876,-0.029420346320346256,0.001500470630143047,-0.0036666786840788995,-0.00336312679896984,-0.029852941176470582,0.003510780385422618
acs_income,mlp,dralign,1004.5,0.20602938948644142,-0.013349880565545447,-0.06167499999999994,-0.004096901711612888,-0.013387661247723903,-0.009453113164672011,-0.05588235294117648,0.002594924632703677
acs_income,mlp,hifi,1004.5,0.20602938948644142,-0.04582633592660795,-0.04271471861471863,-0.04681796305910466,-0.045702104661067014,-0.03237388274503863,-0.023970588235294132,-0.034554474336958595
acs_income,mlp,hifi_shared,1004.5,0.20602938948644142,-0.0007337514840872417,-0.003182900432900415,-0.0001914585803206137,-0.0007137888226787026,0.0011058930465081107,-0.002720588235294108,0.0020988360999809053
acs_income,mlp,ltdd,1004.5,0.20602938948644142,-0.005020785950193496,-0.04508722943722941,0.0027376929998977227,-0.005003488572853812,-0.00013634297833661213,-0.03647058823529412,0.009292119824460954
acs_income,mlp,soft,1004.5,0.20602938948644142,-0.007897792810117498,-0.03875562770562766,-0.001785428509546827,-0.007796907559976404,-0.005377973034388706,-0.035220588235294115,0.0023659606945239386
credit_broad,mlp,cot_phi,1004.5,0.12241838774150567,-0.00046324887434963103,-0.005580710678815692,0.00035707190335017015,-0.0005216266107796158,-0.00021652231845435964,-0.0008163265306122547,-0.00013285253368761074
credit_broad,mlp,dralign,1004.5,0.12241838774150567,-0.007210052993083182,-0.006424804814876906,-0.0078075412626887886,-0.007255193693729889,-0.0025816122584943367,-0.0145578231292517,-0.0009109888024293022
credit_broad,mlp,hifi,1004.5,0.12241838774150567,-0.01038514745114132,0.002251849367395242,-0.011940510994534869,-0.010362720961698758,-0.00887741505662889,-0.008027210884353774,-0.008996014423989363
credit_broad,mlp,hifi_shared,1004.5,0.12241838774150567,-1.6819368831066938e-05,-0.0006083813144017736,0.0002854605647383601,2.4835926274499575e-05,0.000566289140572962,-0.0010884353741496878,0.0007971152021256422
credit_broad,mlp,ltdd,1004.5,0.12241838774150567,-0.0007863899920731554,-0.008507090018074415,0.00046861004211473656,-0.0007654845343329608,-0.000349766822118569,-0.0039455782312925345,0.00015183146707155039
credit_broad,mlp,soft,1004.5,0.12241838774150567,-0.0006218659842348706,-0.007463618238396053,6.82930254623626e-05,-0.0005707316871308198,-0.0015822784810126667,-0.00843537414965988,-0.0006263048016701522
hmda_md,mlp,cot_phi,1004.5,0.15983333333333333,-0.006718404768490727,-0.04737271148148088,0.0007832050447743155,-0.006647961530353065,-0.0018583333333333507,-0.02095933263816473,0.001775441380678433
hmda_md,mlp,dralign,1004.5,0.15983333333333333,-0.016650085156033157,-0.09433066754128848,-0.002820679682189309,-0.016698146939458453,-0.007891666666666663,-0.059489051094890485,0.0019242213846458966
hmda_md,mlp,hifi_shared,1004.5,0.15983333333333333,0.0014058230114304515,0.002633418301142687,0.001543503646083555,0.0014830479055441043,7.500000000000284e-05,0.0009384775808133683,-8.92680023804715e-05
hmda_md,mlp,ltdd,1004.5,0.15983333333333333,-0.004824964272434906,-0.015974372732179408,-0.0022882700763836804,-0.004886959355100011,-0.002200000000000024,-0.009697601668404564,-0.0007736560206308196
hmda_md,mlp,reweighing,1004.5,0.15983333333333333,-0.004648007659327769,-0.03978404059349032,0.0024956064306930646,-0.00466644582321909,-0.0017249999999999987,-0.026277372262773678,0.002945844078555848
hmda_md,mlp,soft,1004.5,0.15983333333333333,-0.007115654770354185,-0.06266118542035186,0.004822335589396809,-0.007110836520246068,-0.0050333333333333116,-0.03482794577685087,0.0006347946835945417
hmda_oh,ft,cot_phi,1004.5,0.19658333333333333,-0.0030219112182828687,-0.017252938590402122,0.0001855279576236879,-0.003021687946978862,-0.0006416666666666848,-0.0023314963967783096,-0.00022819209625557502
hmda_oh,ft,hifi,1004.5,0.19658333333333333,-0.013575891129007377,-0.018471325605071864,-0.012162057985256668,-0.013467528751380534,-0.026150000000000017,-0.031199660873251378,-0.024914427963904175
hmda_oh,ft,hifi_shared,1004.5,0.19658333333333333,-0.00063922056704655,-0.0024951264519412876,-5.2352094971785945e-05,-0.0006310255123213244,0.000158333333333327,0.0011445527766002495,-8.297894409294848e-05
hmda_oh,ft,reweighing,1004.5,0.19658333333333333,-0.0021160610890926914,-0.020978527465407883,0.0018917431820259733,-0.002081988299324542,-0.0012500000000000178,-0.004493429419245442,-0.00045638419251115003
hmda_oh,ft,soft,1004.5,0.19658333333333333,-0.009941289107204553,-0.03352574448146604,-0.003532052913832484,-0.010008716795823162,-0.01073333333333334,0.0022043238660449326,-0.013898973135566862
hmda_oh,mlp,cot_phi,1004.5,0.19658333333333333,-0.0019004865040511132,-0.018873718705169174,0.002047283301858904,-0.001890002484142892,-0.0012000000000000123,-0.005171682916490039,-0.00022819209625559722
hmda_oh,mlp,dralign,1004.5,0.19658333333333333,-0.008047593210351778,-0.03270338747743999,-0.0026306056175067647,-0.00797930567540307,-0.010483333333333322,-0.027723611699872808,-0.006264910279016711
hmda_oh,mlp,hifi,1004.5,0.19658333333333333,-0.008793079343461296,-0.0003989946318664228,-0.010957367805862473,-0.008819992895738347,-0.003066666666666662,-0.006612971598134798,-0.0021989420184627905
hmda_oh,mlp,hifi_shared,1004.5,0.19658333333333333,0.0001964303560520575,-0.004360596279328088,0.001684202875385632,0.00018679384054943625,-0.0008416666666666628,-0.001695633743111491,-0.0006327144487086378
hmda_oh,mlp,ltdd,1004.5,0.19658333333333333,-0.002858679139658682,-0.01793176454255172,0.00035698945525270976,-0.0029408667877616522,-0.001475000000000004,-0.007376006782534949,-3.111710403486123e-05
hmda_oh,mlp,neufair,1004.5,0.19658333333333333,-0.021626574409715504,-0.02742491554444909,-0.0201781641970607,-0.021479864595083633,-0.01975,-0.01106401017380244,-0.021875324136500375
hmda_oh,mlp,soft,1004.5,0.19658333333333333,-0.008296525904046493,-0.03922367416354302,6.0695936217136647e-05,-0.008269404901427692,-0.008291666666666642,-0.008223823654090712,-0.008308266777305307
hmda_pa,mlp,cot_phi,1004.5,0.2149166666666667,-0.003510490494901608,-0.01869828451592851,-0.0003789995266877177,-0.0035468960110810526,-0.0027583333333333292,-0.008607987592089972,-0.0011569897038530951
hmda_pa,mlp,dralign,1004.5,0.2149166666666667,-0.012075281847893948,-0.04772211527927754,-0.004723322123040041,-0.012010316457560236,-0.014183333333333336,-0.04226444358278403,-0.006496125676679754
hmda_pa,mlp,hifi_shared,1004.5,0.2149166666666667,0.0004152497766026886,0.0033739008538295145,-0.0005199094859546727,0.0004391997207569747,0.0006000000000000227,0.0014734393175649507,0.00036089587092663633
hmda_pa,mlp,ltdd,1004.5,0.2149166666666667,-0.003765183879483791,-0.01211425083672606,-0.002360468644698732,-0.003809091958023152,-0.0014833333333333365,-0.005506010081426915,-0.0003821250398046927
hmda_pa,mlp,reweighing,1004.5,0.2149166666666667,-0.004034286903406637,-0.02565646945195278,0.0009250067165987974,-0.004057631843401391,-0.0004666666666666708,-0.007638619620007769,0.0014966564059017084
hmda_pa,mlp,soft,1004.5,0.2149166666666667,-0.008482197577107765,-0.03708926643101955,-0.0011643879376437628,-0.008492699367018743,-0.00618333333333333,-0.007793718495540914,-0.005742490181509419
hmda_va,mlp,cot_phi,1004.5,0.15775,-0.005897011417968201,-0.03986186094200038,-0.001235355930413684,-0.005940661234076043,-0.0018166666666666331,-0.012414157422081351,0.000168200257247475
hmda_va,mlp,dralign,1004.5,0.15775,-0.012097006779856857,-0.06621081202962736,-0.004608233343039792,-0.012070781534364024,-0.009583333333333322,-0.047860538827258305,-0.002414168398139882
hmda_va,mlp,hifi_shared,1004.5,0.15775,0.0005781619110216795,-0.0003431141061803089,0.0008709930189752524,0.0005817727602595596,0.0006333333333333413,0.0006867406233491801,0.0006233303650935218
hmda_va,mlp,ltdd,1004.5,0.15775,-0.006655549116759729,-0.03222230730941533,-0.0031231383070674523,-0.006686825761543652,-0.001183333333333303,-0.011410459587955602,0.0007321658256653873
hmda_va,mlp,reweighing,1004.5,0.15775,-0.004451953818025623,-0.032098292725470455,-0.00047331075763795694,-0.004454908221751016,-0.0011333333333333417,-0.009403063919704168,0.00041555357672902194
hmda_va,mlp,soft,1004.5,0.15775,-0.01476822082275101,-0.06971363905161819,-0.006304502786556088,-0.014635743511040994,-0.012816666666666643,-0.008452192287374538,-0.013634114969822886
