task,arch,arm,k,tau,seed,share,dauc_full,dauc_gp,dauc_rest,dauc_noisy,dauc_not_noisy
acs_employment_age,mlp,erm_refit,5,0.1,1004.5,0.41332497911445276,0.0,0.0,0.0,0.0,0.0
acs_employment_age,mlp,erm_refit,5,0.2,1004.5,0.29615705931495406,0.0,0.0,0.0,0.0,0.0
acs_employment_age,mlp,erm_refit,5,0.3,1004.5,0.21940267335004177,0.0,0.0,0.0,0.0,0.0
acs_employment_age,mlp,erm_refit,10,0.1,1004.5,0.3757309941520468,0.0,0.0,0.0,0.0,0.0
acs_employment_age,mlp,erm_refit,10,0.2,1004.5,0.28477443609022557,0.0,0.0,0.0,0.0,0.0
acs_employment_age,mlp,erm_refit,10,0.3,1004.5,0.23120300751879702,0.0,0.0,0.0,0.0,0.0
acs_employment_age,mlp,erm_refit,25,0.1,1004.5,0.38878446115288223,0.0,0.0,0.0,0.0,0.0
acs_employment_age,mlp,erm_refit,25,0.2,1004.5,0.25375939849624063,0.0,0.0,0.0,0.0,0.0
acs_employment_age,mlp,erm_refit,25,0.3,1004.5,0.1600877192982456,0.0,0.0,0.0,0.0,0.0
acs_employment_age,mlp,soft,5,0.1,1004.5,0.41332497911445276,-0.013136869603104673,-0.06077448985053548,0.024431476585179614,-0.0010682417110988497,-0.002591663185981974
acs_employment_age,mlp,soft,5,0.2,1004.5,0.29615705931495406,-0.013136869603104673,-0.0621521686984872,0.007054708463113757,0.0019288511096440808,-0.005404330827922521
acs_employment_age,mlp,soft,5,0.3,1004.5,0.21940267335004177,-0.013136869603104673,-0.06313272037816216,-0.00017155277944229662,0.0019288511096440808,-0.005404330827922521
acs_employment_age,mlp,soft,10,0.1,1004.5,0.3757309941520468,-0.013136869603104673,-0.07462019230769226,0.030043696099029304,-0.002613223091837946,-0.0019812672720095127
acs_employment_age,mlp,soft,10,0.2,1004.5,0.28477443609022557,-0.013136869603104673,-0.07420018736534716,0.010695076769203837,-0.0029845664508493406,-0.002691264408683891
acs_employment_age,mlp,soft,10,0.3,1004.5,0.23120300751879702,-0.013136869603104673,-0.0696414614673502,0.002127921178946446,0.0020495711335524166,-0.005470101561161833
acs_employment_age,mlp,soft,25,0.1,1004.5,0.38878446115288223,-0.013136869603104673,-0.09120824593828476,0.050101341670718315,0.005632638036248716,-0.0019992293914925076
acs_employment_age,mlp,soft,25,0.2,1004.5,0.25375939849624063,-0.013136869603104673,-0.08479013176805195,0.011957556377178945,0.012573644093071467,-0.006331063953400407
acs_employment_age,mlp,soft,25,0.3,1004.5,0.1600877192982456,-0.013136869603104673,-0.08471748425665473,-0.005388383436156985,0.007755213094771662,-0.00923774775648698
acs_employment_sex,mlp,cot_phi,5,0.1,1004.5,0.3813700918964077,-0.0016528547829433693,-0.00848466256183864,0.003402341707183698,1.8989165472460547e-05,-0.0004125420986620831
acs_employment_sex,mlp,cot_phi,5,0.2,1004.5,0.2638888888888889,-0.0016528547829433693,-0.007881601321969944,0.001101047042439396,1.8989165472460547e-05,-0.0004125420986620831
acs_employment_sex,mlp,cot_phi,5,0.3,1004.5,0.1720969089390142,-0.0016528547829433693,-0.011009570261981317,0.000702255531932583,0.004160867412098918,-0.0016500283323594323
acs_employment_sex,mlp,cot_phi,10,0.1,1004.5,0.3287385129490393,-0.0016528547829433693,-0.009353837107113272,0.003427424592975581,0.0014991349030992417,-0.0007090507770587728
acs_employment_sex,mlp,cot_phi,10,0.2,1004.5,0.22284878863826232,-0.0016528547829433693,-0.010038803519970685,0.0014017746283149334,0.002530517887682654,-0.0009887585050196157
acs_employment_sex,mlp,cot_phi,10,0.3,1004.5,0.15737259816207186,-0.0016528547829433693,-0.010552277320948888,0.0006589776574370765,0.0014779562714443667,-0.0010287697568103326
acs_employment_sex,mlp,cot_phi,25,0.1,1004.5,0.32894736842105265,-0.0016528547829433693,-0.01073968048757964,0.005033939120251296,0.0010272237330115896,-0.000562813223770875
acs_employment_sex,mlp,cot_phi,25,0.2,1004.5,0.16802422723475355,-0.0016528547829433693,-0.0130147628923166,0.0014825165945882679,0.0037763688424005183,-0.0013394102809802689
acs_employment_sex,mlp,cot_phi,25,0.3,1004.5,0.0810359231411863,-0.0016528547829433693,-0.010321220566691668,-0.0004596280032595046,0.007072753090544605,-0.0019773565165020156
acs_employment_sex,mlp,erm_refit,5,0.1,1004.5,0.3813700918964077,0.0,0.0,0.0,0.0,0.0
acs_employment_sex,mlp,erm_refit,5,0.2,1004.5,0.2638888888888889,0.0,0.0,0.0,0.0,0.0
acs_employment_sex,mlp,erm_refit,5,0.3,1004.5,0.1720969089390142,0.0,0.0,0.0,0.0,0.0
acs_employment_sex,mlp,erm_refit,10,0.1,1004.5,0.3287385129490393,0.0,0.0,0.0,0.0,0.0
acs_employment_sex,mlp,erm_refit,10,0.2,1004.5,0.22284878863826232,0.0,0.0,0.0,0.0,0.0
acs_employment_sex,mlp,erm_refit,10,0.3,1004.5,0.15737259816207186,0.0,0.0,0.0,0.0,0.0
acs_employment_sex,mlp,erm_refit,25,0.1,1004.5,0.32894736842105265,0.0,0.0,0.0,0.0,0.0
acs_employment_sex,mlp,erm_refit,25,0.2,1004.5,0.16802422723475355,0.0,0.0,0.0,0.0,0.0
acs_employment_sex,mlp,erm_refit,25,0.3,1004.5,0.0810359231411863,0.0,0.0,0.0,0.0,0.0
acs_employment_sex,mlp,hifi,5,0.1,1004.5,0.3813700918964077,-0.009269094132391775,-0.00036879314183925206,-0.015421358287414987,-0.016965887329187735,-0.0014909699589321424
acs_employment_sex,mlp,hifi,5,0.2,1004.5,0.2638888888888889,-0.009269094132391775,0.0001932926197592999,-0.01356937448880895,-0.016965887329187735,-0.0014909699589321424
acs_employment_sex,mlp,hifi,5,0.3,1004.5,0.1720969089390142,-0.009269094132391775,0.0008767690204337763,-0.011814697487693681,-0.012106609474660157,-0.0044597733552729
acs_employment_sex,mlp,hifi,10,0.1,1004.5,0.3287385129490393,-0.009269094132391775,-0.0008588338115178007,-0.014461836473271506,-0.006692471984979381,-0.0035169939080020975
acs_employment_sex,mlp,hifi,10,0.2,1004.5,0.22284878863826232,-0.009269094132391775,0.0012955936956169146,-0.01302640752643669,-0.002129341520311784,-0.0053668906198505615
acs_employment_sex,mlp,hifi,10,0.3,1004.5,0.15737259816207186,-0.009269094132391775,0.0023428069790408456,-0.011861946965507398,0.00450301716506119,-0.0065196216829446875
acs_employment_sex,mlp,hifi,25,0.1,1004.5,0.32894736842105265,-0.009269094132391775,-0.0027326751997406194,-0.013674591736637254,0.002168953597487394,-0.004079706914909731
acs_employment_sex,mlp,hifi,25,0.2,1004.5,0.16802422723475355,-0.009269094132391775,-0.0004254889971696763,-0.012152193370169572,0.017397592473558113,-0.007782052982993293
acs_employment_sex,mlp,hifi,25,0.3,1004.5,0.0810359231411863,-0.009269094132391775,-0.002008075177761093,-0.010445057690308245,0.008054209822920152,-0.00891699359246556
acs_employment_sex,mlp,hifi_shared,5,0.1,1004.5,0.3813700918964077,0.0006948045808789271,-0.0009115150591037624,0.0020028791050337056,0.002363736201887889,0.00015806290337389006
acs_employment_sex,mlp,hifi_shared,5,0.2,1004.5,0.2638888888888889,0.0006948045808789271,9.121390291906284e-05,0.001266539759020424,0.002363736201887889,0.00015806290337389006
acs_employment_sex,mlp,hifi_shared,5,0.3,1004.5,0.1720969089390142,0.0006948045808789271,-0.0013877249381074042,0.0012263835114171174,0.004447050850991713,-0.00021911595964282382
acs_employment_sex,mlp,hifi_shared,10,0.1,1004.5,0.3287385129490393,0.0006948045808789271,-0.0013814441816583866,0.0022409407152711447,0.0035927684834734077,-4.10027593560347e-05
acs_employment_sex,mlp,hifi_shared,10,0.2,1004.5,0.22284878863826232,0.0006948045808789271,-0.0017003621427011616,0.0016473782348713662,0.002918654220344136,-2.849657097551139e-05
acs_employment_sex,mlp,hifi_shared,10,0.3,1004.5,0.15737259816207186,0.0006948045808789271,-0.0013120214652587725,0.0013038902973856459,0.0024733096936895545,8.403437878035103e-05
acs_employment_sex,mlp,hifi_shared,25,0.1,1004.5,0.32894736842105265,0.0006948045808789271,-0.001503846415959753,0.0024683350114732662,0.0030053271284575245,-6.811579112526722e-05
acs_employment_sex,mlp,hifi_shared,25,0.2,1004.5,0.16802422723475355,0.0006948045808789271,-0.001963710516196948,0.0015483325362962263,0.0038559055169234526,-0.00016200615832480115
acs_employment_sex,mlp,hifi_shared,25,0.3,1004.5,0.0810359231411863,0.0006948045808789271,-0.0010390538464287058,0.0008830496063782833,0.0033745405947210204,0.00019149918125099807
acs_employment_sex,mlp,ltdd,5,0.1,1004.5,0.3813700918964077,-0.004377532171674125,-0.011472824876806797,0.0013393339961098373,-0.004454636940144352,-0.00046948664661941033
acs_employment_sex,mlp,ltdd,5,0.2,1004.5,0.2638888888888889,-0.004377532171674125,-0.009730956886902342,-0.001439769420910475,-0.004454636940144352,-0.00046948664661941033
acs_employment_sex,mlp,ltdd,5,0.3,1004.5,0.1720969089390142,-0.004377532171674125,-0.013380039167867619,-0.0018636029786490483,-0.001516183922939751,-0.002225009868574579
acs_employment_sex,mlp,ltdd,10,0.1,1004.5,0.3287385129490393,-0.004377532171674125,-0.01274256552419355,0.0016483400835014539,-0.0032529532191264976,-0.000865379896630103
acs_employment_sex,mlp,ltdd,10,0.2,1004.5,0.22284878863826232,-0.004377532171674125,-0.01458372964708704,-0.0003373071537099981,-0.002118224440029648,-0.0016122364613476159
acs_employment_sex,mlp,ltdd,10,0.3,1004.5,0.15737259816207186,-0.004377532171674125,-0.012717741050537546,-0.001807112017656398,-0.0007491470108292542,-0.0024176099184483935
acs_employment_sex,mlp,ltdd,25,0.1,1004.5,0.32894736842105265,-0.004377532171674125,-0.01212206750352136,0.0019284961129092948,-0.0020781466444516838,-0.0007617529312863747
acs_employment_sex,mlp,ltdd,25,0.2,1004.5,0.16802422723475355,-0.004377532171674125,-0.012913906241135642,-0.001411193851152126,0.003126115948239469,-0.002735233695190098
acs_employment_sex,mlp,ltdd,25,0.3,1004.5,0.0810359231411863,-0.004377532171674125,-0.010806445849858837,-0.0032774817629490083,0.004910415970598064,-0.004263655985958103
acs_employment_sex,mlp,reweighing,5,0.1,1004.5,0.3813700918964077,-0.0009106631919862052,-0.00923624120221116,0.005252067061817811,0.001486482456127669,-0.00030971244802538986
acs_employment_sex,mlp,reweighing,5,0.2,1004.5,0.2638888888888889,-0.0009106631919862052,-0.008816227989276648,0.0027135251950815677,0.001486482456127669,-0.00030971244802538986
acs_employment_sex,mlp,reweighing,5,0.3,1004.5,0.1720969089390142,-0.0009106631919862052,-0.012399955659017848,0.002012399390216113,0.005640040362067106,-0.0013176138847662
acs_employment_sex,mlp,reweighing,10,0.1,1004.5,0.3287385129490393,-0.0009106631919862052,-0.010791782981803144,0.005546412818687152,0.0032052397501189044,-0.00047530298264750746
acs_employment_sex,mlp,reweighing,10,0.2,1004.5,0.22284878863826232,-0.0009106631919862052,-0.01224310061789723,0.003227675186115364,0.0040554207484379216,-0.0006278184936289288
acs_employment_sex,mlp,reweighing,10,0.3,1004.5,0.15737259816207186,-0.0009106631919862052,-0.012313497555778185,0.0020769841250840916,0.004011920314301981,-0.0008345941921957034
acs_employment_sex,mlp,reweighing,25,0.1,1004.5,0.32894736842105265,-0.0009106631919862052,-0.012580524315873486,0.0074581419317479416,0.0036574535113085673,-0.0005344229780041676
acs_employment_sex,mlp,reweighing,25,0.2,1004.5,0.16802422723475355,-0.0009106631919862052,-0.014529030956688338,0.0030157399299021613,0.005858931156950206,-0.0011175703811295069
acs_employment_sex,mlp,reweighing,25,0.3,1004.5,0.0810359231411863,-0.0009106631919862052,-0.011889805981348488,0.0005994050353721802,0.005611009021049118,-0.001519951595054736
acs_employment_sex,mlp,soft,5,0.1,1004.5,0.3813700918964077,-0.00948576240538478,-0.033225524115864616,0.007575176735868894,0.0034148267981260138,-0.002034026306605918
acs_employment_sex,mlp,soft,5,0.2,1004.5,0.2638888888888889,-0.00948576240538478,-0.030475266124773526,1.632549818134654e-05,0.0034148267981260138,-0.002034026306605918
acs_employment_sex,mlp,soft,5,0.3,1004.5,0.1720969089390142,-0.00948576240538478,-0.04020899382921335,-0.0021101502942160733,0.016536048464268,-0.005903335366000284
acs_employment_sex,mlp,soft,10,0.1,1004.5,0.3287385129490393,-0.00948576240538478,-0.0358218714459264,0.007239271672479541,0.006141228152742539,-0.0015836043614332219
acs_employment_sex,mlp,soft,10,0.2,1004.5,0.22284878863826232,-0.00948576240538478,-0.04138546004100528,0.0013797832367820507,0.01599865032636143,-0.0036007786347828307
acs_employment_sex,mlp,soft,10,0.3,1004.5,0.15737259816207186,-0.00948576240538478,-0.04062063057737445,-0.0017414154182384789,0.01660996023371665,-0.0052799067076636065
acs_employment_sex,mlp,soft,25,0.1,1004.5,0.32894736842105265,-0.00948576240538478,-0.04400862797251922,0.01195036775032734,0.011071705574812818,-0.002061113643787915
acs_employment_sex,mlp,soft,25,0.2,1004.5,0.16802422723475355,-0.00948576240538478,-0.049538265643812106,0.0005871920624766269,0.013237499756520384,-0.00522773871964094
acs_employment_sex,mlp,soft,25,0.3,1004.5,0.0810359231411863,-0.00948576240538478,-0.04243398720834675,-0.005429524317104706,0.009401102572669559,-0.009583640731799892
acs_income,ft,cot_phi,5,0.1,1004.5,0.3396455082563248,-0.0025534524082319156,-0.014588224242670289,0.0024828333973825447,0.0019188640091455933,-0.0011531595112450944
acs_income,ft,cot_phi,5,0.2,1004.5,0.25723375246174823,-0.0025534524082319156,-0.0171858068253262,0.0013946814918845973,0.0019188640091455933,-0.0011531595112450944
acs_income,ft,cot_phi,5,0.3,1004.5,0.1574003938797152,-0.0025534524082319156,-0.023916201572795504,0.0003798176988950797,0.011473508041013764,-0.0028599747114495754
acs_income,ft,cot_phi,10,0.1,1004.5,0.32525374943190427,-0.0025534524082319156,-0.01679415182872964,0.003303443350974644,0.004782562589775474,-0.0015318020603198646
acs_income,ft,cot_phi,10,0.2,1004.5,0.20602938948644142,-0.0025534524082319156,-0.024533766233766262,0.0017194324337481471,0.007955016583747943,-0.002147370194602827
acs_income,ft,cot_phi,10,0.3,1004.5,0.13982729889410694,-0.0025534524082319156,-0.027323736007813116,0.0005129180770841568,0.01558504805897722,-0.0029527298522046054
acs_income,ft,cot_phi,25,0.1,1004.5,0.2993485835479473,-0.0025534524082319156,-0.023188435530462192,0.0049786447382789145,0.0075626058055481395,-0.001695806851341064
acs_income,ft,cot_phi,25,0.2,1004.5,0.1445235570368126,-0.0025534524082319156,-0.029386684735978295,0.0011031622582859946,0.01728447920955125,-0.0027366086150361736
acs_income,ft,cot_phi,25,0.3,1004.5,0.06574761399787911,-0.0025534524082319156,-0.03829298875735874,-0.0006984557244515743,0.028634072580645164,-0.0036633072159737547
acs_income,ft,erm_refit,5,0.1,1004.5,0.3396455082563248,0.0,0.0,0.0,0.0,0.0
acs_income,ft,erm_refit,5,0.2,1004.5,0.25723375246174823,0.0,0.0,0.0,0.0,0.0
acs_income,ft,erm_refit,5,0.3,1004.5,0.1574003938797152,0.0,0.0,0.0,0.0,0.0
acs_income,ft,erm_refit,10,0.1,1004.5,0.32525374943190427,0.0,0.0,0.0,0.0,0.0
acs_income,ft,erm_refit,10,0.2,1004.5,0.20602938948644142,0.0,0.0,0.0,0.0,0.0
acs_income,ft,erm_refit,10,0.3,1004.5,0.13982729889410694,0.0,0.0,0.0,0.0,0.0
acs_income,ft,erm_refit,25,0.1,1004.5,0.2993485835479473,0.0,0.0,0.0,0.0,0.0
acs_income,ft,erm_refit,25,0.2,1004.5,0.1445235570368126,0.0,0.0,0.0,0.0,0.0
acs_income,ft,erm_refit,25,0.3,1004.5,0.06574761399787911,0.0,0.0,0.0,0.0,0.0
acs_income,ft,hifi,5,0.1,1004.5,0.3396455082563248,-0.01543972625722242,-0.021938181294217173,-0.012625497789245665,-0.009129119240518924,-0.007652021419360744
acs_income,ft,hifi,5,0.2,1004.5,0.25723375246174823,-0.01543972625722242,-0.02514477857602023,-0.013002805520518879,-0.009129119240518924,-0.007652021419360744
acs_income,ft,hifi,5,0.3,1004.5,0.1574003938797152,-0.01543972625722242,-0.028378508586633468,-0.013547584160876435,0.015246534239669252,-0.014075504734592171
acs_income,ft,hifi,10,0.1,1004.5,0.32525374943190427,-0.01543972625722242,-0.019288998698431658,-0.013806759892704256,-0.0015015601250670807,-0.00788980167094142
acs_income,ft,hifi,10,0.2,1004.5,0.20602938948644142,-0.01543972625722242,-0.022337445887445885,-0.01393748795731944,0.018785684671878727,-0.012363430334645464
acs_income,ft,hifi,10,0.3,1004.5,0.13982729889410694,-0.01543972625722242,-0.025389245736608813,-0.014117132329621673,0.037264954273982825,-0.015303384630962768
acs_income,ft,hifi,25,0.1,1004.5,0.2993485835479473,-0.01543972625722242,-0.026036674435399143,-0.01145579768525623,0.007354102604416124,-0.00891351880721113
acs_income,ft,hifi,25,0.2,1004.5,0.1445235570368126,-0.01543972625722242,-0.033005680393183544,-0.012841475310432126,0.04990942774804445,-0.016066628712224428
acs_income,ft,hifi,25,0.3,1004.5,0.06574761399787911,-0.01543972625722242,-0.03295645336110342,-0.014354846519853503,0.059936995967741935,-0.018017523905809008
acs_income,ft,hifi_shared,5,0.1,1004.5,0.3396455082563248,2.5983586238420565e-05,-0.004057136170080622,0.001720904403349688,0.00022118395546498747,7.436602959767224e-05
acs_income,ft,hifi_shared,5,0.2,1004.5,0.25723375246174823,2.5983586238420565e-05,-0.004978348556452716,0.0014535458384779098,0.00022118395546498747,7.436602959767224e-05
acs_income,ft,hifi_shared,5,0.3,1004.5,0.1574003938797152,2.5983586238420565e-05,-0.0074681846144723394,0.0010616411759223454,0.001799178000550994,-0.0001445038249846875
acs_income,ft,hifi_shared,10,0.1,1004.5,0.32525374943190427,2.5983586238420565e-05,-0.004321137156029664,0.0019022596770195798,0.00038521110693362504,0.00011410481051653543
acs_income,ft,hifi_shared,10,0.2,1004.5,0.20602938948644142,2.5983586238420565e-05,-0.006376406926406919,0.0013605423338299727,0.0005480040274816744,4.934033932014747e-05
acs_income,ft,hifi_shared,10,0.3,1004.5,0.13982729889410694,2.5983586238420565e-05,-0.006944444444444475,0.0009662206622896962,0.00013152062336690973,0.00011476823063489849
acs_income,ft,hifi_shared,25,0.1,1004.5,0.2993485835479473,2.5983586238420565e-05,-0.005734329864758403,0.002265042400945316,0.0009625334098728678,0.0001081064875884441
acs_income,ft,hifi_shared,25,0.2,1004.5,0.1445235570368126,2.5983586238420565e-05,-0.0087471895033726,0.0013253890836870453,0.0007068752573075376,0.00011088193264848777
acs_income,ft,hifi_shared,25,0.3,1004.5,0.06574761399787911,2.5983586238420565e-05,-0.011351029689924097,0.0006697545159795815,0.0009702620967741993,-2.5769830237143408e-05
acs_income,ft,reweighing,5,0.1,1004.5,0.3396455082563248,-0.0016586817060301295,-0.013948734115241956,0.003466619087235068,0.0012503106516228435,-0.0006181979993107767
acs_income,ft,reweighing,5,0.2,1004.5,0.25723375246174823,-0.0016586817060301295,-0.017374700659079888,0.00252372045966609,0.0012503106516228435,-0.0006181979993107767
acs_income,ft,reweighing,5,0.3,1004.5,0.1574003938797152,-0.0016586817060301295,-0.02359119175208828,0.0013277018980853094,0.006709059798304639,-0.0015440540814061876
acs_income,ft,reweighing,10,0.1,1004.5,0.32525374943190427,-0.0016586817060301295,-0.015947696816471946,0.004163771881300205,0.0034901974016124824,-0.0008462526558148942
acs_income,ft,reweighing,10,0.2,1004.5,0.20602938948644142,-0.0016586817060301295,-0.02371125541125546,0.002620283240932053,0.005660536602700816,-0.0012756220401165196
acs_income,ft,reweighing,10,0.3,1004.5,0.13982729889410694,-0.0016586817060301295,-0.02608979415520999,0.0013772557519508121,0.00977685237028741,-0.001704883304290472
acs_income,ft,reweighing,25,0.1,1004.5,0.2993485835479473,-0.0016586817060301295,-0.02260254932050948,0.005979698429632141,0.005559567380995034,-0.001004586880920999
acs_income,ft,reweighing,25,0.2,1004.5,0.1445235570368126,-0.0016586817060301295,-0.0313244424106691,0.00235895755576232,0.01311692054343352,-0.001670351928935987
acs_income,ft,reweighing,25,0.3,1004.5,0.06574761399787911,-0.0016586817060301295,-0.04033749176460587,0.00033255084424599346,0.020720766129032266,-0.0022748483508151173
acs_income,ft,soft,5,0.1,1004.5,0.3396455082563248,-0.005688737769200702,-0.028684949413170468,0.003750596502489434,0.00048778517818973686,-0.0026016688125883756
acs_income,ft,soft,5,0.2,1004.5,0.25723375246174823,-0.005688737769200702,-0.035068698299672976,0.0019924520515576805,0.00048778517818973686,-0.0026016688125883756
acs_income,ft,soft,5,0.3,1004.5,0.1574003938797152,-0.005688737769200702,-0.047279108205664125,-0.0001564651914136239,0.01737799792719701,-0.005430583599753225
acs_income,ft,soft,10,0.1,1004.5,0.32525374943190427,-0.005688737769200702,-0.03174781285991326,0.0047713793469929214,0.006312561657877913,-0.002989728027628968
acs_income,ft,soft,10,0.2,1004.5,0.20602938948644142,-0.005688737769200702,-0.04592943722943722,0.00205667850262361,0.014195540156361059,-0.00459499460675572
acs_income,ft,soft,10,0.3,1004.5,0.13982729889410694,-0.005688737769200702,-0.05352950567200062,7.249760587705323e-05,0.02593172592385217,-0.006057800703908123
acs_income,ft,soft,25,0.1,1004.5,0.2993485835479473,-0.005688737769200702,-0.04115595456932773,0.006971652400431239,0.012586335499109647,-0.0036907502898029356
acs_income,ft,soft,25,0.2,1004.5,0.1445235570368126,-0.005688737769200702,-0.06065348721581534,0.001405503225782112,0.03445821325648415,-0.006251335146020942
acs_income,ft,soft,25,0.3,1004.5,0.06574761399787911,-0.005688737769200702,-0.08124667927656046,-0.0020488178449619364,0.0429233870967742,-0.0070500863557858675
acs_income,mlp,cot_phi,5,0.1,1004.5,0.3396455082563248,-0.0036641864041160876,-0.01774722427212514,0.002437193038763108,-0.001656332322680054,-0.0013479207403940374
acs_income,mlp,cot_phi,5,0.2,1004.5,0.25723375246174823,-0.0036641864041160876,-0.020179993077189307,0.001155871125769159,-0.001656332322680054,-0.0013479207403940374
acs_income,mlp,cot_phi,5,0.3,1004.5,0.1574003938797152,-0.0036641864041160876,-0.02827214847426971,-0.00013296564185931724,0.004934620495261194,-0.0030978245628153324
acs_income,mlp,cot_phi,10,0.1,1004.5,0.32525374943190427,-0.0036641864041160876,-0.020211247850321377,0.0034667243707887318,0.0002030090651139682,-0.0018983362536716176
acs_income,mlp,cot_phi,10,0.2,1004.5,0.20602938948644142,-0.0036641864041160876,-0.029420346320346256,0.001500470630143047,0.0007483416252073161,-0.0024306848346595245
acs_income,mlp,cot_phi,10,0.3,1004.5,0.13982729889410694,-0.0036641864041160876,-0.03222334910975881,-6.354099624072962e-06,0.007752717898469574,-0.0032748362055657677
acs_income,mlp,cot_phi,25,0.1,1004.5,0.2993485835479473,-0.0036641864041160876,-0.028725709033613468,0.005680083094520316,0.001320398395594835,-0.0020710716712635246
acs_income,mlp,cot_phi,25,0.2,1004.5,0.1445235570368126,-0.0036641864041160876,-0.037195795365045595,0.0009800125792322144,0.008654590366405946,-0.0030010128962142503
acs_income,mlp,cot_phi,25,0.3,1004.5,0.06574761399787911,-0.0036641864041160876,-0.046930057594627386,-0.001297912543686075,0.024004536290322592,-0.004342795610598593
acs_income,mlp,dralign,5,0.1,1004.5,0.3396455082563248,-0.013349880565545447,-0.04128874814215092,-0.001624756648099457,-0.0005439199264376526,-0.007577303001714319
acs_income,mlp,dralign,5,0.2,1004.5,0.25723375246174823,-0.013349880565545447,-0.04919130268930001,-0.003865694441208878,-0.0005439199264376526,-0.007577303001714319
acs_income,mlp,dralign,5,0.3,1004.5,0.1574003938797152,-0.013349880565545447,-0.06518058983538265,-0.006323022698325587,0.02463674408754495,-0.013432050433221853
acs_income,mlp,dralign,10,0.1,1004.5,0.32525374943190427,-0.013349880565545447,-0.04442272743904672,-0.0008135514877197659,0.009361794770447962,-0.008972474753887493
acs_income,mlp,dralign,10,0.2,1004.5,0.20602938948644142,-0.013349880565545447,-0.06167499999999994,-0.004096901711612888,0.025653799455105413,-0.012295135177993632
acs_income,mlp,dralign,10,0.3,1004.5,0.13982729889410694,-0.013349880565545447,-0.06528881188490718,-0.0070118079419661085,0.04458476227136993,-0.014786734982792904
acs_income,mlp,dralign,25,0.1,1004.5,0.2993485835479473,-0.013349880565545447,-0.06692479237788872,0.0052883729587075105,0.020683362157537365,-0.009989836910900562
acs_income,mlp,dralign,25,0.2,1004.5,0.1445235570368126,-0.013349880565545447,-0.0912473105032274,-0.003315418598432518,0.06607533964594484,-0.015321993147460234
acs_income,mlp,dralign,25,0.3,1004.5,0.06574761399787911,-0.013349880565545447,-0.1060995048137207,-0.008611294159754123,0.10290826612903226,-0.01700618707611936
acs_income,mlp,erm_refit,5,0.1,1004.5,0.3396455082563248,0.0,0.0,0.0,0.0,0.0
acs_income,mlp,erm_refit,5,0.2,1004.5,0.25723375246174823,0.0,0.0,0.0,0.0,0.0
acs_income,mlp,erm_refit,5,0.3,1004.5,0.1574003938797152,0.0,0.0,0.0,0.0,0.0
acs_income,mlp,erm_refit,10,0.1,1004.5,0.32525374943190427,0.0,0.0,0.0,0.0,0.0
acs_income,mlp,erm_refit,10,0.2,1004.5,0.20602938948644142,0.0,0.0,0.0,0.0,0.0
acs_income,mlp,erm_refit,10,0.3,1004.5,0.13982729889410694,0.0,0.0,0.0,0.0,0.0
acs_income,mlp,erm_refit,25,0.1,1004.5,0.2993485835479473,0.0,0.0,0.0,0.0,0.0
acs_income,mlp,erm_refit,25,0.2,1004.5,0.1445235570368126,0.0,0.0,0.0,0.0,0.0
acs_income,mlp,erm_refit,25,0.3,1004.5,0.06574761399787911,0.0,0.0,0.0,0.0,0.0
acs_income,mlp,hifi,5,0.1,1004.5,0.3396455082563248,-0.04582633592660795,-0.04408732347946946,-0.04641484055963553,-0.03608081912619911,-0.022453753321561132
acs_income,mlp,hifi,5,0.2,1004.5,0.25723375246174823,-0.04582633592660795,-0.04727361349524232,-0.045808276119129764,-0.03608081912619911,-0.022453753321561132
acs_income,mlp,hifi,5,0.3,1004.5,0.1574003938797152,-0.04582633592660795,-0.04742215699790241,-0.04556576249598741,0.005190628531589569,-0.03762069673980104
acs_income,mlp,hifi,10,0.1,1004.5,0.32525374943190427,-0.04582633592660795,-0.038546285825798964,-0.049400852534037164,-0.01700938003104182,-0.02582615945893333
acs_income,mlp,hifi,10,0.2,1004.5,0.20602938948644142,-0.04582633592660795,-0.04271471861471863,-0.04681796305910466,0.014399727552712637,-0.03558219783378239
acs_income,mlp,hifi,10,0.3,1004.5,0.13982729889410694,-0.04582633592660795,-0.041655397791300376,-0.046574158926528574,0.044838034247853674,-0.042410218142185395
acs_income,mlp,hifi,25,0.1,1004.5,0.2993485835479473,-0.04582633592660795,-0.057285648634453804,-0.04196303299502389,0.0027235216474038038,-0.028298836790982117
acs_income,mlp,hifi,25,0.2,1004.5,0.1445235570368126,-0.04582633592660795,-0.05992924808490235,-0.043934776304342116,0.07931988472622481,-0.04486177479534673
acs_income,mlp,hifi,25,0.3,1004.5,0.06574761399787911,-0.04582633592660795,-0.05620895585828746,-0.04534157227672743,0.1134576612903226,-0.04995631660979818
acs_income,mlp,hifi_shared,5,0.1,1004.5,0.3396455082563248,-0.0007337514840872417,-0.0017750965842644906,-0.00029236012280564605,-0.0017221904667229838,-0.00015184279507394205
acs_income,mlp,hifi_shared,5,0.2,1004.5,0.25723375246174823,-0.0007337514840872417,-0.0020596068126107923,-0.00028729129157109015,-0.0017221904667229838,-0.00015184279507394205
acs_income,mlp,hifi_shared,5,0.3,1004.5,0.1574003938797152,-0.0007337514840872417,-0.0031215025311483124,-0.00037871100019668533,-0.0018732066786987078,-0.0005572717385207926
acs_income,mlp,hifi_shared,10,0.1,1004.5,0.32525374943190427,-0.0007337514840872417,-0.0019452086778191323,-0.00015310683658730228,-0.0018805853602105404,-0.0003275646071933647
acs_income,mlp,hifi_shared,10,0.2,1004.5,0.20602938948644142,-0.0007337514840872417,-0.003182900432900415,-0.0001914585803206137,-0.002324389954986955,-0.0004886130689955803
acs_income,mlp,hifi_shared,10,0.3,1004.5,0.13982729889410694,-0.0007337514840872417,-0.0023988618435879403,-0.0004653710266224409,-0.0016584429824561264,-0.000517241236987398
acs_income,mlp,hifi_shared,25,0.1,1004.5,0.2993485835479473,-0.0007337514840872417,-0.0033731412486869726,0.0002907219999721988,-0.0022519442626427466,-0.0002673581964264371
acs_income,mlp,hifi_shared,25,0.2,1004.5,0.1445235570368126,-0.0007337514840872417,-0.004204194954966056,-0.00019328329259522549,-0.001441333882256085,-0.00039797721489056583
acs_income,mlp,hifi_shared,25,0.3,1004.5,0.06574761399787911,-0.0007337514840872417,-0.0038658533993582546,-0.0004934418291296705,0.002568044354838708,-0.0007035995619023127
acs_income,mlp,ltdd,5,0.1,1004.5,0.3396455082563248,-0.005020785950193496,-0.02652940675409198,0.003957947102370319,0.0022437434763159293,-0.0026486457848800436
acs_income,mlp,ltdd,5,0.2,1004.5,0.25723375246174823,-0.005020785950193496,-0.03184846108744638,0.002132062473583851,0.0022437434763159293,-0.0026486457848800436
acs_income,mlp,ltdd,5,0.3,1004.5,0.1574003938797152,-0.005020785950193496,-0.04229574781906178,7.057631172922019e-05,0.018064965318969874,-0.005682607964064401
acs_income,mlp,ltdd,10,0.1,1004.5,0.32525374943190427,-0.005020785950193496,-0.03199148666284505,0.005900108679233662,0.008850857827778901,-0.0036798166535463193
acs_income,mlp,ltdd,10,0.2,1004.5,0.20602938948644142,-0.005020785950193496,-0.04508722943722941,0.0027376929998977227,0.01640332563373608,-0.005069946992584962
acs_income,mlp,ltdd,10,0.3,1004.5,0.13982729889410694,-0.005020785950193496,-0.051898335962737574,0.0006829632241111772,0.028528310470324753,-0.006286105834964284
acs_income,mlp,ltdd,25,0.1,1004.5,0.2993485835479473,-0.005020785950193496,-0.0422417648700105,0.008151154426197816,0.014187404249406765,-0.004311508174441392
acs_income,mlp,ltdd,25,0.2,1004.5,0.1445235570368126,-0.005020785950193496,-0.06352800376639553,0.0025596854438698856,0.03891560312885962,-0.006509083140968541
acs_income,mlp,ltdd,25,0.3,1004.5,0.06574761399787911,-0.005020785950193496,-0.08324867702378166,-0.0011284159333024625,0.05625756048387096,-0.0070043177892918475
acs_income,mlp,soft,5,0.1,1004.5,0.3396455082563248,-0.007897792810117498,-0.025473726612198867,-0.00042902781707542247,-0.005620247030170489,-0.0032343876297699858
acs_income,mlp,soft,5,0.2,1004.5,0.25723375246174823,-0.007897792810117498,-0.030561665995577858,-0.0016495911527927066,-0.005620247030170489,-0.0032343876297699858
acs_income,mlp,soft,5,0.3,1004.5,0.1574003938797152,-0.007897792810117498,-0.04229945374632184,-0.0031171689741226415,0.004092005465003168,-0.006116759578312814
acs_income,mlp,soft,10,0.1,1004.5,0.32525374943190427,-0.007897792810117498,-0.0287166571125395,0.0008141867439568129,-0.0033023718399835646,-0.0035712139295902335
acs_income,mlp,soft,10,0.2,1004.5,0.20602938948644142,-0.007897792810117498,-0.03875562770562766,-0.001785428509546827,0.0036294716891731916,-0.005399190930760045
acs_income,mlp,soft,10,0.3,1004.5,0.13982729889410694,-0.007897792810117498,-0.04409041394335502,-0.003331219026869903,0.011603268477043687,-0.006994932422671718
acs_income,mlp,soft,25,0.1,1004.5,0.2993485835479473,-0.007897792810117498,-0.038634638425682745,0.0034038677377194126,0.000751836400399275,-0.004097054003277789
acs_income,mlp,soft,25,0.2,1004.5,0.1445235570368126,-0.007897792810117498,-0.05275813669023597,-0.0018453997295842183,0.020251132153149436,-0.006917884112436412
acs_income,mlp,soft,25,0.3,1004.5,0.06574761399787911,-0.007897792810117498,-0.06539646781289185,-0.0049076961135205875,0.03418850806451612,-0.008512568979316681
credit_broad,mlp,cot_phi,5,0.1,1004.5,0.31878747501665555,-0.00046324887434963103,-0.0023626418034948804,0.000714536645913566,-0.0007421993195621757,0.00024286215663736898
credit_broad,mlp,cot_phi,5,0.2,1004.5,0.1542305129913391,-0.00046324887434963103,-0.0009929604753293852,-2.9023743549128067e-05,0.0009025347436663944,-0.00015088022828645408
credit_broad,mlp,cot_phi,5,0.3,1004.5,0.09377081945369753,-0.00046324887434963103,-0.003064541334583526,4.7918370775346106e-05,-0.000902043692741375,0.00013744479205000105
credit_broad,mlp,cot_phi,10,0.1,1004.5,0.22451698867421718,-0.00046324887434963103,-0.0034608043253576692,0.0006325480865707944,0.0005750578108941363,-0.0002477168502332483
credit_broad,mlp,cot_phi,10,0.2,1004.5,0.12241838774150567,-0.00046324887434963103,-0.005580710678815692,0.00035707190335017015,-0.001103163105155141,6.139028171405769e-05
credit_broad,mlp,cot_phi,10,0.3,1004.5,0.06528980679546968,-0.00046324887434963103,-0.002713618578821142,-0.00017153483810040672,-0.0025901729849098234,-0.00037013465579969205
credit_broad,mlp,cot_phi,25,0.1,1004.5,0.19037308461025984,-0.00046324887434963103,-0.0064288594155544,0.0010676083908421452,-0.00047960896562631303,-0.0004398768772253536
credit_broad,mlp,cot_phi,25,0.2,1004.5,0.03647568287808128,-0.00046324887434963103,-0.00658221119773209,-0.00030102054709022494,5.324813631522778e-05,-0.0006757377779052054
credit_broad,mlp,cot_phi,25,0.3,1004.5,0.005829447035309793,-0.00046324887434963103,0.01066666666666669,-0.00043806515636771735,0.0,-0.0002824478990494206
credit_broad,mlp,dralign,5,0.1,1004.5,0.31878747501665555,-0.007210052993083182,-0.009333906723456676,-0.006205115046849974,-0.0006506409546792713,-0.0018847603661820145
credit_broad,mlp,dralign,5,0.2,1004.5,0.1542305129913391,-0.007210052993083182,-0.00505737104968571,-0.008319657880681208,0.004201916824332496,-0.0030474885126557604
credit_broad,mlp,dralign,5,0.3,1004.5,0.09377081945369753,-0.007210052993083182,-0.0006454133458352884,-0.008251389452758629,0.005041108762038997,-0.004514080583159563
credit_broad,mlp,dralign,10,0.1,1004.5,0.22451698867421718,-0.007210052993083182,-0.0077032477608846685,-0.00782103170071633,0.002571781860226102,-0.001976471378736899
credit_broad,mlp,dralign,10,0.2,1004.5,0.12241838774150567,-0.007210052993083182,-0.006424804814876906,-0.0078075412626887886,0.006440903054448869,-0.0045240322893200565
credit_broad,mlp,dralign,10,0.3,1004.5,0.06528980679546968,-0.007210052993083182,-0.005477723084690134,-0.007528178116205297,0.003800147221199854,-0.004552919783408915
credit_broad,mlp,dralign,25,0.1,1004.5,0.19037308461025984,-0.007210052993083182,-0.01526945982041611,-0.005309825095322196,0.0071252544733740545,-0.002497496014999456
credit_broad,mlp,dralign,25,0.2,1004.5,0.03647568287808128,-0.007210052993083182,-0.014847625797306863,-0.006978966311938273,0.001703940362087334,-0.00956573175729345
credit_broad,mlp,dralign,25,0.3,1004.5,0.005829447035309793,-0.007210052993083182,0.001333333333333353,-0.007200372097889862,0.0005617977528089901,-0.007424532144163787
credit_broad,mlp,erm_refit,5,0.1,1004.5,0.31878747501665555,0.0,0.0,0.0,0.0,0.0
credit_broad,mlp,erm_refit,5,0.2,1004.5,0.1542305129913391,0.0,0.0,0.0,0.0,0.0
credit_broad,mlp,erm_refit,5,0.3,1004.5,0.09377081945369753,0.0,0.0,0.0,0.0,0.0
credit_broad,mlp,erm_refit,10,0.1,1004.5,0.22451698867421718,0.0,0.0,0.0,0.0,0.0
credit_broad,mlp,erm_refit,10,0.2,1004.5,0.12241838774150567,0.0,0.0,0.0,0.0,0.0
credit_broad,mlp,erm_refit,10,0.3,1004.5,0.06528980679546968,0.0,0.0,0.0,0.0,0.0
credit_broad,mlp,erm_refit,25,0.1,1004.5,0.19037308461025984,0.0,0.0,0.0,0.0,0.0
credit_broad,mlp,erm_refit,25,0.2,1004.5,0.03647568287808128,0.0,0.0,0.0,0.0,0.0
credit_broad,mlp,erm_refit,25,0.3,1004.5,0.005829447035309793,0.0,0.0,0.0,0.0,0.0
credit_broad,mlp,hifi,5,0.1,1004.5,0.31878747501665555,-0.01038514745114132,-0.00715151681512286,-0.011800748977895393,-0.005839809300300336,-0.008096164305023102
credit_broad,mlp,hifi,5,0.2,1004.5,0.1542305129913391,-0.01038514745114132,-0.0042716137087746575,-0.011400512127479778,0.004745332928140333,-0.010427362910202142
credit_broad,mlp,hifi,5,0.3,1004.5,0.09377081945369753,-0.01038514745114132,0.00383653695889985,-0.011746380623058873,0.016424712238665727,-0.012243401244223651
credit_broad,mlp,hifi,10,0.1,1004.5,0.22451698867421718,-0.01038514745114132,-0.0014164509841743333,-0.013311878372490371,0.004771325796505655,-0.00962612897626416
credit_broad,mlp,hifi,10,0.2,1004.5,0.12241838774150567,-0.01038514745114132,0.002251849367395242,-0.011940510994534869,0.024862670530001203,-0.012808503197442011
credit_broad,mlp,hifi,10,0.3,1004.5,0.06528980679546968,-0.01038514745114132,0.005490344566452055,-0.011566359779535407,0.018517666543982337,-0.012373907080746505
credit_broad,mlp,hifi,25,0.1,1004.5,0.19037308461025984,-0.01038514745114132,-0.004159072009945175,-0.011599768885745354,0.027920895134009895,-0.012468013118438514
credit_broad,mlp,hifi,25,0.2,1004.5,0.03647568287808128,-0.01038514745114132,0.008619773210489035,-0.011104509977201315,0.005218317358892444,-0.013588390000725158
credit_broad,mlp,hifi,25,0.3,1004.5,0.005829447035309793,-0.01038514745114132,0.007666666666666655,-0.010517683641589292,0.0005617977528089901,-0.010870097954619162
credit_broad,mlp,hifi_shared,5,0.1,1004.5,0.31878747501665555,-1.6819368831066938e-05,-0.0009720945056721164,0.0005310738177232488,-9.649375281360895e-05,0.0002821112531044334
credit_broad,mlp,hifi_shared,5,0.2,1004.5,0.1542305129913391,-1.6819368831066938e-05,-0.0015066627916989427,0.0005361207598030937,9.280226908083832e-05,1.97728370651018e-05
credit_broad,mlp,hifi_shared,5,0.3,1004.5,0.09377081945369753,-1.6819368831066938e-05,-0.0006344741365838735,0.0002523714193717219,-0.00012998199044711027,-0.0003933406688341079
credit_broad,mlp,hifi_shared,10,0.1,1004.5,0.22451698867421718,-1.6819368831066938e-05,-0.0005449881530573353,0.0003699691895601376,0.00010767279033915833,6.170523710603559e-05
credit_broad,mlp,hifi_shared,10,0.2,1004.5,0.12241838774150567,-1.6819368831066938e-05,-0.0006083813144017736,0.0002854605647383601,0.0011574912471326755,-0.00019832618753482523
credit_broad,mlp,hifi_shared,10,0.3,1004.5,0.06528980679546968,-1.6819368831066938e-05,2.2087593083419677e-05,6.606636960665435e-05,0.0007085020242915002,-0.0008530831070172384
credit_broad,mlp,hifi_shared,25,0.1,1004.5,0.19037308461025984,-1.6819368831066938e-05,-0.0008878398696378853,0.0003269843325455324,0.0005367538636584013,6.656935733090341e-05
credit_broad,mlp,hifi_shared,25,0.2,1004.5,0.03647568287808128,-1.6819368831066938e-05,0.0033575478384124335,-0.00016254702865873272,0.000532481363152291,-0.00012181409295352053
credit_broad,mlp,hifi_shared,25,0.3,1004.5,0.005829447035309793,-1.6819368831066938e-05,0.0056666666666666645,-2.45231473988361e-05,0.0,7.601147290892118e-05
credit_broad,mlp,ltdd,5,0.1,1004.5,0.31878747501665555,-0.0007863899920731554,-0.005874656309045068,0.0018325077329352623,-0.0008045604829484243,-0.0006811660598461833
credit_broad,mlp,ltdd,5,0.2,1004.5,0.1542305129913391,-0.0007863899920731554,-0.005402350813743217,0.00019873318349483693,0.001333869233760432,-0.0002558110795295443
credit_broad,mlp,ltdd,5,0.3,1004.5,0.09377081945369753,-0.0007863899920731554,-0.006540084388185641,-0.00017219414539908494,0.0007939863753817236,0.00018207760806442374
credit_broad,mlp,ltdd,10,0.1,1004.5,0.22451698867421718,-0.0007863899920731554,-0.005855815654086582,0.0007457867083828784,0.0021555434224049376,-0.0013320940024973305
credit_broad,mlp,ltdd,10,0.2,1004.5,0.12241838774150567,-0.0007863899920731554,-0.008507090018074415,0.00046861004211473656,0.002935228781842325,-0.0005056939297047203
credit_broad,mlp,ltdd,10,0.3,1004.5,0.06528980679546968,-0.0007863899920731554,-0.0064527325508014766,-0.000368189684137421,0.0002576370997423645,-0.0009886163473457055
credit_broad,mlp,ltdd,25,0.1,1004.5,0.19037308461025984,-0.0007863899920731554,-0.010400409901472429,0.001512316546834258,0.00349400233681815,-0.0009023506922602898
credit_broad,mlp,ltdd,25,0.2,1004.5,0.03647568287808128,-0.0007863899920731554,-0.010967399007795909,-0.0005805756212344804,0.00047923322683705773,-0.0013406612216951054
credit_broad,mlp,ltdd,25,0.3,1004.5,0.005829447035309793,-0.0007863899920731554,0.006666666666666677,-0.0007181031508974756,0.0,-0.0006482245293829569
credit_broad,mlp,soft,5,0.1,1004.5,0.31878747501665555,-0.0006218659842348706,-0.002894247646584247,0.0004295171934110442,-0.000493907794038384,0.0005610075631535594
credit_broad,mlp,soft,5,0.2,1004.5,0.1542305129913391,-0.0006218659842348706,-0.004056875914922953,-0.00016895666273546438,-0.000774441470850612,0.000585152396894728
credit_broad,mlp,soft,5,0.3,1004.5,0.09377081945369753,-0.0006218659842348706,-0.004896077512111285,-0.00022727227274271788,-0.0040059509826951695,0.0002455603606919321
credit_broad,mlp,soft,10,0.1,1004.5,0.22451698867421718,-0.0006218659842348706,-0.0057921905184153185,0.0007575665185089342,-0.0035712679856115146,0.0017188996086028973
credit_broad,mlp,soft,10,0.2,1004.5,0.12241838774150567,-0.0006218659842348706,-0.007463618238396053,6.82930254623626e-05,-0.0073252444766389035,0.0009577186735460263
credit_broad,mlp,soft,10,0.3,1004.5,0.06528980679546968,-0.0006218659842348706,-0.01168118137069295,7.912240949916604e-05,-0.004462642620537355,0.0016791592751314699
credit_broad,mlp,soft,25,0.1,1004.5,0.19037308461025984,-0.0006218659842348706,-0.009992608334103292,0.0017567422851920255,-0.012724434035909444,0.002692470944613057
credit_broad,mlp,soft,25,0.2,1004.5,0.03647568287808128,-0.0006218659842348706,-0.00706059532246639,-0.0002652948567383517,0.0026091586794462196,-0.0010984665147741434
credit_broad,mlp,soft,25,0.3,1004.5,0.005829447035309793,-0.0006218659842348706,0.02633333333333334,-0.000609220376446662,0.003370786516853941,-0.0005772868158190781
hmda_md,mlp,cot_phi,5,0.1,1004.5,0.34491666666666665,-0.006718404768490727,-0.027084105653382727,0.0040419238417033765,-0.005362944944461723,-0.0012238374585134438
hmda_md,mlp,cot_phi,5,0.2,1004.5,0.1755,-0.006718404768490727,-0.03259970850092646,-0.0007116728023528363,-0.0009248948877864094,-0.0022326723930957805
hmda_md,mlp,cot_phi,5,0.3,1004.5,0.12075,-0.006718404768490727,-0.036476142293881186,-0.002535788959116392,0.004044340321006768,-0.003794536929081638
hmda_md,mlp,cot_phi,10,0.1,1004.5,0.25458333333333333,-0.006718404768490727,-0.03410589997012492,0.003465507824498504,-0.00074189697261271,-0.002158733335890328
hmda_md,mlp,cot_phi,10,0.2,1004.5,0.15983333333333333,-0.006718404768490727,-0.04737271148148088,0.0007832050447743155,0.008793852376577283,-0.003801429977527948
hmda_md,mlp,cot_phi,10,0.3,1004.5,0.10725,-0.006718404768490727,-0.04863862612526774,-0.0016736403391078402,0.004105249547452797,-0.006243561276642528
hmda_md,mlp,cot_phi,25,0.1,1004.5,0.29483333333333334,-0.006718404768490727,-0.041582883674237694,0.007792045837070949,-0.0021195779772610335,-5.9240883413924636e-05
hmda_md,mlp,cot_phi,25,0.2,1004.5,0.10933333333333332,-0.006718404768490727,-0.0634321732954546,-0.0002682338707074017,-0.0004236721223743412,-0.007910113642300843
hmda_md,mlp,cot_phi,25,0.3,1004.5,0.03866666666666667,-0.006718404768490727,-0.07350805955457121,-0.004399599753141114,-0.002586713697824803,-0.007801189972406175
hmda_md,mlp,dralign,5,0.1,1004.5,0.34491666666666665,-0.016650085156033157,-0.05978509275196018,0.005062147022194064,-0.011327560403047865,-0.0015669356912789366
hmda_md,mlp,dralign,5,0.2,1004.5,0.1755,-0.016650085156033157,-0.06659352826863114,-0.0063898240674928886,0.007864696305814867,-0.004070129906206432
hmda_md,mlp,dralign,5,0.3,1004.5,0.12075,-0.016650085156033157,-0.08187974638298806,-0.008416836715978704,0.03951933106766713,-0.008938701269545135
hmda_md,mlp,dralign,10,0.1,1004.5,0.25458333333333333,-0.016650085156033157,-0.07583267698552418,0.0037573961439786308,0.006670907503430102,-0.00379918529243497
hmda_md,mlp,dralign,10,0.2,1004.5,0.15983333333333333,-0.016650085156033157,-0.09433066754128848,-0.002820679682189309,0.04796198237478323,-0.008289156639544725
hmda_md,mlp,dralign,10,0.3,1004.5,0.10725,-0.016650085156033157,-0.0940148333346037,-0.007597851612906592,0.05108683159497744,-0.012780444951207403
hmda_md,mlp,dralign,25,0.1,1004.5,0.29483333333333334,-0.016650085156033157,-0.09591464145787157,0.014156529598015133,0.004347981159057224,-0.0007833684583308465
hmda_md,mlp,dralign,25,0.2,1004.5,0.10933333333333332,-0.016650085156033157,-0.11160592743844697,-0.005902406754093914,0.052298978727199755,-0.01361061294781265
hmda_md,mlp,dralign,25,0.3,1004.5,0.03866666666666667,-0.016650085156033157,-0.10725975144579794,-0.013042040344688078,0.02286890064667843,-0.020571571366909725
hmda_md,mlp,erm_refit,5,0.1,1004.5,0.34491666666666665,0.0,0.0,0.0,0.0,0.0
hmda_md,mlp,erm_refit,5,0.2,1004.5,0.1755,0.0,0.0,0.0,0.0,0.0
hmda_md,mlp,erm_refit,5,0.3,1004.5,0.12075,0.0,0.0,0.0,0.0,0.0
hmda_md,mlp,erm_refit,10,0.1,1004.5,0.25458333333333333,0.0,0.0,0.0,0.0,0.0
hmda_md,mlp,erm_refit,10,0.2,1004.5,0.15983333333333333,0.0,0.0,0.0,0.0,0.0
hmda_md,mlp,erm_refit,10,0.3,1004.5,0.10725,0.0,0.0,0.0,0.0,0.0
hmda_md,mlp,erm_refit,25,0.1,1004.5,0.29483333333333334,0.0,0.0,0.0,0.0,0.0
hmda_md,mlp,erm_refit,25,0.2,1004.5,0.10933333333333332,0.0,0.0,0.0,0.0,0.0
hmda_md,mlp,erm_refit,25,0.3,1004.5,0.03866666666666667,0.0,0.0,0.0,0.0,0.0
hmda_md,mlp,hifi_shared,5,0.1,1004.5,0.34491666666666665,0.0014058230114304515,0.0023393206525737288,0.0012329116193997125,0.0008949820977717903,6.31942488334869e-05
hmda_md,mlp,hifi_shared,5,0.2,1004.5,0.1755,0.0014058230114304515,0.0029558909929045417,0.0015639769645604319,-0.0012737056020663885,0.00031084628526184543
hmda_md,mlp,hifi_shared,5,0.3,1004.5,0.12075,0.0014058230114304515,0.0029986417302267144,0.001459620377855475,-0.003379291586751465,0.0006862843224452409
hmda_md,mlp,hifi_shared,10,0.1,1004.5,0.25458333333333333,0.0014058230114304515,0.002385258469355711,0.0015116258869420252,-0.0011880401275814357,0.00014171085392473693
hmda_md,mlp,hifi_shared,10,0.2,1004.5,0.15983333333333333,0.0014058230114304515,0.002633418301142687,0.001543503646083555,-0.0027330774541836577,0.00021852515406600714
hmda_md,mlp,hifi_shared,10,0.3,1004.5,0.10725,0.0014058230114304515,0.0019269614531484901,0.0015451460417845396,-0.002297215757262311,0.0010197562536881978
hmda_md,mlp,hifi_shared,25,0.1,1004.5,0.29483333333333334,0.0014058230114304515,0.0028721016159840795,0.0013307556954701317,-0.0018684374891174583,5.6333089136484385e-05
hmda_md,mlp,hifi_shared,25,0.2,1004.5,0.10933333333333332,0.0014058230114304515,0.004137073863636353,0.0014465385778550388,-0.0048982443621876275,0.0008293910013048688
hmda_md,mlp,hifi_shared,25,0.3,1004.5,0.03866666666666667,0.0014058230114304515,0.004534268487756854,0.0014072573925057563,-0.00026455026455025985,0.0016479987235955562
hmda_md,mlp,ltdd,5,0.1,1004.5,0.34491666666666665,-0.004824964272434906,-0.011972634126248504,-0.0007115245919638747,-0.005868706256157774,-7.244069415696108e-05
hmda_md,mlp,ltdd,5,0.2,1004.5,0.1755,-0.004824964272434906,-0.011540764676639437,-0.0031552774267137097,-0.004174416226652688,-0.0003748568888783055
hmda_md,mlp,ltdd,5,0.3,1004.5,0.12075,-0.004824964272434906,-0.01516367975628129,-0.003241927171589709,-0.0012691095483248927,-0.0006545336999021712
hmda_md,mlp,ltdd,10,0.1,1004.5,0.25458333333333333,-0.004824964272434906,-0.013578035845231973,-0.0011047359433015824,-0.005778015359669253,-0.00020835131187414425
hmda_md,mlp,ltdd,10,0.2,1004.5,0.15983333333333333,-0.004824964272434906,-0.015974372732179408,-0.0022882700763836804,-0.001569932750175329,-0.0007635529154453536
hmda_md,mlp,ltdd,10,0.3,1004.5,0.10725,-0.004824964272434906,-0.01619813859182412,-0.003088250007568072,-0.0010796483061805084,-0.001544164224535982
hmda_md,mlp,ltdd,25,0.1,1004.5,0.29483333333333334,-0.004824964272434906,-0.01833189721281081,0.001795903517861397,-0.0024596742938859163,-8.41090344734341e-05
hmda_md,mlp,ltdd,25,0.2,1004.5,0.10933333333333332,-0.004824964272434906,-0.017635091145833358,-0.002704138614765916,-0.001739285555010467,-0.002005559638119725
hmda_md,mlp,ltdd,25,0.3,1004.5,0.03866666666666667,-0.004824964272434906,-0.014119601328903686,-0.004310935620306022,0.001381540270429161,-0.004366246182277522
hmda_md,mlp,reweighing,5,0.1,1004.5,0.34491666666666665,-0.004648007659327769,-0.02465238242346669,0.006351121261723025,-0.0035182048797369634,-0.0002679632101698859
hmda_md,mlp,reweighing,5,0.2,1004.5,0.1755,-0.004648007659327769,-0.02482272788900437,0.000523112768430889,0.0012130980043574713,-0.0007442175169997345
hmda_md,mlp,reweighing,5,0.3,1004.5,0.12075,-0.004648007659327769,-0.0299498485006791,-0.0007709995349020837,0.00964183967607703,-0.001525859824823206
hmda_md,mlp,reweighing,10,0.1,1004.5,0.25458333333333333,-0.004648007659327769,-0.03166252694318048,0.005850020599652839,0.0004967124605763096,-0.0008366613609995244
hmda_md,mlp,reweighing,10,0.2,1004.5,0.15983333333333333,-0.004648007659327769,-0.03978404059349032,0.0024956064306930646,0.01466992133347107,-0.002228025871300421
hmda_md,mlp,reweighing,10,0.3,1004.5,0.10725,-0.004648007659327769,-0.03898971728243554,-6.594674081085161e-05,0.015117231273166104,-0.0027466510303624236
hmda_md,mlp,reweighing,25,0.1,1004.5,0.29483333333333334,-0.004648007659327769,-0.04182878097070601,0.011107549777183501,-0.0008573600662331704,-5.876348435345236e-05
hmda_md,mlp,reweighing,25,0.2,1004.5,0.10933333333333332,-0.004648007659327769,-0.046640107125946996,0.0009471592585858502,0.014696219655413349,-0.0036634171265488404
hmda_md,mlp,reweighing,25,0.3,1004.5,0.03866666666666667,-0.004648007659327769,-0.04431832164390309,-0.0027701516504190947,0.007231040564373908,-0.005250077001633035
hmda_md,mlp,soft,5,0.1,1004.5,0.34491666666666665,-0.007115654770354185,-0.03722863983406146,0.009886845779980613,-0.00471409864687905,-0.00020562624765777527
hmda_md,mlp,soft,5,0.2,1004.5,0.1755,-0.007115654770354185,-0.042142122745966536,0.00190251820684042,-0.0010369112548570757,-0.0008470987878463232
hmda_md,mlp,soft,5,0.3,1004.5,0.12075,-0.007115654770354185,-0.05445108304142451,3.0762340307777246e-05,0.006455746604304774,-0.0031485448217139387
hmda_md,mlp,soft,10,0.1,1004.5,0.25458333333333333,-0.007115654770354185,-0.04925213385051069,0.00974263238552966,-0.007720639332870027,-0.0006373992003144812
hmda_md,mlp,soft,10,0.2,1004.5,0.15983333333333333,-0.007115654770354185,-0.06266118542035186,0.004822335589396809,-0.004049532186951238,-0.001912074806649744
hmda_md,mlp,soft,10,0.3,1004.5,0.10725,-0.007115654770354185,-0.06493471350931085,0.0010864434373166643,-0.005962848030342219,-0.003973996726044604
hmda_md,mlp,soft,25,0.1,1004.5,0.29483333333333334,-0.007115654770354185,-0.062280866134047264,0.01747344396740592,-0.010431099463147709,7.338925556995556e-05
hmda_md,mlp,soft,25,0.2,1004.5,0.10933333333333332,-0.007115654770354185,-0.07563291607481067,0.002515781953960705,-0.01715649110288542,-0.003550490688021768
hmda_md,mlp,soft,25,0.3,1004.5,0.03866666666666667,-0.007115654770354185,-0.08795681063122927,-0.0033883772626230437,-0.005967078189300409,-0.0072603664273936715
hmda_oh,ft,cot_phi,5,0.1,1004.5,0.41241666666666665,-0.0030219112182828687,-0.009140767763468472,0.0012474964936153965,-0.0026943860038319166,-0.0002430591341647248
hmda_oh,ft,cot_phi,5,0.2,1004.5,0.2168333333333333,-0.0030219112182828687,-0.009107006365807125,-0.0008309531166012629,2.8497719519737785e-05,-0.001085823399371555
hmda_oh,ft,cot_phi,5,0.3,1004.5,0.14791666666666667,-0.0030219112182828687,-0.008806880364369662,-0.0016945602309341057,0.0038688099041533698,-0.0016884994062415283
hmda_oh,ft,cot_phi,10,0.1,1004.5,0.3155,-0.0030219112182828687,-0.012342903289853246,0.0013678483669977703,-0.0015035221010399446,-0.0004600401091376494
hmda_oh,ft,cot_phi,10,0.2,1004.5,0.19658333333333333,-0.0030219112182828687,-0.017252938590402122,0.0001855279576236879,0.0037726112936227853,-0.0004013850221316506
hmda_oh,ft,cot_phi,10,0.3,1004.5,0.13208333333333333,-0.0030219112182828687,-0.01319150488979709,-0.001269607786030824,0.012549664838513136,-0.0018083788722230265
hmda_oh,ft,cot_phi,25,0.1,1004.5,0.38,-0.0030219112182828687,-0.015926766733234576,0.0034857186501466852,-0.0008992290047151851,-1.5351273252672824e-05
hmda_oh,ft,cot_phi,25,0.2,1004.5,0.12416666666666668,-0.0030219112182828687,-0.012533144981068278,-0.0013241401418722764,-0.0026521122320302738,-0.00236984163603956
hmda_oh,ft,cot_phi,25,0.3,1004.5,0.03775,-0.0030219112182828687,-0.019720253636702757,-0.0024321081069539454,,-0.004585569427145664
hmda_oh,ft,erm_refit,5,0.1,1004.5,0.41241666666666665,0.0,0.0,0.0,0.0,0.0
hmda_oh,ft,erm_refit,5,0.2,1004.5,0.2168333333333333,0.0,0.0,0.0,0.0,0.0
hmda_oh,ft,erm_refit,5,0.3,1004.5,0.14791666666666667,0.0,0.0,0.0,0.0,0.0
hmda_oh,ft,erm_refit,10,0.1,1004.5,0.3155,0.0,0.0,0.0,0.0,0.0
hmda_oh,ft,erm_refit,10,0.2,1004.5,0.19658333333333333,0.0,0.0,0.0,0.0,0.0
hmda_oh,ft,erm_refit,10,0.3,1004.5,0.13208333333333333,0.0,0.0,0.0,0.0,0.0
hmda_oh,ft,erm_refit,25,0.1,1004.5,0.38,0.0,0.0,0.0,0.0,0.0
hmda_oh,ft,erm_refit,25,0.2,1004.5,0.12416666666666668,0.0,0.0,0.0,0.0,0.0
hmda_oh,ft,erm_refit,25,0.3,1004.5,0.03775,0.0,0.0,0.0,,0.0
hmda_oh,ft,hifi,5,0.1,1004.5,0.41241666666666665,-0.013575891129007377,-0.015012378328177978,-0.011595037211492331,-0.012522167529486473,-0.0015790868534578117
hmda_oh,ft,hifi,5,0.2,1004.5,0.2168333333333333,-0.013575891129007377,-0.01783690425337452,-0.012179422921479877,-0.008572953499232715,-0.004708848635547746
hmda_oh,ft,hifi,5,0.3,1004.5,0.14791666666666667,-0.013575891129007377,-0.013223884280970688,-0.01272263645837074,-0.00232166994347503,-0.007301147182982015
hmda_oh,ft,hifi,10,0.1,1004.5,0.3155,-0.013575891129007377,-0.017091219585756667,-0.011301857193400577,-0.013972281788579167,-0.0011438754066787516
hmda_oh,ft,hifi,10,0.2,1004.5,0.19658333333333333,-0.013575891129007377,-0.018471325605071864,-0.012162057985256668,-0.00864042846312496,-0.002762357022528661
hmda_oh,ft,hifi,10,0.3,1004.5,0.13208333333333333,-0.013575891129007377,-0.008590650336380911,-0.013257431433995581,-0.003636806825106642,-0.006671733349046171
hmda_oh,ft,hifi,25,0.1,1004.5,0.38,-0.013575891129007377,-0.014099284932036337,-0.010744711215548486,-0.014863429760842784,-0.0003684305580639147
hmda_oh,ft,hifi,25,0.2,1004.5,0.12416666666666668,-0.013575891129007377,-0.011239767029862336,-0.012298894381623427,0.005745586380832279,-0.006904831770092379
hmda_oh,ft,hifi,25,0.3,1004.5,0.03775,-0.013575891129007377,-0.010514733308466995,-0.012966242027773679,,-0.01427220933443194
hmda_oh,ft,hifi_shared,5,0.1,1004.5,0.41241666666666665,-0.00063922056704655,-0.001437294821198598,0.00019327114693852289,-0.0008439390164884153,-6.63780876239528e-05
hmda_oh,ft,hifi_shared,5,0.2,1004.5,0.2168333333333333,-0.00063922056704655,-0.001512838168701025,-0.00023465855932012226,-0.0005326422599530756,-5.2781188534234416e-05
hmda_oh,ft,hifi_shared,5,0.3,1004.5,0.14791666666666667,-0.00063922056704655,-0.0015630311977534173,-0.0003671290140979999,-2.4960063897516703e-06,-0.00015795258610299401
hmda_oh,ft,hifi_shared,10,0.1,1004.5,0.3155,-0.00063922056704655,-0.00201974622312866,0.00015255195758784312,-0.0007262371868282491,-8.849809729094549e-06
hmda_oh,ft,hifi_shared,10,0.2,1004.5,0.19658333333333333,-0.00063922056704655,-0.0024951264519412876,-5.2352094971785945e-05,0.00032860252219353293,-4.4683171155135426e-05
hmda_oh,ft,hifi_shared,10,0.3,1004.5,0.13208333333333333,-0.00063922056704655,-0.001637451732328432,-0.0003119582739140703,-0.0018799512492382597,-0.0002153808257988721
hmda_oh,ft,hifi_shared,25,0.1,1004.5,0.38,-0.00063922056704655,-0.0021615151710365323,0.0006783168044938948,-0.00047370241584590025,-6.9231232315614125e-06
hmda_oh,ft,hifi_shared,25,0.2,1004.5,0.12416666666666668,-0.00063922056704655,-0.0017576971619791104,-0.00022085120639824262,0.0016984552332912877,-0.00020542498151224776
hmda_oh,ft,hifi_shared,25,0.3,1004.5,0.03775,-0.00063922056704655,-0.0013054830287206332,-0.0005014228662915787,,-0.0006494870201484204
hmda_oh,ft,reweighing,5,0.1,1004.5,0.41241666666666665,-0.0021160610890926914,-0.010518724725076322,0.0038651788880458837,-0.000764566865657701,-0.00030526558596755127
hmda_oh,ft,reweighing,5,0.2,1004.5,0.2168333333333333,-0.0021160610890926914,-0.01425951200846376,0.0014636958726709005,0.0038930535814564737,-0.0011200164999352058
hmda_oh,ft,reweighing,5,0.3,1004.5,0.14791666666666667,-0.0021160610890926914,-0.016827529840215672,0.0003723004779187078,0.009584472536249694,-0.0019228049821069404
hmda_oh,ft,reweighing,10,0.1,1004.5,0.3155,-0.0021160610890926914,-0.01664190188839193,0.004008308852089848,0.0005294680532177854,-0.0002851438694068009
hmda_oh,ft,reweighing,10,0.2,1004.5,0.19658333333333333,-0.0021160610890926914,-0.020978527465407883,0.0018917431820259733,0.007093608106235383,-0.0003775077236813695
hmda_oh,ft,reweighing,10,0.3,1004.5,0.13208333333333333,-0.0021160610890926914,-0.019806332187736364,0.00041951542205435064,0.02123583180987205,-0.0022968715450986887
hmda_oh,ft,reweighing,25,0.1,1004.5,0.38,-0.0021160610890926914,-0.019809418282548497,0.006793485292828272,0.0011232833900732709,-4.5150803684324006e-05
hmda_oh,ft,reweighing,25,0.2,1004.5,0.12416666666666668,-0.0021160610890926914,-0.017143915797274277,0.00038044455716959027,0.02255280580075662,-0.002334978006360755
hmda_oh,ft,reweighing,25,0.3,1004.5,0.03775,-0.0021160610890926914,-0.016907870197687414,-0.0012943655562457246,,-0.0037669451312334233
hmda_oh,ft,soft,5,0.1,1004.5,0.41241666666666665,-0.009941289107204553,-0.020543334497278964,-0.0007724943255368877,-0.011814928025612403,-0.0009051222780076196
hmda_oh,ft,soft,5,0.2,1004.5,0.2168333333333333,-0.009941289107204553,-0.025574660659198722,-0.0044853271318960105,-0.012112502811112235,-0.0031040503106889105
hmda_oh,ft,soft,5,0.3,1004.5,0.14791666666666667,-0.009941289107204553,-0.02653450660606258,-0.006189969695880715,-0.005306893585647565,-0.005073074864978211
hmda_oh,ft,soft,10,0.1,1004.5,0.3155,-0.009941289107204553,-0.028459795760448502,5.777008010088291e-06,-0.015082377709628735,-0.0005468882419028098
hmda_oh,ft,soft,10,0.2,1004.5,0.19658333333333333,-0.009941289107204553,-0.03352574448146604,-0.003532052913832484,-0.013980362106773414,-0.0017513547243386829
hmda_oh,ft,soft,10,0.3,1004.5,0.13208333333333333,-0.009941289107204553,-0.023345297965791358,-0.006528346843577892,-0.0025880560633759707,-0.0055284951148454105
hmda_oh,ft,soft,25,0.1,1004.5,0.38,-0.009941289107204553,-0.02740877407717579,0.0037419455944530887,-0.017004390516242196,-0.00012822828246342733
hmda_oh,ft,soft,25,0.2,1004.5,0.12416666666666668,-0.009941289107204553,-0.021876652424456477,-0.005738717095171731,0.018470208070617895,-0.004914510225944468
hmda_oh,ft,soft,25,0.3,1004.5,0.03775,-0.009941289107204553,-0.027530772099962696,-0.008424939823441413,,-0.008539107219123187
hmda_oh,mlp,cot_phi,5,0.1,1004.5,0.41241666666666665,-0.0019004865040511132,-0.010555228775406789,0.00381909303031992,-0.000602488873048801,-0.0003310315719214363
hmda_oh,mlp,cot_phi,5,0.2,1004.5,0.2168333333333333,-0.0019004865040511132,-0.009874672877456492,0.0008793060153016619,0.0027830784517917763,-0.0017326535770601614
hmda_oh,mlp,cot_phi,5,0.3,1004.5,0.14791666666666667,-0.0019004865040511132,-0.01192747069534803,0.00011427527639027436,0.007653523593020395,-0.0018794180364353984
hmda_oh,mlp,cot_phi,10,0.1,1004.5,0.3155,-0.0019004865040511132,-0.015327049367886824,0.004169995838823293,0.00025134760876307507,-8.744811986545198e-05
hmda_oh,mlp,cot_phi,10,0.2,1004.5,0.19658333333333333,-0.0019004865040511132,-0.018873718705169174,0.002047283301858904,0.005164994171401549,-0.0004776847905079151
hmda_oh,mlp,cot_phi,10,0.3,1004.5,0.13208333333333333,-0.0019004865040511132,-0.01567720704343093,0.0004543960432995209,0.014691042047531983,-0.0014366542705313678
hmda_oh,mlp,cot_phi,25,0.1,1004.5,0.38,-0.0019004865040511132,-0.017376383431037833,0.0070014669127742455,0.00033578194881881405,-9.030160736855919e-06
hmda_oh,mlp,cot_phi,25,0.2,1004.5,0.12416666666666668,-0.0019004865040511132,-0.015297060083600633,0.0006905854023031788,0.0015565889029003743,-0.001888797427814093
hmda_oh,mlp,cot_phi,25,0.3,1004.5,0.03775,-0.0019004865040511132,-0.023293547183886598,-0.0009490366603258415,,-0.003505732036024245
hmda_oh,mlp,dralign,5,0.1,1004.5,0.41241666666666665,-0.008047593210351778,-0.02142153481922233,0.0017870188625101924,-0.004724900792388009,-0.0007324901721167843
hmda_oh,mlp,dralign,5,0.2,1004.5,0.2168333333333333,-0.008047593210351778,-0.023480839593217184,-0.003638408264957238,0.006131251217780398,-0.004021987510857761
hmda_oh,mlp,dralign,5,0.3,1004.5,0.14791666666666667,-0.008047593210351778,-0.029041527148425637,-0.0046503257992262514,0.02111218204718605,-0.006310791940312388
hmda_oh,mlp,dralign,10,0.1,1004.5,0.3155,-0.008047593210351778,-0.029466844988596752,0.0013550048016239824,-0.0023101658634815947,-0.00033029289870273315
hmda_oh,mlp,dralign,10,0.2,1004.5,0.19658333333333333,-0.008047593210351778,-0.03270338747743999,-0.0026306056175067647,0.0163029974484597,-0.0016180687291377338
hmda_oh,mlp,dralign,10,0.3,1004.5,0.13208333333333333,-0.008047593210351778,-0.027280688950518182,-0.0048793894589254875,0.03954021937842779,-0.005678422645443016
hmda_oh,mlp,dralign,25,0.1,1004.5,0.38,-0.008047593210351778,-0.026332925336597302,0.004234141564421134,-0.0008428683694708284,-9.331166094757037e-05
hmda_oh,mlp,dralign,25,0.2,1004.5,0.12416666666666668,-0.008047593210351778,-0.020874680129222067,-0.0055252915081189236,0.044104665825977295,-0.005898972143248971
hmda_oh,mlp,dralign,25,0.3,1004.5,0.03775,-0.008047593210351778,-0.020649011562849696,-0.007329067308143256,,-0.0111341807143713
hmda_oh,mlp,erm_refit,5,0.1,1004.5,0.41241666666666665,0.0,0.0,0.0,0.0,0.0
hmda_oh,mlp,erm_refit,5,0.2,1004.5,0.2168333333333333,0.0,0.0,0.0,0.0,0.0
hmda_oh,mlp,erm_refit,5,0.3,1004.5,0.14791666666666667,0.0,0.0,0.0,0.0,0.0
hmda_oh,mlp,erm_refit,10,0.1,1004.5,0.3155,0.0,0.0,0.0,0.0,0.0
hmda_oh,mlp,erm_refit,10,0.2,1004.5,0.19658333333333333,0.0,0.0,0.0,0.0,0.0
hmda_oh,mlp,erm_refit,10,0.3,1004.5,0.13208333333333333,0.0,0.0,0.0,0.0,0.0
hmda_oh,mlp,erm_refit,25,0.1,1004.5,0.38,0.0,0.0,0.0,0.0,0.0
hmda_oh,mlp,erm_refit,25,0.2,1004.5,0.12416666666666668,0.0,0.0,0.0,0.0,0.0
hmda_oh,mlp,erm_refit,25,0.3,1004.5,0.03775,0.0,0.0,0.0,,0.0
hmda_oh,mlp,hifi,5,0.1,1004.5,0.41241666666666665,-0.008793079343461296,-0.002731711420710248,-0.012134292827269754,-0.010002745749089414,-0.00033324008500321687
hmda_oh,mlp,hifi,5,0.2,1004.5,0.2168333333333333,-0.008793079343461296,-0.0008283789402697362,-0.011443660392904264,-0.0068747545109239415,-0.00045015569728905634
hmda_oh,mlp,hifi,5,0.3,1004.5,0.14791666666666667,-0.008793079343461296,-0.0002160883354212384,-0.010471256003928809,-0.0033208405013516904,-0.0022000395303282683
hmda_oh,mlp,hifi,10,0.1,1004.5,0.3155,-0.008793079343461296,-0.0004888520651903816,-0.012104813705988282,-0.006843654005293065,-0.00010049783929649836
hmda_oh,mlp,hifi,10,0.2,1004.5,0.19658333333333333,-0.008793079343461296,-0.0003989946318664228,-0.010957367805862473,0.002438066046579901,-0.0006090446373600567
hmda_oh,mlp,hifi,10,0.3,1004.5,0.13208333333333333,-0.008793079343461296,-0.0030022160003184474,-0.009902949868072641,0.015204753199268733,-0.0024922063500933843
hmda_oh,mlp,hifi,25,0.1,1004.5,0.38,-0.008793079343461296,-0.0032830767248598126,-0.011545632844632826,-0.0030396891138257274,-9.632171452652604e-05
hmda_oh,mlp,hifi,25,0.2,1004.5,0.12416666666666668,-0.008793079343461296,-0.003667079652165883,-0.010031894002185137,0.037180800756620426,-0.0034311331794835698
hmda_oh,mlp,hifi,25,0.3,1004.5,0.03775,-0.008793079343461296,-0.0024692279000373073,-0.009535132033832305,,-0.006966729822415385
hmda_oh,mlp,hifi_shared,5,0.1,1004.5,0.41241666666666665,0.0001964303560520575,-0.00255762031648199,0.0024043423321078563,0.0006032283463135224,1.8895056366130535e-05
hmda_oh,mlp,hifi_shared,5,0.2,1004.5,0.2168333333333333,0.0001964303560520575,-0.0025775788338098793,0.0013379407270343812,0.0008245782006142011,-0.00019499048623485837
hmda_oh,mlp,hifi_shared,5,0.3,1004.5,0.14791666666666667,0.0001964303560520575,-0.0036905000302710155,0.0010976978451734732,0.0018155566478250174,3.4870248928575706e-05
hmda_oh,mlp,hifi_shared,10,0.1,1004.5,0.3155,0.0001964303560520575,-0.003543886350628478,0.0024863982834626873,0.00033321131837648065,2.549945176155699e-06
hmda_oh,mlp,hifi_shared,10,0.2,1004.5,0.19658333333333333,0.0001964303560520575,-0.004360596279328088,0.001684202875385632,0.0007894286343145263,-0.00012004589438878721
hmda_oh,mlp,hifi_shared,10,0.3,1004.5,0.13208333333333333,0.0001964303560520575,-0.003624885550881729,0.001162875826130516,-0.0018281535648994596,-4.99024426987682e-05
hmda_oh,mlp,hifi_shared,25,0.1,1004.5,0.38,0.0001964303560520575,-0.00337063711911354,0.0034500983155994038,-0.00031728837833077116,-1.4147251821083895e-05
hmda_oh,mlp,hifi_shared,25,0.2,1004.5,0.12416666666666668,0.0001964303560520575,-0.003358691414919235,0.0013619438045722743,-0.00345208070617907,-2.170438680924036e-05
hmda_oh,mlp,hifi_shared,25,0.3,1004.5,0.03775,0.0001964303560520575,-0.0027601641178664703,0.0005714056397627121,,0.00014611386648297753
hmda_oh,mlp,ltdd,5,0.1,1004.5,0.41241666666666665,-0.002858679139658682,-0.007921812897630475,0.0009515480988789071,-0.0033367640043810765,-0.0007311405252334868
hmda_oh,mlp,ltdd,5,0.2,1004.5,0.2168333333333333,-0.002858679139658682,-0.013353371907667833,7.087852924692051e-07,-0.0001733721727059434,-0.0017293497408894186
hmda_oh,mlp,ltdd,5,0.3,1004.5,0.14791666666666667,-0.002858679139658682,-0.017932188313533003,-0.0006865380238840091,0.006328240200294921,-0.002463719675337117
hmda_oh,mlp,ltdd,10,0.1,1004.5,0.3155,-0.002858679139658682,-0.014013536008589188,0.0019311434304297714,-0.002288581065328221,-0.00047563977374491805
hmda_oh,mlp,ltdd,10,0.2,1004.5,0.19658333333333333,-0.002858679139658682,-0.01793176454255172,0.00035698945525270976,0.0029990380774591817,-0.0009502678907946649
hmda_oh,mlp,ltdd,10,0.3,1004.5,0.13208333333333333,-0.002858679139658682,-0.019148830296837883,-0.0006963189637508194,0.024179768433881782,-0.0030085128768348123
hmda_oh,mlp,ltdd,25,0.1,1004.5,0.38,-0.002858679139658682,-0.019017689879533606,0.004846248384097784,-0.002862680308519483,-5.7191018000168904e-06
hmda_oh,mlp,ltdd,25,0.2,1004.5,0.12416666666666668,-0.002858679139658682,-0.0201996225235344,-0.0005685546408971453,0.020523329129886504,-0.0032986207189769413
hmda_oh,mlp,ltdd,25,0.3,1004.5,0.03775,-0.002858679139658682,-0.016930249906751193,-0.0022880699424523755,,-0.004000505190556813
hmda_oh,mlp,neufair,5,0.1,1004.5,0.41241666666666665,-0.021626574409715504,-0.026005021435071485,-0.018495202530317934,-0.02234573042077843,-0.002493656659648502
hmda_oh,mlp,neufair,5,0.2,1004.5,0.2168333333333333,-0.021626574409715504,-0.03003607701101626,-0.020201125782484508,-0.011915338356295735,-0.00815702716330704
hmda_oh,mlp,neufair,5,0.3,1004.5,0.14791666666666667,-0.021626574409715504,-0.03256739953522377,-0.02012577107813197,0.007250034560088481,-0.014110125709657773
hmda_oh,mlp,neufair,10,0.1,1004.5,0.3155,-0.021626574409715504,-0.026051343440701046,-0.01923509125162799,-0.020523652327187104,-0.0015943157222120142
hmda_oh,mlp,neufair,10,0.2,1004.5,0.19658333333333333,-0.021626574409715504,-0.02742491554444909,-0.0201781641970607,-0.0025531299166062227,-0.005633723629987919
hmda_oh,mlp,neufair,10,0.3,1004.5,0.13208333333333333,-0.021626574409715504,-0.026614230172104868,-0.02048034407322965,0.0329247410115783,-0.013827866641720499
hmda_oh,mlp,neufair,25,0.1,1004.5,0.38,-0.021626574409715504,-0.024362507247310473,-0.018048497148248986,-0.02090560086657317,-0.000790741075191137
hmda_oh,mlp,neufair,25,0.2,1004.5,0.12416666666666668,-0.021626574409715504,-0.018763436502514608,-0.02087916249553735,0.050299495586380825,-0.015803463083375067
hmda_oh,mlp,neufair,25,0.3,1004.5,0.03775,-0.021626574409715504,-0.0174300634091757,-0.021387152128399013,,-0.023397141011061752
hmda_oh,mlp,soft,5,0.1,1004.5,0.41241666666666665,-0.008296525904046493,-0.02223218512210412,0.0036687691352794483,-0.010057988038716848,-0.0007826724971412569
hmda_oh,mlp,soft,5,0.2,1004.5,0.2168333333333333,-0.008296525904046493,-0.03021291024695085,-0.0008272790050852907,-0.008780699665405844,-0.0034432708876220965
hmda_oh,mlp,soft,5,0.3,1004.5,0.14791666666666667,-0.008296525904046493,-0.03564269980021145,-0.0029916603782625174,-0.00025401665028262357,-0.005097226931402044
hmda_oh,mlp,soft,10,0.1,1004.5,0.3155,-0.008296525904046493,-0.032946859172060694,0.004269832057400713,-0.013142724193676448,-0.0004132411153160875
hmda_oh,mlp,soft,10,0.2,1004.5,0.19658333333333333,-0.008296525904046493,-0.03922367416354302,6.0695936217136647e-05,-0.01155081478099958,-0.0017567514102529546
hmda_oh,mlp,soft,10,0.3,1004.5,0.13208333333333333,-0.008296525904046493,-0.03242658669603634,-0.003397102966817234,0.007836075563680683,-0.004924191112687793
hmda_oh,mlp,soft,25,0.1,1004.5,0.38,-0.008296525904046493,-0.0314398505443535,0.008666130961553931,-0.015122059082330497,-7.946541448434763e-05
hmda_oh,mlp,soft,25,0.2,1004.5,0.12416666666666668,-0.008296525904046493,-0.026800443090984193,-0.002675541192817399,0.029007723833543504,-0.003701845569872597
hmda_oh,mlp,soft,25,0.3,1004.5,0.03775,-0.008296525904046493,-0.032655725475568866,-0.006198056849070354,,-0.006995104474250502
hmda_pa,mlp,cot_phi,5,0.1,1004.5,0.41475,-0.003510490494901608,-0.012125342414958284,0.0014122612592685768,-0.002996383455962115,-0.00042077023544784264
hmda_pa,mlp,cot_phi,5,0.2,1004.5,0.231,-0.003510490494901608,-0.01431809566240293,-0.0005026540724629491,-0.0011728959265670746,-0.001908734401575052
hmda_pa,mlp,cot_phi,5,0.3,1004.5,0.15908333333333333,-0.003510490494901608,-0.017155740939067708,-0.0013889039045633877,0.0012965564766931447,-0.00409093553109372
hmda_pa,mlp,cot_phi,10,0.1,1004.5,0.33608333333333335,-0.003510490494901608,-0.013644326899288017,0.0008979537499707258,-0.0013494051860782341,-1.1094988057280818e-05
hmda_pa,mlp,cot_phi,10,0.2,1004.5,0.2149166666666667,-0.003510490494901608,-0.01869828451592851,-0.0003789995266877177,0.002546684181454417,-0.0019640711629242747
hmda_pa,mlp,cot_phi,10,0.3,1004.5,0.14133333333333334,-0.003510490494901608,-0.019915640674874578,-0.0016513441045163612,0.006784957627118638,-0.002332082237011879
hmda_pa,mlp,cot_phi,25,0.1,1004.5,0.3903333333333333,-0.003510490494901608,-0.019259266415285248,0.0034373281333624273,-0.0008816768468545954,-3.874956827925047e-05
hmda_pa,mlp,cot_phi,25,0.2,1004.5,0.13341666666666666,-0.003510490494901608,-0.01881802091713597,-0.0018348775575996567,0.004241324978930772,-0.0037659363159973313
hmda_pa,mlp,cot_phi,25,0.3,1004.5,0.043833333333333335,-0.003510490494901608,-0.005911980176686071,-0.0033657538709623847,,-0.004810668331097811
hmda_pa,mlp,dralign,5,0.1,1004.5,0.41475,-0.012075281847893948,-0.03134484488776209,-0.00048750598306699364,-0.007828444816543456,-0.0011908644851565731
hmda_pa,mlp,dralign,5,0.2,1004.5,0.231,-0.012075281847893948,-0.03577159516802862,-0.005986658508200482,0.005634026609203047,-0.005188828772680121
hmda_pa,mlp,dralign,5,0.3,1004.5,0.15908333333333333,-0.012075281847893948,-0.04300659489318527,-0.006948959470066851,0.027001642601905185,-0.009564892243027635
hmda_pa,mlp,dralign,10,0.1,1004.5,0.33608333333333335,-0.012075281847893948,-0.037916285897654764,-0.0009941580803831673,0.004665090057452093,-0.0005951401459052819
hmda_pa,mlp,dralign,10,0.2,1004.5,0.2149166666666667,-0.012075281847893948,-0.04772211527927754,-0.004723322123040041,0.02006700334668604,-0.005591960955531816
hmda_pa,mlp,dralign,10,0.3,1004.5,0.14133333333333334,-0.012075281847893948,-0.05691068317607299,-0.006878531361376938,0.05796716101694914,-0.009801256255481705
hmda_pa,mlp,dralign,25,0.1,1004.5,0.3903333333333333,-0.012075281847893948,-0.04518669835940462,0.0038249054453448504,0.0015977805388185829,-0.00037963345154761184
hmda_pa,mlp,dralign,25,0.2,1004.5,0.13341666666666666,-0.012075281847893948,-0.05113403057119871,-0.007334022930997652,0.07505038291011688,-0.01294894565767114
hmda_pa,mlp,dralign,25,0.3,1004.5,0.043833333333333335,-0.012075281847893948,-0.05789700495582856,-0.0103823100726959,,-0.01661004816237448
hmda_pa,mlp,erm_refit,5,0.1,1004.5,0.41475,0.0,0.0,0.0,0.0,0.0
hmda_pa,mlp,erm_refit,5,0.2,1004.5,0.231,0.0,0.0,0.0,0.0,0.0
hmda_pa,mlp,erm_refit,5,0.3,1004.5,0.15908333333333333,0.0,0.0,0.0,0.0,0.0
hmda_pa,mlp,erm_refit,10,0.1,1004.5,0.33608333333333335,0.0,0.0,0.0,0.0,0.0
hmda_pa,mlp,erm_refit,10,0.2,1004.5,0.2149166666666667,0.0,0.0,0.0,0.0,0.0
hmda_pa,mlp,erm_refit,10,0.3,1004.5,0.14133333333333334,0.0,0.0,0.0,0.0,0.0
hmda_pa,mlp,erm_refit,25,0.1,1004.5,0.3903333333333333,0.0,0.0,0.0,0.0,0.0
hmda_pa,mlp,erm_refit,25,0.2,1004.5,0.13341666666666666,0.0,0.0,0.0,0.0,0.0
hmda_pa,mlp,erm_refit,25,0.3,1004.5,0.043833333333333335,0.0,0.0,0.0,,0.0
hmda_pa,mlp,hifi_shared,5,0.1,1004.5,0.41475,0.0004152497766026886,0.0018419288564846426,-0.0005980760644924921,0.0003988427853596099,4.264181580709847e-05
hmda_pa,mlp,hifi_shared,5,0.2,1004.5,0.231,0.0004152497766026886,0.002392029044978283,-0.00027545107234128174,-0.00048471470635312873,9.911413662208046e-05
hmda_pa,mlp,hifi_shared,5,0.3,1004.5,0.15908333333333333,0.0004152497766026886,0.002986772635890511,-0.00020103641939234196,-0.0009383326254006286,0.0003813598803885654
hmda_pa,mlp,hifi_shared,10,0.1,1004.5,0.33608333333333335,0.0004152497766026886,0.002488677352239532,-0.0008411101717551217,0.0003054244619435487,-1.047167412145944e-05
hmda_pa,mlp,hifi_shared,10,0.2,1004.5,0.2149166666666667,0.0004152497766026886,0.0033739008538295145,-0.0005199094859546727,0.00017980894646696388,0.00011980556551987043
hmda_pa,mlp,hifi_shared,10,0.3,1004.5,0.14133333333333334,0.0004152497766026886,0.005066967156570457,-0.0003270968599550672,-0.0008951271186440734,0.00047263710467931874
hmda_pa,mlp,hifi_shared,25,0.1,1004.5,0.3903333333333333,0.0004152497766026886,0.002351025322720135,-0.00133577533893382,0.0006147969815145981,-1.3197316732771469e-05
hmda_pa,mlp,hifi_shared,25,0.2,1004.5,0.13341666666666666,0.0004152497766026886,0.00277795655671762,-0.00032113916021554446,-0.0016672162984133986,0.0005209388357584
hmda_pa,mlp,hifi_shared,25,0.3,1004.5,0.043833333333333335,0.0004152497766026886,0.00418686705451411,0.00013764095251135312,,0.0002646224846363565
hmda_pa,mlp,ltdd,5,0.1,1004.5,0.41475,-0.003765183879483791,-0.00676263748742747,-0.0020570701454665553,-0.004748358949071907,-1.9767729182174066e-05
hmda_pa,mlp,ltdd,5,0.2,1004.5,0.231,-0.003765183879483791,-0.00923155085020656,-0.0027268884878214215,-0.00287540000564952,-0.0015114420785999672
hmda_pa,mlp,ltdd,5,0.3,1004.5,0.15908333333333333,-0.003765183879483791,-0.009821505739999636,-0.0032159323438754827,0.0009340998808890832,-0.0026442455288423483
hmda_pa,mlp,ltdd,10,0.1,1004.5,0.33608333333333335,-0.003765183879483791,-0.008104286127713823,-0.0021550372429588126,-0.0034040765756008116,-0.00014074428670443062
hmda_pa,mlp,ltdd,10,0.2,1004.5,0.2149166666666667,-0.003765183879483791,-0.01211425083672606,-0.002360468644698732,0.003004068474774546,-0.00173487531208536
hmda_pa,mlp,ltdd,10,0.3,1004.5,0.14133333333333334,-0.003765183879483791,-0.01424403989383467,-0.002906769086764016,0.013669138418079107,-0.002703896455657073
hmda_pa,mlp,ltdd,25,0.1,1004.5,0.3903333333333333,-0.003765183879483791,-0.01176663155172194,0.0002531419750423147,-0.004050937143894329,-0.00013000760951669131
hmda_pa,mlp,ltdd,25,0.2,1004.5,0.13341666666666666,-0.003765183879483791,-0.01617457763475466,-0.002651354737551659,0.03178886812502291,-0.003338901625570234
hmda_pa,mlp,ltdd,25,0.3,1004.5,0.043833333333333335,-0.003765183879483791,-0.013415750915750946,-0.0036310878265237378,,-0.004417948220850254
hmda_pa,mlp,reweighing,5,0.1,1004.5,0.41475,-0.004034286903406637,-0.016206757799644998,0.003453991582621252,-0.004335497896763363,-0.00027378304917229367
hmda_pa,mlp,reweighing,5,0.2,1004.5,0.231,-0.004034286903406637,-0.018009684264828296,0.0002924124550298668,-0.0013439954427267309,-0.0016523898133174008
hmda_pa,mlp,reweighing,5,0.3,1004.5,0.15908333333333333,-0.004034286903406637,-0.02193938710707779,-0.0009575955475522591,0.005681976825352491,-0.003443212824194597
hmda_pa,mlp,reweighing,10,0.1,1004.5,0.33608333333333335,-0.004034286903406637,-0.01933632531808861,0.003222100532061589,-0.0017706476796306215,-0.00012877665913701986
hmda_pa,mlp,reweighing,10,0.2,1004.5,0.2149166666666667,-0.004034286903406637,-0.02565646945195278,0.0009250067165987974,0.005320638980305148,-0.001744872787349816
hmda_pa,mlp,reweighing,10,0.3,1004.5,0.14133333333333334,-0.004034286903406637,-0.03114104317934684,-0.0007411797719882873,0.02106744350282485,-0.0032379017695919666
hmda_pa,mlp,reweighing,25,0.1,1004.5,0.3903333333333333,-0.004034286903406637,-0.026581544761893904,0.006956653368948762,-0.003047732832124894,-0.0001075440916736392
hmda_pa,mlp,reweighing,25,0.2,1004.5,0.13341666666666666,-0.004034286903406637,-0.030188254223652476,-0.0005480940727746519,0.033727236085156265,-0.004891779944131547
hmda_pa,mlp,reweighing,25,0.3,1004.5,0.043833333333333335,-0.004034286903406637,-0.03149644473173887,-0.0029059427019347607,,-0.004844871130053052
hmda_pa,mlp,soft,5,0.1,1004.5,0.41475,-0.008482197577107765,-0.028665636138625362,0.003688154503546548,-0.01036831345301742,-0.0006687140386177238
hmda_pa,mlp,soft,5,0.2,1004.5,0.231,-0.008482197577107765,-0.03048479945599285,-0.00173750649163672,-0.009245241967267847,-0.0023028328644029705
hmda_pa,mlp,soft,5,0.3,1004.5,0.15908333333333333,-0.008482197577107765,-0.03320312646788044,-0.0035259431438994125,0.0027818785068659535,-0.005997229998955089
hmda_pa,mlp,soft,10,0.1,1004.5,0.33608333333333335,-0.008482197577107765,-0.029421264576111626,0.0023730359077985597,-0.010846458878934252,-0.0007649308620182316
hmda_pa,mlp,soft,10,0.2,1004.5,0.2149166666666667,-0.008482197577107765,-0.03708926643101955,-0.0011643879376437628,-0.004269374573541218,-0.003234496601753745
hmda_pa,mlp,soft,10,0.3,1004.5,0.14133333333333334,-0.008482197577107765,-0.0395825294936102,-0.0034759224009350055,0.012227048022598852,-0.005724552442862396
hmda_pa,mlp,soft,25,0.1,1004.5,0.3903333333333333,-0.008482197577107765,-0.03214150371297727,0.005283748036684244,-0.013144756736449825,-0.0005158185284711014
hmda_pa,mlp,soft,25,0.2,1004.5,0.13341666666666666,-0.008482197577107765,-0.041563958165728096,-0.0027378902602921973,0.028632149792972034,-0.007482807716058981
hmda_pa,mlp,soft,25,0.3,1004.5,0.043833333333333335,-0.008482197577107765,-0.04502531781943546,-0.006291453107618217,,-0.008241114496365021
hmda_va,mlp,cot_phi,5,0.1,1004.5,0.34491666666666665,-0.005897011417968201,-0.01910667061072572,0.0005723986670974291,-0.0063096947122246675,-5.084053428150437e-06
hmda_va,mlp,cot_phi,5,0.2,1004.5,0.17016666666666666,-0.005897011417968201,-0.02343143793070185,-0.0024446708150750785,-0.004456714427036735,-0.00047299695109418447
hmda_va,mlp,cot_phi,5,0.3,1004.5,0.11658333333333333,-0.005897011417968201,-0.030553869011478763,-0.00321299721225502,0.001984314536377857,-0.0025339152774257025
hmda_va,mlp,cot_phi,10,0.1,1004.5,0.25883333333333336,-0.005897011417968201,-0.032725941293015114,0.0018362595526125402,9.134481144252859e-05,-7.17587172749723e-05
hmda_va,mlp,cot_phi,10,0.2,1004.5,0.15775,-0.005897011417968201,-0.03986186094200038,-0.001235355930413684,0.003799301926861892,-0.0008090943712334875
hmda_va,mlp,cot_phi,10,0.3,1004.5,0.10466666666666666,-0.005897011417968201,-0.04577315301120453,-0.0026612537600743335,0.001742822582635964,-0.004660700346125013
hmda_va,mlp,cot_phi,25,0.1,1004.5,0.30633333333333335,-0.005897011417968201,-0.04780638536323274,0.005272074822334216,-0.0014600687109499356,-6.973021094835996e-06
hmda_va,mlp,cot_phi,25,0.2,1004.5,0.10233333333333335,-0.005897011417968201,-0.060327107887579334,-0.0023344250210136086,0.010357958872810363,-0.005190458393591291
hmda_va,mlp,cot_phi,25,0.3,1004.5,0.03158333333333333,-0.005897011417968201,-0.09516256157635473,-0.004772464805180643,0.013497942386831269,-0.007945046526075883
hmda_va,mlp,dralign,5,0.1,1004.5,0.34491666666666665,-0.012097006779856857,-0.036955068631043544,0.00012863671464407033,-0.010250918169041922,-0.0001011551320013404
hmda_va,mlp,dralign,5,0.2,1004.5,0.17016666666666666,-0.012097006779856857,-0.04500508208937487,-0.006099650204803108,-0.00015971914026380318,-0.0016247487195244713
hmda_va,mlp,dralign,5,0.3,1004.5,0.11658333333333333,-0.012097006779856857,-0.05313578148103175,-0.0074949308484687505,0.012779886568398647,-0.006011354831286531
hmda_va,mlp,dralign,10,0.1,1004.5,0.25883333333333336,-0.012097006779856857,-0.05847373443004174,0.0013284942184387915,0.006318348529476547,-0.0002462776520374188
hmda_va,mlp,dralign,10,0.2,1004.5,0.15775,-0.012097006779856857,-0.06621081202962736,-0.004608233343039792,0.02054814699636231,-0.0033815877982846577
hmda_va,mlp,dralign,10,0.3,1004.5,0.10466666666666666,-0.012097006779856857,-0.06857602415966386,-0.006992095048167291,0.03372460440889678,-0.010128193435580236
hmda_va,mlp,dralign,25,0.1,1004.5,0.30633333333333335,-0.012097006779856857,-0.07809036611470134,0.0066846028476169606,0.002321852753192999,-3.543823049561024e-05
hmda_va,mlp,dralign,25,0.2,1004.5,0.10233333333333335,-0.012097006779856857,-0.08940126926563914,-0.006391570797289603,0.038758568164508775,-0.01123152586622469
hmda_va,mlp,dralign,25,0.3,1004.5,0.03158333333333333,-0.012097006779856857,-0.12717241379310346,-0.0102191939766219,0.004362139917695467,-0.017063471219254632
hmda_va,mlp,erm_refit,5,0.1,1004.5,0.34491666666666665,0.0,0.0,0.0,0.0,0.0
hmda_va,mlp,erm_refit,5,0.2,1004.5,0.17016666666666666,0.0,0.0,0.0,0.0,0.0
hmda_va,mlp,erm_refit,5,0.3,1004.5,0.11658333333333333,0.0,0.0,0.0,0.0,0.0
hmda_va,mlp,erm_refit,10,0.1,1004.5,0.25883333333333336,0.0,0.0,0.0,0.0,0.0
hmda_va,mlp,erm_refit,10,0.2,1004.5,0.15775,0.0,0.0,0.0,0.0,0.0
hmda_va,mlp,erm_refit,10,0.3,1004.5,0.10466666666666666,0.0,0.0,0.0,0.0,0.0
hmda_va,mlp,erm_refit,25,0.1,1004.5,0.30633333333333335,0.0,0.0,0.0,0.0,0.0
hmda_va,mlp,erm_refit,25,0.2,1004.5,0.10233333333333335,0.0,0.0,0.0,0.0,0.0
hmda_va,mlp,erm_refit,25,0.3,1004.5,0.03158333333333333,0.0,0.0,0.0,-1.7347234759768072e-19,0.0
hmda_va,mlp,hifi_shared,5,0.1,1004.5,0.34491666666666665,0.0005781619110216795,0.00043924750884106746,0.0008982849562089501,0.0001400242100177973,-3.067963275638075e-06
hmda_va,mlp,hifi_shared,5,0.2,1004.5,0.17016666666666666,0.0005781619110216795,0.0004438963896892578,0.000809992895250422,-0.0007609840999868833,-4.963397982827855e-05
hmda_va,mlp,hifi_shared,5,0.3,1004.5,0.11658333333333333,0.0005781619110216795,0.0005892983421073694,0.0007309843381094639,0.0007281481700292358,-7.391906476652554e-05
hmda_va,mlp,hifi_shared,10,0.1,1004.5,0.25883333333333336,0.0005781619110216795,-0.001011522964781908,0.0012949857169617495,0.0005840525521332518,-3.3993253379793754e-05
hmda_va,mlp,hifi_shared,10,0.2,1004.5,0.15775,0.0005781619110216795,-0.0003431141061803089,0.0008709930189752524,0.0019023106793732759,4.793869347741176e-06
hmda_va,mlp,hifi_shared,10,0.3,1004.5,0.10466666666666666,0.0005781619110216795,0.0004010197829131257,0.0006586604435901422,0.004655755511120976,7.53848754980635e-05
hmda_va,mlp,hifi_shared,25,0.1,1004.5,0.30633333333333335,0.0005781619110216795,-0.0010438019056139946,0.0013491019499805913,0.001210964234656564,-3.6871043049302445e-05
hmda_va,mlp,hifi_shared,25,0.2,1004.5,0.10233333333333335,0.0005781619110216795,0.0003289211242066936,0.0006554459895212639,0.008899466869763905,-1.2040753318920405e-05
hmda_va,mlp,hifi_shared,25,0.3,1004.5,0.03158333333333333,0.0005781619110216795,0.00415763546798027,0.0005202627416972083,0.0028806584362139937,0.0006437988934063221
hmda_va,mlp,ltdd,5,0.1,1004.5,0.34491666666666665,-0.006655549116759729,-0.016846813038352983,-0.0009804011997630257,-0.008220172544412485,9.53698298244654e-05
hmda_va,mlp,ltdd,5,0.2,1004.5,0.17016666666666666,-0.006655549116759729,-0.019943600691779296,-0.004120494142913789,-0.006699922892498289,-0.0004537384259509225
hmda_va,mlp,ltdd,5,0.3,1004.5,0.11658333333333333,-0.006655549116759729,-0.025487331871397255,-0.0046433687539576,-0.0006411913272088177,-0.0026108081837723065
hmda_va,mlp,ltdd,10,0.1,1004.5,0.25883333333333336,-0.006655549116759729,-0.028253255902020668,-0.00015439540411439357,-0.0011689658574886908,-0.00010826677766502257
hmda_va,mlp,ltdd,10,0.2,1004.5,0.15775,-0.006655549116759729,-0.03222230730941533,-0.0031231383070674523,0.001444430350223197,-0.000891774293171721
hmda_va,mlp,ltdd,10,0.3,1004.5,0.10466666666666666,-0.006655549116759729,-0.03480610994397759,-0.004292890786275982,0.01091238983929498,-0.004018368305214681
hmda_va,mlp,ltdd,25,0.1,1004.5,0.30633333333333335,-0.006655549116759729,-0.04058138198074053,0.002999937951403564,-0.0016880875209752456,-5.349166867230082e-06
hmda_va,mlp,ltdd,25,0.2,1004.5,0.10233333333333335,-0.006655549116759729,-0.05136464188576613,-0.003809024105322134,0.02194973343488195,-0.004315767807911241
hmda_va,mlp,ltdd,25,0.3,1004.5,0.03158333333333333,-0.006655549116759729,-0.07838423645320201,-0.005827966046492372,0.010123456790123463,-0.007388622946258539
hmda_va,mlp,reweighing,5,0.1,1004.5,0.34491666666666665,-0.004451953818025623,-0.01574933444002451,0.001246486789495349,-0.005542653000724651,2.980307182012254e-05
hmda_va,mlp,reweighing,5,0.2,1004.5,0.17016666666666666,-0.004451953818025623,-0.018971782170604367,-0.0014176940213965871,-0.004324193656358411,-8.698794502877138e-05
hmda_va,mlp,reweighing,5,0.3,1004.5,0.11658333333333333,-0.004451953818025623,-0.02350264648528182,-0.002187079372878542,0.0020012074262251377,-0.0017705518670931065
hmda_va,mlp,reweighing,10,0.1,1004.5,0.25883333333333336,-0.004451953818025623,-0.029227968415927518,0.0028475106885475386,-0.00025755415922257274,-4.3662252746778926e-05
hmda_va,mlp,reweighing,10,0.2,1004.5,0.15775,-0.004451953818025623,-0.032098292725470455,-0.00047331075763795694,0.0057617631052388095,-0.0009612185519306427
hmda_va,mlp,reweighing,10,0.3,1004.5,0.10466666666666666,-0.004451953818025623,-0.03350074404761909,-0.0018936370477252496,0.014227702485867341,-0.0038133531848602133
hmda_va,mlp,reweighing,25,0.1,1004.5,0.30633333333333335,-0.004451953818025623,-0.042665231812163404,0.005925252124130298,-0.0018560712947560455,-1.337291716815292e-05
hmda_va,mlp,reweighing,25,0.2,1004.5,0.10233333333333335,-0.004451953818025623,-0.04486600181323663,-0.001667846547456453,0.022467631378522472,-0.00450791071534965
hmda_va,mlp,reweighing,25,0.3,1004.5,0.03158333333333333,-0.004451953818025623,-0.07091625615763546,-0.0036647165039670805,0.0059259259259259265,-0.006218656300654513
hmda_va,mlp,soft,5,0.1,1004.5,0.34491666666666665,-0.01476822082275101,-0.04086235822358394,-0.002236538222361606,-0.020569752025736167,-0.0002814637165131972
hmda_va,mlp,soft,5,0.2,1004.5,0.17016666666666666,-0.01476822082275101,-0.04707482764936238,-0.008067048501829266,-0.02548028552089716,-0.001455641557733367
hmda_va,mlp,soft,5,0.3,1004.5,0.11658333333333333,-0.01476822082275101,-0.05576548068887188,-0.009906647451179884,-0.020010781910022746,-0.005126498381690836
hmda_va,mlp,soft,10,0.1,1004.5,0.25883333333333336,-0.01476822082275101,-0.05514479953396949,-0.0017103970013845893,-0.028651220695026756,-0.0006450046393853715
hmda_va,mlp,soft,10,0.2,1004.5,0.15775,-0.01476822082275101,-0.06971363905161819,-0.006304502786556088,-0.03223718937586698,-0.0029552772097923507
hmda_va,mlp,soft,10,0.3,1004.5,0.10466666666666666,-0.01476822082275101,-0.08249956232493,-0.008577321146567085,-0.010281665802661133,-0.009419025428561666
hmda_va,mlp,soft,25,0.1,1004.5,0.30633333333333335,-0.01476822082275101,-0.07518634990376517,0.003238585126537774,-0.03456570802887086,-2.0728021610649795e-05
hmda_va,mlp,soft,25,0.2,1004.5,0.10233333333333335,-0.01476822082275101,-0.10148250226654579,-0.00826990796929843,-0.010369383092155366,-0.007647584537137819
hmda_va,mlp,soft,25,0.3,1004.5,0.03158333333333333,-0.01476822082275101,-0.17635467980295566,-0.012232132783495775,0.0014814814814814766,-0.014944004049149884
