task,arch,group,k,seed,n_new,new_rate,S_new,S_matched,flag_new_01,flag_new_02,flag_new_03,flag_matched_02,new_denied_positive,new_protected
acs_employment_age,mlp,erm_refit,5,1004.5,258.5888888888889,0.027003852223150465,0.007448425620201017,0.0458221951430956,0.4386335507538052,0.3541458680648996,0.2907732281890238,0.3743121346189171,0.49695932472638077,0.7897425137081222
acs_employment_age,mlp,erm_refit,10,1004.5,258.5888888888889,0.027003852223150465,0.014306580475164598,0.04489368089747716,0.4276746136768151,0.36755793984452007,0.3158096648256287,0.3674286943563639,0.49695932472638077,0.7897425137081222
acs_employment_age,mlp,erm_refit,25,1004.5,258.5888888888889,0.027003852223150465,0.006659474855157321,0.03808870713114196,0.41955159727709523,0.32523475232932786,0.22070787620380242,0.34517345158383134,0.49695932472638077,0.7897425137081222
acs_employment_age,mlp,soft,5,1004.5,405.4,0.042335004177109434,0.2597661821916606,0.23067791477455996,0.676038154056859,0.6098483371411618,0.545075403817058,0.566681350426321,0.19388560815410308,0.7569643625953517
acs_employment_age,mlp,soft,10,1004.5,405.4,0.042335004177109434,0.2603440455575271,0.22441680099285702,0.7003255215080155,0.6202274852309293,0.5625140604537904,0.5503523623732841,0.19388560815410308,0.7569643625953517
acs_employment_age,mlp,soft,25,1004.5,405.4,0.042335004177109434,0.24722910014441785,0.21275761188413558,0.7923611500629745,0.6148382459213766,0.48080363679513305,0.5646727405812031,0.19388560815410308,0.7569643625953517
acs_employment_sex,mlp,cot_phi,5,1004.5,226.3,0.023631996658312445,0.02582995546944964,0.014673055776445811,0.4303136713080179,0.3156240291913585,0.2197986578471233,0.30237979711622487,0.688455695222408,0.49035230317419193
acs_employment_sex,mlp,cot_phi,10,1004.5,226.3,0.023631996658312445,0.007419722935191483,0.011029362572564039,0.33043383458175024,0.24426076439566743,0.17296386842467087,0.23772178073982256,0.688455695222408,0.49035230317419193
acs_employment_sex,mlp,cot_phi,25,1004.5,226.3,0.023631996658312445,0.0179608354615969,0.028044613382856975,0.34927084684920656,0.20479491600261834,0.09669122290735835,0.19219585341666998,0.688455695222408,0.49035230317419193
acs_employment_sex,mlp,erm_refit,5,1004.5,235.72222222222223,0.024615937993130974,0.005366447439290975,0.0024359525128531336,0.41036751513323166,0.321840570990664,0.21458738229088392,0.3062114524325543,0.4988824175585537,0.5688030088565506
acs_employment_sex,mlp,erm_refit,10,1004.5,235.72222222222223,0.024615937993130974,0.0010050728666588615,-0.007097354173614289,0.3381299872560391,0.2520044889558921,0.17379398695931267,0.22694227848319923,0.4988824175585537,0.5688030088565506
acs_employment_sex,mlp,erm_refit,25,1004.5,235.72222222222223,0.024615937993130974,0.0006418202793981033,0.003482757245767767,0.33052324664452987,0.1918754226292328,0.08782536549703737,0.1783043498207998,0.4988824175585537,0.5688030088565506
acs_employment_sex,mlp,hifi,5,1004.5,375.7,0.03923350041771094,-0.02311497653930734,-0.011484515649919506,0.36402632440694105,0.2749864011917086,0.1854314982749569,0.28522235683129554,0.6372237678218653,0.581758961177483
acs_employment_sex,mlp,hifi,10,1004.5,375.7,0.03923350041771094,-0.02594172231855007,-0.018187335624081542,0.2961449233990079,0.20864433508756997,0.14046519974834015,0.21504225569135685,0.6372237678218653,0.581758961177483
acs_employment_sex,mlp,hifi,25,1004.5,375.7,0.03923350041771094,-0.015719915344935692,-0.012791609774352942,0.2930266964209593,0.16200845103537814,0.07026891241782347,0.15283495297237312,0.6372237678218653,0.581758961177483
acs_employment_sex,mlp,hifi_shared,5,1004.5,222.6,0.02324561403508772,-0.029892222698708847,-0.037515466772431165,0.3584259270558755,0.25991318065223,0.16937282847065613,0.2582329069847171,0.7922881276485852,0.5739768117410372
acs_employment_sex,mlp,hifi_shared,10,1004.5,222.6,0.02324561403508772,-0.03699218343429187,-0.04495904826651369,0.2872284347658731,0.1989736638196543,0.13145219648076273,0.1879044740618085,0.7922881276485852,0.5739768117410372
acs_employment_sex,mlp,hifi_shared,25,1004.5,222.6,0.02324561403508772,-0.03538953229374861,-0.03479405338380201,0.2671928528990177,0.15284009296125114,0.06654474760600225,0.11824021647120428,0.7922881276485852,0.5739768117410372
acs_employment_sex,mlp,ltdd,5,1004.5,241.8,0.02525062656641604,-0.0009323135035883424,-0.05560038072237581,0.3896209441661445,0.2927753095759002,0.1851584690086026,0.25486787010686357,0.6848115936004208,0.5974217823927986
acs_employment_sex,mlp,ltdd,10,1004.5,241.8,0.02525062656641604,-0.008526310143855142,-0.06001193745762205,0.31907953692238855,0.2262265616579381,0.1462811985286881,0.17603791919583364,0.6848115936004208,0.5974217823927986
acs_employment_sex,mlp,ltdd,25,1004.5,241.8,0.02525062656641604,-0.012702555162547707,-0.04636958063252622,0.29358399173281136,0.16911026113631122,0.08097948572450057,0.11593697420879953,0.6848115936004208,0.5974217823927986
acs_employment_sex,mlp,reweighing,5,1004.5,246.2,0.025710108604845443,0.019164896596644814,-0.007254955659808745,0.42062854307043124,0.31050314325561956,0.21038902532930645,0.28726771254999334,0.7250201086146535,0.47054704528630487
acs_employment_sex,mlp,reweighing,10,1004.5,246.2,0.025710108604845443,0.010121726298148141,-0.01523606634630712,0.3372541311031002,0.24660952492877874,0.17072884923977355,0.20376605263570755,0.7250201086146535,0.47054704528630487
acs_employment_sex,mlp,reweighing,25,1004.5,246.2,0.025710108604845443,0.017108281803428056,0.003606703699964649,0.33532845762953734,0.20090706591427515,0.1016739219168066,0.145898701781986,0.7250201086146535,0.47054704528630487
acs_employment_sex,mlp,soft,5,1004.5,365.5,0.038168337510442775,0.0837203606607095,0.017928409870297386,0.491512118817366,0.4024850783634853,0.2725645759823402,0.3322577665165029,0.2720240072384594,0.5111553336046579
acs_employment_sex,mlp,soft,10,1004.5,365.5,0.038168337510442775,0.0703395723794599,0.002520040386764843,0.4220785950620618,0.3248649712656365,0.23295287095908948,0.24621603063475125,0.2720240072384594,0.5111553336046579
acs_employment_sex,mlp,soft,25,1004.5,365.5,0.038168337510442775,0.07343544164524614,0.0066806863955213265,0.4429031962088092,0.2818077579377609,0.1544111985920701,0.18243639593720362,0.2720240072384594,0.5111553336046579
acs_income,ft,cot_phi,5,1004.5,159.4,0.02414785638539615,0.10503660768475838,0.08726937061466607,0.5055602588106015,0.4143493459603043,0.29798247951197043,0.3729864580611423,0.5935860577255692,0.4381992905796309
acs_income,ft,cot_phi,10,1004.5,159.4,0.02414785638539615,0.10905058764251115,0.0900963568664083,0.5137704161268404,0.4015050754334494,0.27893274627033976,0.3552127706277835,0.5935860577255692,0.4381992905796309
acs_income,ft,cot_phi,25,1004.5,159.4,0.02414785638539615,0.09504283457775412,0.07611355122344167,0.5220895601341042,0.30000097068745063,0.1710294530321291,0.28454067278254724,0.5935860577255692,0.4381992905796309
acs_income,ft,erm_refit,5,1004.5,159.15555555555557,0.02411082495918127,0.011049685807767249,0.013985987506328536,0.3976433137236763,0.3136178263074357,0.21355606377053962,0.3089102384095511,0.49973293810245895,0.4672945404970204
acs_income,ft,erm_refit,10,1004.5,159.15555555555557,0.02411082495918127,0.010890672095627685,0.017559161880872223,0.3492352732035705,0.2610756865320641,0.1723176471018638,0.2750598961923994,0.49973293810245895,0.4672945404970204
acs_income,ft,erm_refit,25,1004.5,159.15555555555557,0.02411082495918127,0.003516961898805721,0.005629776337315735,0.3332146015132529,0.17909739626096785,0.0981069997727668,0.18507064339613113,0.49973293810245895,0.4672945404970204
acs_income,ft,hifi,5,1004.5,303.2,0.0459324344796243,0.01742006347775389,0.02969488832319151,0.388742390793986,0.3041607741715229,0.2063267484930396,0.3187497619560732,0.5279855472235451,0.48161158743174254
acs_income,ft,hifi,10,1004.5,303.2,0.0459324344796243,0.022190227868372013,0.029130807298221078,0.3614005999679476,0.26731043803884547,0.17851563962007547,0.2738348943999419,0.5279855472235451,0.48161158743174254
acs_income,ft,hifi,25,1004.5,303.2,0.0459324344796243,0.015278751674840354,0.017606604627280777,0.34525804654596376,0.17991236011603448,0.09774974764031436,0.19942422523130254,0.5279855472235451,0.48161158743174254
acs_income,ft,hifi_shared,5,1004.5,117.2,0.017754885623390396,0.06825789905592075,0.03904018014944415,0.4625756472453861,0.37507393155393554,0.258627610011063,0.33761410385570645,0.5896980745954943,0.4648105711721902
acs_income,ft,hifi_shared,10,1004.5,117.2,0.017754885623390396,0.06417585236242579,0.0453441517641836,0.433948468617596,0.3330812410239205,0.22591343426584976,0.31344557872157897,0.5896980745954943,0.4648105711721902
acs_income,ft,hifi_shared,25,1004.5,117.2,0.017754885623390396,0.045641246146397016,0.02895920781821005,0.414421377255655,0.2329725345677643,0.13685853054827363,0.22442516086968595,0.5896980745954943,0.4648105711721902
acs_income,ft,reweighing,5,1004.5,149.1,0.02258748674443266,0.12869629785187123,0.08497887311939159,0.5281360974896185,0.4231209026509858,0.30750541449886787,0.39449785195821335,0.5862836737495642,0.4440079992639728
acs_income,ft,reweighing,10,1004.5,149.1,0.02258748674443266,0.1273303616342651,0.08925226717712731,0.5227393320075986,0.4118538658966111,0.2823459139748108,0.3505061757664734,0.5862836737495642,0.4440079992639728
acs_income,ft,reweighing,25,1004.5,149.1,0.02258748674443266,0.11041779018876197,0.08111058696818088,0.5405441846623916,0.32325914706484565,0.1868497044606362,0.25701723609426963,0.5862836737495642,0.4440079992639728
acs_income,ft,soft,5,1004.5,235.6,0.03569156188456295,0.1204508206773958,0.07929759697425576,0.5319715116738883,0.4260718136302173,0.32059605228090515,0.3713845534132439,0.506590151953564,0.49055517834068796
acs_income,ft,soft,10,1004.5,235.6,0.03569156188456295,0.11821292271780406,0.08128352678755578,0.5136739127551041,0.4100196675340907,0.2887338173558988,0.3473811397137398,0.506590151953564,0.49055517834068796
acs_income,ft,soft,25,1004.5,235.6,0.03569156188456295,0.10228535843929465,0.06896800574203875,0.5258177349118889,0.32920495899335445,0.18996735120627434,0.2593115192174276,0.506590151953564,0.49055517834068796
acs_income,mlp,cot_phi,5,1004.5,164.3,0.02489016815633995,0.11415965000810302,0.11634703037294106,0.5031366925142974,0.42514504640098727,0.3193099323328178,0.39635090648149374,0.5803143348552393,0.45922434565878606
acs_income,mlp,cot_phi,10,1004.5,164.3,0.02489016815633995,0.1256609439055315,0.11679449403167627,0.5256784612862799,0.4115282194038171,0.2922273506401839,0.4040107816259807,0.5803143348552393,0.45922434565878606
acs_income,mlp,cot_phi,25,1004.5,164.3,0.02489016815633995,0.115806354442112,0.10250521783725752,0.5541103307951301,0.31227289813213177,0.18699746960423705,0.31601806054875425,0.5803143348552393,0.45922434565878606
acs_income,mlp,dralign,5,1004.5,295.4,0.0447507953340403,0.11346064459013869,0.17376400501004172,0.5000568168212991,0.4041888593500779,0.3016395634056522,0.4823240280031317,0.5069536946633473,0.48612881547132336
acs_income,mlp,dralign,10,1004.5,295.4,0.0447507953340403,0.1143093494593777,0.16593566879108076,0.508054780956414,0.38751516065876646,0.26048070899047265,0.44969395101343324,0.5069536946633473,0.48612881547132336
acs_income,mlp,dralign,25,1004.5,295.4,0.0447507953340403,0.10987931070693399,0.1384976553021159,0.537260135730338,0.311943787072817,0.16007421760068222,0.3631870876394058,0.5069536946633473,0.48612881547132336
acs_income,mlp,erm_refit,5,1004.5,129.74444444444444,0.01965527108687236,-0.006382377679022182,0.014629447763815454,0.36314909172221427,0.2788757920628576,0.19850665951842064,0.3127546603616848,0.5112540113123448,0.5094645536092085
acs_income,mlp,erm_refit,10,1004.5,129.74444444444444,0.01965527108687236,0.011594983990208058,0.019035639239267616,0.34544301652489606,0.2627029705009772,0.17704512489306418,0.272310806589693,0.5112540113123448,0.5094645536092085
acs_income,mlp,erm_refit,25,1004.5,129.74444444444444,0.01965527108687236,0.004906497603719204,0.011479542461636535,0.33564948992234317,0.17946196153508195,0.09604343198303725,0.18690189786407801,0.5112540113123448,0.5094645536092085
acs_income,mlp,hifi,5,1004.5,529.0,0.08013937282229965,-0.0012659093550662116,0.05698558913564309,0.3619352435726151,0.28569331402037534,0.1910298615034415,0.3433237087968711,0.48676481336404526,0.5086578022308827
acs_income,mlp,hifi,10,1004.5,529.0,0.08013937282229965,0.008098600042283933,0.055820600075075125,0.33667507626793564,0.23744089258199982,0.1611819243674249,0.3004848528097793,0.48676481336404526,0.5086578022308827
acs_income,mlp,hifi,25,1004.5,529.0,0.08013937282229965,0.01244716288132692,0.0423300777173362,0.3463841618035399,0.179799314294994,0.08218574571239319,0.21827036114993575,0.48676481336404526,0.5086578022308827
acs_income,mlp,hifi_shared,5,1004.5,78.5,0.011892137554915921,0.045423833450448724,0.04930268333873145,0.4264468786708949,0.36004905339959636,0.27035835148061377,0.3298711388901959,0.5989631851997409,0.505671103476157
acs_income,mlp,hifi_shared,10,1004.5,78.5,0.011892137554915921,0.06326330138285854,0.06204001424152099,0.44006584499686535,0.3499928926883405,0.2253118519907694,0.3217964431009753,0.5989631851997409,0.505671103476157
acs_income,mlp,hifi_shared,25,1004.5,78.5,0.011892137554915921,0.05384189900440454,0.05233976210174244,0.45023111605564925,0.22328482133955582,0.11864958682798991,0.23960166902810834,0.5989631851997409,0.505671103476157
acs_income,mlp,ltdd,5,1004.5,189.5,0.028707771549765188,0.11902798404676815,0.10931879760497912,0.5156781429321131,0.4243456702767663,0.3254997910681466,0.40122724201788207,0.5040016998743823,0.5023933207548142
acs_income,mlp,ltdd,10,1004.5,189.5,0.028707771549765188,0.1302774853658833,0.11762172322951425,0.5405034595382159,0.4255376800715253,0.29863996859119635,0.3969626380274459,0.5040016998743823,0.5023933207548142
acs_income,mlp,ltdd,25,1004.5,189.5,0.028707771549765188,0.11971162259370902,0.10359454693742402,0.5552274556796355,0.3398294866653159,0.19567421011859232,0.30837051364366835,0.5040016998743823,0.5023933207548142
acs_income,mlp,mirrorfair,5,1004.5,207.5,0.031434631116497504,0.16750365396678998,0.12579708704646103,0.5801708145546034,0.47079377250232773,0.3496799649378862,0.4220163121480408,0.42265702149168166,0.5682786211462959
acs_income,mlp,mirrorfair,10,1004.5,207.5,0.031434631116497504,0.17031900352084323,0.12440114065886712,0.5972016948292193,0.46918356668685596,0.3361391363697344,0.41301177474979517,0.42265702149168166,0.5682786211462959
acs_income,mlp,mirrorfair,25,1004.5,207.5,0.031434631116497504,0.15348028030380678,0.09230835398848362,0.6366878136919637,0.39317338783749933,0.22820227325086268,0.264656779158939,0.42265702149168166,0.5682786211462959
acs_income,mlp,soft,5,1004.5,232.2,0.03517648841084684,0.10614417967860194,0.07611963721157042,0.4971012217754819,0.3991066306583722,0.31101520215840905,0.37183894792759403,0.5434331472409438,0.453828005970035
acs_income,mlp,soft,10,1004.5,232.2,0.03517648841084684,0.10594066937941474,0.08280782584273852,0.4928533335495563,0.37710902927126694,0.27141017804221607,0.3545039192534703,0.5434331472409438,0.453828005970035
acs_income,mlp,soft,25,1004.5,232.2,0.03517648841084684,0.09391592565171367,0.07509784410977577,0.5152923589247175,0.29721806127821554,0.16960215836333375,0.26010820022070447,0.5434331472409438,0.453828005970035
credit_broad,mlp,cot_phi,5,1004.5,45.3,0.007544970019986675,-0.021851647808869504,0.025363975821395233,0.33877199586394247,0.25094370158043405,0.1516578709999378,0.3019662971845939,0.5308566602632523,0.5473656430608722
credit_broad,mlp,cot_phi,10,1004.5,45.3,0.007544970019986675,0.012786025432987149,0.04229972773346462,0.376478049450926,0.17544588274477896,0.11548921805212789,0.24471097446155649,0.5308566602632523,0.5473656430608722
credit_broad,mlp,cot_phi,25,1004.5,45.3,0.007544970019986675,0.024956748473926333,0.030733655408360004,0.3018576586272777,0.1016709313583917,0.009503329416372896,0.13475056293709492,0.5308566602632523,0.5473656430608722
credit_broad,mlp,dralign,5,1004.5,105.6,0.01758827448367755,0.02236088486918073,0.014510689352146078,0.39833582203320245,0.288265630706197,0.18283973531015962,0.2756802551962306,0.816723794806552,0.658390686797506
credit_broad,mlp,dralign,10,1004.5,105.6,0.01758827448367755,0.03664369406445801,0.04212861072031955,0.3789229253007288,0.23274784103068855,0.16652575548850443,0.23552670187079028,0.816723794806552,0.658390686797506
credit_broad,mlp,dralign,25,1004.5,105.6,0.01758827448367755,0.025893086016944178,0.03546630103590405,0.32603071283018104,0.12388875882896695,0.015764347788786832,0.11926991188294742,0.816723794806552,0.658390686797506
credit_broad,mlp,erm_refit,5,1004.5,84.41111111111111,0.014059145754682064,0.0012270803593804147,-0.00329352184058855,0.3705297043300931,0.2705341033535055,0.16710461654267528,0.2637850989907052,0.46498377486383935,0.49970899155417753
credit_broad,mlp,erm_refit,10,1004.5,84.41111111111111,0.014059145754682064,0.012959828314701018,0.013716952877597688,0.32687648794477314,0.18363539253010272,0.11499823458084517,0.20344824325244942,0.46498377486383935,0.49970899155417753
credit_broad,mlp,erm_refit,25,1004.5,84.41111111111111,0.014059145754682064,0.009266329948149592,0.013765535578441172,0.25201517113227795,0.09347706425208985,0.011645064501840493,0.10720704920287208,0.46498377486383935,0.49970899155417753
credit_broad,mlp,hifi,5,1004.5,160.5,0.026732178547634912,-0.004308781658782028,0.007961065095634934,0.3517038368925495,0.25093095686040695,0.14736562176791712,0.24569537894048138,0.5101665515305676,0.5040867561058974
credit_broad,mlp,hifi,10,1004.5,160.5,0.026732178547634912,0.0017276921642059365,0.013132967253814506,0.29832891913452997,0.1654904905679881,0.10859647496816774,0.18951230899154717,0.5101665515305676,0.5040867561058974
credit_broad,mlp,hifi,25,1004.5,160.5,0.026732178547634912,0.004145198084535969,0.015341139984833326,0.23397455296687117,0.07012159901399544,0.00850257559351055,0.08848068890922292,0.5101665515305676,0.5040867561058974
credit_broad,mlp,hifi_shared,5,1004.5,41.2,0.006862091938707527,-0.016568442426053927,-0.004188402388839793,0.37744073938783357,0.27043472819637215,0.1425920592217353,0.25573345701265565,0.5381977504779453,0.5163351519682261
credit_broad,mlp,hifi_shared,10,1004.5,41.2,0.006862091938707527,0.012689286640531905,0.012414540974969409,0.36714684740174786,0.22512126478376437,0.14112774518727536,0.18736985783204738,0.5381977504779453,0.5163351519682261
credit_broad,mlp,hifi_shared,25,1004.5,41.2,0.006862091938707527,0.01520255443957629,0.012613427383146211,0.2830988191470947,0.083793379265616,0.004651162790697674,0.1030039527710741,0.5381977504779453,0.5163351519682261
credit_broad,mlp,ltdd,5,1004.5,68.3,0.011375749500333111,0.02588962195280444,0.003825480510350592,0.37279575482268545,0.28240423581674196,0.18704423325645042,0.2829462221524096,0.5615505125556158,0.5609177794341346
credit_broad,mlp,ltdd,10,1004.5,68.3,0.011375749500333111,0.03512345493189382,0.027811695781961958,0.38457822633179245,0.1958492665516153,0.14354363839281448,0.2360175685318485,0.5615505125556158,0.5609177794341346
credit_broad,mlp,ltdd,25,1004.5,68.3,0.011375749500333111,0.030098409723895457,0.02606018247946821,0.3178315727103233,0.12034304896543584,0.013557676257811523,0.12112230970642561,0.5615505125556158,0.5609177794341346
credit_broad,mlp,mirrorfair,5,1004.5,54.4,0.009060626249167222,0.014543258607915716,0.023876564307636284,0.3763084885972118,0.2953343534719532,0.1859536776037942,0.2699173841538288,0.3514339770673837,0.4071533948340436
credit_broad,mlp,mirrorfair,10,1004.5,54.4,0.009060626249167222,0.03649247090591633,0.03806387545404673,0.3919394323111554,0.21437663524097483,0.13811356732810381,0.21584749652287472,0.3514339770673837,0.4071533948340436
credit_broad,mlp,mirrorfair,25,1004.5,54.4,0.009060626249167222,0.03902266760316594,0.0369265667887202,0.3236379939473605,0.13519340261258317,0.013782553806062475,0.13186981933368763,0.3514339770673837,0.4071533948340436
credit_broad,mlp,soft,5,1004.5,103.0,0.017155229846768823,0.017030342423488654,-0.021125408332618698,0.3734100139619265,0.28091442596904664,0.1640816236899796,0.23865212272195793,0.07752943989781882,0.44645617499891666
credit_broad,mlp,soft,10,1004.5,103.0,0.017155229846768823,0.025406604856004857,0.005935875774958903,0.3382472227199155,0.2051800111542273,0.1317907161406739,0.20041712119506067,0.07752943989781882,0.44645617499891666
credit_broad,mlp,soft,25,1004.5,103.0,0.017155229846768823,0.023341891299676072,0.003276709610997259,0.27271422574832743,0.08588586772816982,0.017333089002362946,0.11726705278167678,0.07752943989781882,0.44645617499891666
hmda_md,mlp,cot_phi,5,1004.5,215.9,0.017991666666666666,0.04654996822735532,0.06455489282383083,0.46412976763015934,0.3554910774710977,0.2378619128207949,0.3464230508826258,0.4841119823584224,0.5173581752578252
hmda_md,mlp,cot_phi,10,1004.5,215.9,0.017991666666666666,0.07021485799809787,0.05976310891552805,0.4205401585118949,0.3164693753769071,0.20568525051788605,0.3042333064063337,0.4841119823584224,0.5173581752578252
hmda_md,mlp,cot_phi,25,1004.5,215.9,0.017991666666666666,0.06737154175068276,0.05094131463900414,0.45450264559642983,0.24423523794678811,0.09570852503190883,0.21136970691388735,0.4841119823584224,0.5173581752578252
hmda_md,mlp,dralign,5,1004.5,335.8,0.027983333333333332,0.11924952087538052,0.13300523971275635,0.5476576027437133,0.41376788638579604,0.2826305099054818,0.4188848503195903,0.609440211556662,0.36325246258205507
hmda_md,mlp,dralign,10,1004.5,335.8,0.027983333333333332,0.12383939480377122,0.13476144052504732,0.49267226196231756,0.37679089695348494,0.2520252085147251,0.39987371036858776,0.609440211556662,0.36325246258205507
hmda_md,mlp,dralign,25,1004.5,335.8,0.027983333333333332,0.11935894519506889,0.12369706415802757,0.5691401347400055,0.29161614145798453,0.10218242994672053,0.28391274259424487,0.609440211556662,0.36325246258205507
hmda_md,mlp,erm_refit,5,1004.5,218.2888888888889,0.01819074074074074,-0.020326564276855853,0.004194293543005575,0.3621753124217419,0.2678697951279558,0.17521164776325346,0.29438590691488264,0.5179232829665176,0.5062894074525415
hmda_md,mlp,erm_refit,10,1004.5,218.2888888888889,0.01819074074074074,-0.006738281890235731,0.004175875317275478,0.30080169971549425,0.21059971417301485,0.12531628214043053,0.23487970909586542,0.5179232829665176,0.5062894074525415
hmda_md,mlp,erm_refit,25,1004.5,218.2888888888889,0.01819074074074074,-0.005702195414810841,0.0038390132763312084,0.311745293624801,0.1477845689717026,0.04890730468166361,0.1558986765305375,0.5179232829665176,0.5062894074525415
hmda_md,mlp,hifi_shared,5,1004.5,147.2,0.012266666666666667,-0.03267682774461092,-0.006997638604112369,0.34770370975700376,0.2610319235221254,0.16440033423896042,0.28753072799978513,0.38119298549060765,0.5035371703996979
hmda_md,mlp,hifi_shared,10,1004.5,147.2,0.012266666666666667,-0.015460523877038381,-0.01054678899078627,0.29287599613984655,0.20459782404019572,0.12064734753258058,0.21872104058000366,0.38119298549060765,0.5035371703996979
hmda_md,mlp,hifi_shared,25,1004.5,147.2,0.012266666666666667,-0.014983963107637477,-0.008466487852264323,0.28034321478435364,0.1297024855226043,0.05010113179343839,0.14689598401497195,0.38119298549060765,0.5035371703996979
hmda_md,mlp,ltdd,5,1004.5,238.6,0.019883333333333333,0.008759552946885987,0.020813726535428963,0.41520361243817605,0.30573567686243097,0.20392105169328872,0.30596852442359135,0.5232005127566278,0.47167412594470737
hmda_md,mlp,ltdd,10,1004.5,238.6,0.019883333333333333,0.020726490458475435,0.018491695354157584,0.34081555717501477,0.2510663427653284,0.1566109061391662,0.2538400548483094,0.5232005127566278,0.47167412594470737
hmda_md,mlp,ltdd,25,1004.5,238.6,0.019883333333333333,0.020291545128476904,0.01847994813562919,0.37123550238553565,0.17561783477929985,0.06401704506686276,0.18252154261404477,0.5232005127566278,0.47167412594470737
hmda_md,mlp,reweighing,5,1004.5,219.6,0.0183,0.07963405864478865,0.10049460142885483,0.509069153083121,0.3826700033017615,0.25511938891840014,0.3920087850241464,0.4446841288634464,0.48243803314250905
hmda_md,mlp,reweighing,10,1004.5,219.6,0.0183,0.09263492051176887,0.09318802861072686,0.4498926464847372,0.34164269068106673,0.2271537425830374,0.34978208460111004,0.4446841288634464,0.48243803314250905
hmda_md,mlp,reweighing,25,1004.5,219.6,0.0183,0.08503546591073284,0.0833334271064315,0.49290958260538786,0.2518097126780626,0.09029022032180563,0.24544509191844574,0.4446841288634464,0.48243803314250905
hmda_md,mlp,soft,5,1004.5,344.0,0.028666666666666667,0.06249757796154028,0.028969231761025088,0.4680515483747798,0.34258982884236494,0.2333586466547147,0.3392834526116132,0.11485573790569045,0.5648839088514033
hmda_md,mlp,soft,10,1004.5,344.0,0.028666666666666667,0.07091810299335359,0.03910837018658732,0.41658537583714084,0.3233991958615656,0.22861012135286893,0.27655310797544175,0.11485573790569045,0.5648839088514033
hmda_md,mlp,soft,25,1004.5,344.0,0.028666666666666667,0.05966095130172443,0.032962854499642195,0.4361902491688471,0.24823770189697786,0.09282126826581052,0.16455542635875373,0.11485573790569045,0.5648839088514033
hmda_oh,ft,cot_phi,5,1004.5,119.6,0.009966666666666667,0.04518805868994672,0.037084733033806314,0.4267064242522373,0.3069027446149569,0.19848339275370275,0.32982300544184684,0.4685826017340554,0.20346738831641936
hmda_oh,ft,cot_phi,10,1004.5,119.6,0.009966666666666667,0.030339050276509644,0.02624981664813116,0.3132534195119374,0.2145600377183711,0.13970705929349547,0.22486655813560116,0.4685826017340554,0.20346738831641936
hmda_oh,ft,cot_phi,25,1004.5,119.6,0.009966666666666667,0.013872665126054149,0.02663164614031132,0.29738885995823366,0.12129952517237222,0.03635322869888381,0.15605416985656534,0.4685826017340554,0.20346738831641936
hmda_oh,ft,erm_refit,5,1004.5,138.23333333333332,0.011519444444444445,0.010380775087098714,0.013540669708213894,0.39016428141662707,0.2728483578252605,0.17093794592358363,0.2941658961130871,0.5037331353719591,0.13508947702795043
hmda_oh,ft,erm_refit,10,1004.5,138.23333333333332,0.011519444444444445,0.010872214738668314,0.00524124195258492,0.2966548729520769,0.20496310281253188,0.1338705776172714,0.19388885291329597,0.5037331353719591,0.13508947702795043
hmda_oh,ft,erm_refit,25,1004.5,138.23333333333332,0.011519444444444445,0.004714632487295581,0.007143035749371229,0.29002492466435764,0.10773418083701862,0.028885426410574372,0.12174504208928422,0.5037331353719591,0.13508947702795043
hmda_oh,ft,hifi,5,1004.5,584.5,0.04870833333333333,0.02115959638241092,0.023420982559664388,0.38662348809988056,0.27568356961756535,0.1806591887086823,0.2807767267233299,0.4546008398850631,0.1604213165537645
hmda_oh,ft,hifi,10,1004.5,584.5,0.04870833333333333,0.014568707292173222,0.022046008411355622,0.3053070811141824,0.2069438945345968,0.1320852261581214,0.19540809187224745,0.4546008398850631,0.1604213165537645
hmda_oh,ft,hifi,25,1004.5,584.5,0.04870833333333333,0.009313985761474039,0.0186694084623234,0.2968428590575103,0.11789125159018865,0.037613253891807696,0.12502084971119407,0.4546008398850631,0.1604213165537645
hmda_oh,ft,hifi_shared,5,1004.5,97.1,0.008091666666666667,-0.006913789331745986,0.004601410058018045,0.37268972011645757,0.24840087208708433,0.15410188656051793,0.2899916895723561,0.5122060826528638,0.1466879952095336
hmda_oh,ft,hifi_shared,10,1004.5,97.1,0.008091666666666667,-0.004109942101828513,0.0008302539460809749,0.26733629153213867,0.18303249607989652,0.11914213652336851,0.19164302238141986,0.5122060826528638,0.1466879952095336
hmda_oh,ft,hifi_shared,25,1004.5,97.1,0.008091666666666667,-0.008321360162856912,0.0021460489263826306,0.26189478693161833,0.09347238485596551,0.023964104237804464,0.11844045719813716,0.5122060826528638,0.1466879952095336
hmda_oh,ft,reweighing,5,1004.5,142.9,0.011908333333333333,0.06934799322274483,0.05603489035522051,0.4447176412705575,0.3411074913901404,0.22160216395695748,0.3390492541899269,0.39087262792550836,0.2660745610926417
hmda_oh,ft,reweighing,10,1004.5,142.9,0.011908333333333333,0.04902575637911003,0.04315032032621073,0.36359240617790756,0.25677466955777206,0.1632914216929649,0.2332988789025467,0.39087262792550836,0.2660745610926417
hmda_oh,ft,reweighing,25,1004.5,142.9,0.011908333333333333,0.030184297655213004,0.024128500696339046,0.33331771960657763,0.14153202425644879,0.038659384409856536,0.13071628821222586,0.39087262792550836,0.2660745610926417
hmda_oh,ft,soft,5,1004.5,334.2,0.027849999999999996,-0.016732936055136132,0.00639656698777394,0.33702330426176885,0.25305137551244317,0.15982458640727118,0.27703462592579464,0.042651036142961014,0.22946143450273868
hmda_oh,ft,soft,10,1004.5,334.2,0.027849999999999996,-0.01677867701602504,0.008945001615213232,0.25127763640807543,0.1570702069902946,0.10561424974905412,0.18431452311675442,0.042651036142961014,0.22946143450273868
hmda_oh,ft,soft,25,1004.5,334.2,0.027849999999999996,-0.01888617153213621,0.005495919883002347,0.22838255286324344,0.0922569939858419,0.028621518715417387,0.10642763053461157,0.042651036142961014,0.22946143450273868
hmda_oh,mlp,cot_phi,5,1004.5,131.2,0.010933333333333333,0.038470025089675446,0.01919903382417305,0.4287359809066033,0.31408629417061856,0.1989660597168949,0.28979839296736193,0.5449078954408151,0.22739415701599666
hmda_oh,mlp,cot_phi,10,1004.5,131.2,0.010933333333333333,0.033335187772312855,0.023013300680240326,0.33313494321437837,0.2256528697575957,0.14478361507445553,0.2218239922008712,0.5449078954408151,0.22739415701599666
hmda_oh,mlp,cot_phi,25,1004.5,131.2,0.010933333333333333,0.024912306093703478,0.017895161011246837,0.30950719221361045,0.13561230352791195,0.04079927176773476,0.12080357359440094,0.5449078954408151,0.22739415701599666
hmda_oh,mlp,dralign,5,1004.5,333.7,0.027808333333333334,0.06370190880446491,0.06132485722790504,0.4453928574963017,0.31871033146088934,0.2074107864135931,0.3297566179112946,0.6404247083129281,0.14616810197991378
hmda_oh,mlp,dralign,10,1004.5,333.7,0.027808333333333334,0.05540773040854321,0.06209178393417075,0.36621767363059926,0.2572091812369235,0.16036288696369552,0.26643870288170163,0.6404247083129281,0.14616810197991378
hmda_oh,mlp,dralign,25,1004.5,333.7,0.027808333333333334,0.04664885534379631,0.056037589830543896,0.3766152516171397,0.14186939167474122,0.04042453407256848,0.1648580206343163,0.6404247083129281,0.14616810197991378
hmda_oh,mlp,erm_refit,5,1004.5,150.86666666666667,0.012572222222222222,0.0070703898266335575,0.010958449027392507,0.3757819639233222,0.2759716963621146,0.16539203208235542,0.29319091664210395,0.5124246484520601,0.19052706677313544
hmda_oh,mlp,erm_refit,10,1004.5,150.86666666666667,0.012572222222222222,0.0029216524744074264,0.014515473291366996,0.27953852687037534,0.1916103072669492,0.11571160460137594,0.20920987936675164,0.5124246484520601,0.19052706677313544
hmda_oh,mlp,erm_refit,25,1004.5,150.86666666666667,0.012572222222222222,-0.0029226779885503274,0.010838717130322133,0.2542491956806813,0.09349119020062122,0.034206810687733,0.11663698335313026,0.5124246484520601,0.19052706677313544
hmda_oh,mlp,hifi,5,1004.5,214.4,0.017866666666666666,0.01824472172961426,0.042314023887383416,0.3915838179924685,0.2851527265345672,0.17747302217152264,0.31813216147097656,0.6512170193799515,0.14975337219335477
hmda_oh,mlp,hifi,10,1004.5,214.4,0.017866666666666666,0.021513606866280642,0.0377475325638606,0.32020722830451737,0.21909021878664475,0.14051990546118198,0.2312496376185184,0.6512170193799515,0.14975337219335477
hmda_oh,mlp,hifi,25,1004.5,214.4,0.017866666666666666,0.021901380711072695,0.02888309408018257,0.3228311087244381,0.12237560235215279,0.038436075731776966,0.1283103796822948,0.6512170193799515,0.14975337219335477
hmda_oh,mlp,hifi_shared,5,1004.5,120.5,0.010041666666666667,0.01182113059217976,-0.006802988350417999,0.37750948572619464,0.2737909019582341,0.1664614237498186,0.26892248182045914,0.5414545585460282,0.1539957688468308
hmda_oh,mlp,hifi_shared,10,1004.5,120.5,0.010041666666666667,0.010491146392725614,0.004069484092006296,0.29319261379662653,0.189365795466522,0.11614788806161709,0.19008015456314212,0.5414545585460282,0.1539957688468308
hmda_oh,mlp,hifi_shared,25,1004.5,120.5,0.010041666666666667,0.004241244533733608,-0.00030867227840206157,0.27274086265951547,0.1011178187954855,0.031223925384698682,0.10199989926710125,0.5414545585460282,0.1539957688468308
hmda_oh,mlp,ltdd,5,1004.5,155.5,0.012958333333333332,0.05285259340247818,0.03064851490750415,0.42943404812573494,0.3196614321571644,0.20391303965699362,0.3070784562176119,0.48460682512675746,0.2583517031410379
hmda_oh,mlp,ltdd,10,1004.5,155.5,0.012958333333333332,0.03992538440556617,0.03877322646439858,0.3316487922153966,0.23646755022760407,0.14669343072515062,0.229670475635097,0.48460682512675746,0.2583517031410379
hmda_oh,mlp,ltdd,25,1004.5,155.5,0.012958333333333332,0.03185572962285431,0.03130279486937251,0.3257458321930798,0.12764685906941722,0.040872996014530635,0.14090946757414155,0.48460682512675746,0.2583517031410379
hmda_oh,mlp,mirrorfair,5,1004.5,136.9,0.011408333333333335,0.09351983407576217,0.06312556339009641,0.4896931820248823,0.3742736426867253,0.2464592941817263,0.3405665973801874,0.6607045471639161,0.21634028808772734
hmda_oh,mlp,mirrorfair,10,1004.5,136.9,0.011408333333333335,0.08636313410335311,0.06247508053946431,0.4270298329715209,0.3098980727939808,0.19401378314489676,0.25632750792528647,0.6607045471639161,0.21634028808772734
hmda_oh,mlp,mirrorfair,25,1004.5,136.9,0.011408333333333335,0.06692549149073593,0.0539989454390523,0.4110235935597288,0.1739646059050875,0.05435184182723822,0.16497012145848544,0.6607045471639161,0.21634028808772734
hmda_oh,mlp,neufair,5,1004.5,413.3,0.03444166666666666,-0.012301885415315048,0.01337586811534552,0.36614747294330935,0.2712827654138298,0.1616638999208477,0.2974809715476398,0.040046342556032455,0.2290218787738722
hmda_oh,mlp,neufair,10,1004.5,413.3,0.03444166666666666,-0.007351504205940181,0.02082028225293909,0.27006014606155215,0.16975636985433748,0.11694081846161002,0.2018408423708294,0.040046342556032455,0.2290218787738722
hmda_oh,mlp,neufair,25,1004.5,413.3,0.03444166666666666,-0.002732185484211763,0.013826321505568881,0.26052536989447067,0.10213164839815914,0.026600876605379964,0.1285994839387097,0.040046342556032455,0.2290218787738722
hmda_oh,mlp,soft,5,1004.5,278.1,0.023175,0.020342973194053184,-0.024776564989565576,0.3950576075743188,0.29886051072095154,0.20042558740540167,0.2749049754141267,0.1141855380156515,0.2390256603663647
hmda_oh,mlp,soft,10,1004.5,278.1,0.023175,0.015641817279611954,-0.002427916063982822,0.29780667027309937,0.20567692943396856,0.13524122679071554,0.15983198885221053,0.1141855380156515,0.2390256603663647
hmda_oh,mlp,soft,25,1004.5,278.1,0.023175,0.00906015895292769,-0.0006373844658123297,0.2775975159272091,0.1141673605377855,0.03771567933326613,0.1067801243159547,0.1141855380156515,0.2390256603663647
hmda_pa,mlp,cot_phi,5,1004.5,182.3,0.015191666666666668,0.05528165911788903,0.06335569492777472,0.45339925586129315,0.3331091636913598,0.22051353820996905,0.33252006964770564,0.708069037819703,0.19773287282126173
hmda_pa,mlp,cot_phi,10,1004.5,182.3,0.015191666666666668,0.047082976897785414,0.05355292775081455,0.36529579545403956,0.26461592204849005,0.1609707448490138,0.2625612512534224,0.708069037819703,0.19773287282126173
hmda_pa,mlp,cot_phi,25,1004.5,182.3,0.015191666666666668,0.04748790946829402,0.0631386775335567,0.357653651432946,0.17555399377647118,0.05822091144316299,0.20771568990882025,0.708069037819703,0.19773287282126173
hmda_pa,mlp,dralign,5,1004.5,439.2,0.0366,0.10131448685611247,0.06365828787266124,0.5049018927983222,0.37268373646941566,0.25839582731442473,0.330544857922607,0.8165501595049282,0.11022587164158475
hmda_pa,mlp,dralign,10,1004.5,439.2,0.0366,0.08792051049557406,0.07214544443196229,0.4425508947749222,0.313439710416892,0.20172887762852368,0.2815022616024422,0.8165501595049282,0.11022587164158475
hmda_pa,mlp,dralign,25,1004.5,439.2,0.0366,0.08784902029522537,0.07735908382763863,0.46029841640102037,0.23058039357941412,0.08641875384327004,0.20538802966140124,0.8165501595049282,0.11022587164158475
hmda_pa,mlp,erm_refit,5,1004.5,212.56666666666666,0.017713888888888887,0.02229764660386844,0.017709997194620276,0.40970095340432366,0.30537766433826447,0.19165186149493849,0.28972816843302795,0.508091762633852,0.15498040634724086
hmda_pa,mlp,erm_refit,10,1004.5,212.56666666666666,0.017713888888888887,0.006363452741651627,0.011346636881739846,0.30874141258885424,0.22047474729526018,0.13702737305722074,0.21605487039656923,0.508091762633852,0.15498040634724086
hmda_pa,mlp,erm_refit,25,1004.5,212.56666666666666,0.017713888888888887,0.006606619428012164,0.011590108571455881,0.2850643101374427,0.13537274851034883,0.052184021949105625,0.1307236291390075,0.508091762633852,0.15498040634724086
hmda_pa,mlp,hifi_shared,5,1004.5,132.7,0.011058333333333333,0.022636498787727964,0.010300970867649755,0.40795831166471597,0.29725127500769316,0.18355083770582895,0.2823458285673747,0.6159895821308704,0.15995583304183023
hmda_pa,mlp,hifi_shared,10,1004.5,132.7,0.011058333333333333,0.007032689591874057,0.007313334029925846,0.3141406863596749,0.21434659116572807,0.1319953789673421,0.21107159906146053,0.6159895821308704,0.15995583304183023
hmda_pa,mlp,hifi_shared,25,1004.5,132.7,0.011058333333333333,0.006769607565274814,0.013992745099815124,0.2632660981110403,0.1271216884204875,0.044674797623614114,0.14310140157447176,0.6159895821308704,0.15995583304183023
hmda_pa,mlp,ltdd,5,1004.5,198.9,0.016575,0.04256821978864218,0.04954493279359959,0.4270495324334358,0.3253568394672838,0.21246980684075917,0.3260311242749758,0.5826279040004632,0.2065750237225626
hmda_pa,mlp,ltdd,10,1004.5,198.9,0.016575,0.03236983840624985,0.04267330221424224,0.34821232856580187,0.2529611070502855,0.15356242636318612,0.263451238802318,0.5826279040004632,0.2065750237225626
hmda_pa,mlp,ltdd,25,1004.5,198.9,0.016575,0.03965633021238361,0.047036641320074596,0.36918045342948813,0.19015822234438562,0.06652926387970103,0.17426043832547278,0.5826279040004632,0.2065750237225626
hmda_pa,mlp,reweighing,5,1004.5,191.2,0.015933333333333334,0.05785724688311646,0.03015636380486631,0.4523835659195338,0.3506820321357845,0.22790085140294442,0.32146345182417085,0.4126178907951739,0.29385856059514176
hmda_pa,mlp,reweighing,10,1004.5,191.2,0.015933333333333334,0.04055293752269952,0.02503160500407514,0.36640645153308427,0.27131405396900254,0.16729056801337036,0.22782225108803728,0.4126178907951739,0.29385856059514176
hmda_pa,mlp,reweighing,25,1004.5,191.2,0.015933333333333334,0.04525806375240171,0.03499950251697324,0.3709582251340318,0.18586790316486296,0.06593623463522746,0.1638164017556507,0.4126178907951739,0.29385856059514176
hmda_pa,mlp,soft,5,1004.5,337.9,0.028158333333333334,-2.6679279857722006e-06,-0.007004801170335642,0.37134457287205763,0.28264969750025803,0.18116713612710317,0.28278318028629496,0.09452654089452892,0.2799244724602114
hmda_pa,mlp,soft,10,1004.5,337.9,0.028158333333333334,-0.005344074011830301,-0.01656848110948681,0.31284570746832074,0.22608720038053662,0.12998576900246608,0.18233515181872267,0.09452654089452892,0.2799244724602114
hmda_pa,mlp,soft,25,1004.5,337.9,0.028158333333333334,0.000749252978137939,-0.007427523373131993,0.2880556039662643,0.13976193361794564,0.04515887809708122,0.10128962116978064,0.09452654089452892,0.2799244724602114
hmda_va,mlp,cot_phi,5,1004.5,167.3,0.013941666666666666,0.04213996685014082,0.063675875550816,0.4435353488112469,0.3180731311828653,0.18894062910614892,0.32393687858248876,0.4900185012042348,0.3501012833491879
hmda_va,mlp,cot_phi,10,1004.5,167.3,0.013941666666666666,0.050874276340164684,0.06136012617079811,0.3786844298977328,0.28121618452710806,0.1988937711183952,0.2764741770100759,0.4900185012042348,0.3501012833491879
hmda_va,mlp,cot_phi,25,1004.5,167.3,0.013941666666666666,0.05053383696102367,0.05160854193224658,0.3803018368726042,0.1885967365881972,0.06404116139228559,0.17517958132267636,0.4900185012042348,0.3501012833491879
hmda_va,mlp,dralign,5,1004.5,314.0,0.026166666666666664,0.11072140123448244,0.09605777628106063,0.5270783547604098,0.39001401709377503,0.2580590584670206,0.34469563798820324,0.8317101703668568,0.16078988141624584
hmda_va,mlp,dralign,10,1004.5,314.0,0.026166666666666664,0.10835091244292783,0.11031835869105326,0.4639368459556607,0.35294622653679036,0.24007562917734176,0.36084463352984225,0.8317101703668568,0.16078988141624584
hmda_va,mlp,dralign,25,1004.5,314.0,0.026166666666666664,0.10765506438174759,0.10297080323659424,0.5149128124892871,0.2523325745863068,0.0919577503914468,0.23041039223404397,0.8317101703668568,0.16078988141624584
hmda_va,mlp,erm_refit,5,1004.5,171.24444444444444,0.01427037037037037,0.015095519387758181,0.02291152047055243,0.40228024457546296,0.2772693215229283,0.17411341405332975,0.28523222992468233,0.5238845123556503,0.2948817714697277
hmda_va,mlp,erm_refit,10,1004.5,171.24444444444444,0.01427037037037037,0.013666937117136792,0.023999692879883808,0.3067539698987329,0.2173761846670949,0.1488099187628674,0.23265839565250596,0.5238845123556503,0.2948817714697277
hmda_va,mlp,erm_refit,25,1004.5,171.24444444444444,0.01427037037037037,0.012344254252609595,0.017367150311044917,0.3052643315849694,0.12889023613095849,0.049682678115411716,0.14226479324592486,0.5238845123556503,0.2948817714697277
hmda_va,mlp,hifi_shared,5,1004.5,133.6,0.011133333333333334,0.0202581509444699,0.032536427707442216,0.411298254468133,0.29329605820178717,0.186700078051185,0.28762042232307483,0.493984397859388,0.28263874662205735
hmda_va,mlp,hifi_shared,10,1004.5,133.6,0.011133333333333334,0.023309373905715178,0.03191737680037097,0.3333020712943301,0.23581667826510655,0.15339888115991238,0.23785443378993584,0.493984397859388,0.28263874662205735
hmda_va,mlp,hifi_shared,25,1004.5,133.6,0.011133333333333334,0.01798140107783504,0.02014205557087422,0.3196787825145319,0.13129476192621709,0.05422686591722224,0.1482715603861518,0.493984397859388,0.28263874662205735
hmda_va,mlp,ltdd,5,1004.5,201.3,0.016775,0.03987774110564076,0.04854971570016952,0.4414824778866187,0.31627997688270976,0.19169767940425492,0.312222643865268,0.5689684475403768,0.28639163115568245
hmda_va,mlp,ltdd,10,1004.5,201.3,0.016775,0.04621186644452283,0.05111457775612412,0.3704993580472652,0.27148563231314404,0.1835280093888208,0.25968700193272093,0.5689684475403768,0.28639163115568245
hmda_va,mlp,ltdd,25,1004.5,201.3,0.016775,0.0491015924049953,0.048173933932969294,0.3868693571301275,0.17725736979520548,0.06551784222072501,0.17842713070095362,0.5689684475403768,0.28639163115568245
hmda_va,mlp,reweighing,5,1004.5,151.1,0.012591666666666668,0.05121585814118843,0.07396496646606539,0.46328344971150875,0.33029170130761915,0.19506802744881938,0.3677557467821475,0.4378370833745385,0.37725279937798295
hmda_va,mlp,reweighing,10,1004.5,151.1,0.012591666666666668,0.05420625652397024,0.08255661927456527,0.3698524151392596,0.27664604456514374,0.1904369298243151,0.3347512140987581,0.4378370833745385,0.37725279937798295
hmda_va,mlp,reweighing,25,1004.5,151.1,0.012591666666666668,0.05502744634736142,0.07015913736092555,0.39558442325353715,0.1774558122718713,0.0628745577021802,0.2318224928424096,0.4378370833745385,0.37725279937798295
hmda_va,mlp,soft,5,1004.5,392.5,0.03270833333333333,-0.007089844408174823,-0.02183625873936513,0.36955433450349917,0.2680378429474453,0.14626767726496961,0.24474897580744476,0.019483846022850616,0.3424852781420298
hmda_va,mlp,soft,10,1004.5,392.5,0.03270833333333333,-0.007457828276488027,-0.041126916323729126,0.25506496120166305,0.1836145810911747,0.12609020428814727,0.16521210457450214,0.019483846022850616,0.3424852781420298
hmda_va,mlp,soft,25,1004.5,392.5,0.03270833333333333,-0.013196702049763401,-0.03735190253274386,0.2592121352005655,0.10849231034301839,0.02899406605788992,0.08703725394349623,0.019483846022850616,0.3424852781420298
