task,architecture,budget,metric,erm_mean_abs_error,soft_mean_abs_error,paired_mean_abs_error,paired_p95,direction_agreement,query_rows
acs_employment_age,mlp,1024,L_R,0.00048023853308182523,5.4382253392658935e-05,0.00048792663666383257,0.001206094249584566,1.0,20480.0
acs_employment_age,mlp,1024,decision_disagreement,0.0018335609826917161,0.0003292030596338705,0.0018337280405217398,0.00430444431196839,1.0,20480.0
acs_employment_age,mlp,1024,direction_adverse_005,0.0015985237044090488,0.0003349257704293629,0.00168383541089566,0.00649508743074792,0.95,4096.0
acs_employment_age,mlp,1024,opposite_005,0.0011634570805235482,7.752112248928007e-06,0.0011636161094145984,0.0028984422743630056,1.0,20480.0
acs_employment_age,mlp,1024,violation_005,0.001865866403281844,0.00048744326363401203,0.0019425486519453479,0.0047871109870363865,1.0,20480.0
acs_employment_age,mlp,128,L_R,0.0029383954059596594,0.0003392312808247826,0.0030137150457993558,0.007325153735257536,1.0,2560.0
acs_employment_age,mlp,128,decision_disagreement,0.009769283368021102,0.0020877352286038592,0.0101068223646261,0.023947507971123168,1.0,2560.0
acs_employment_age,mlp,128,direction_adverse_005,0.007777946098799631,0.0011450398199445982,0.007875403970452447,0.032981301939058155,0.7766666666666666,512.0
acs_employment_age,mlp,128,opposite_005,0.006596544135937012,2.215216655382532e-05,0.006593835943655361,0.016199841033946137,1.0,2560.0
acs_employment_age,mlp,128,violation_005,0.012112085042668771,0.0027202021491179733,0.01261397776552679,0.028980147233263424,1.0,2560.0
acs_employment_age,mlp,256,L_R,0.0019209948166760108,0.00021778476496156593,0.0019649587547454113,0.005153666074008943,1.0,5120.0
acs_employment_age,mlp,256,decision_disagreement,0.0070507212132839125,0.0013760136462304992,0.007137807123002619,0.017355908563980726,1.0,5120.0
acs_employment_age,mlp,256,direction_adverse_005,0.0052258266966759,0.000956580390120037,0.00538622460757156,0.021149476281163433,0.83,1024.0
acs_employment_age,mlp,256,opposite_005,0.00451591146536494,2.0346705032723993e-05,0.004510703132031607,0.011930543785209035,1.0,5120.0
acs_employment_age,mlp,256,violation_005,0.007952038376648339,0.0017736841086381998,0.008166056330402127,0.018494622586858304,1.0,5120.0
acs_employment_age,mlp,512,L_R,0.0012018780659093357,0.00012377442808100857,0.0012171959038979588,0.003041615853260371,1.0,10240.0
acs_employment_age,mlp,512,decision_disagreement,0.004202952858049088,0.0008188372739514238,0.0041996352088395986,0.010564376086452961,1.0,10240.0
acs_employment_age,mlp,512,direction_adverse_005,0.003458600242382271,0.0006840806786703601,0.00359154980378578,0.012151304968836589,0.8866666666666667,2048.0
acs_employment_age,mlp,512,opposite_005,0.0029792068625897933,1.7135134563303996e-05,0.0029779047792564597,0.007279268466746756,1.0,10240.0
acs_employment_age,mlp,512,violation_005,0.004593444980169061,0.0012691632507026132,0.004925801382106551,0.012443944906289807,1.0,10240.0
acs_employment_age,mlp,64,L_R,0.004319663043329557,0.0004532692792674772,0.004377755236586838,0.01052540197898731,1.0,1280.0
acs_employment_age,mlp,64,decision_disagreement,0.015478775825060121,0.0027703791709339396,0.015912299954333322,0.03654217494428624,1.0,1280.0
acs_employment_age,mlp,64,direction_adverse_005,0.010839825715604802,0.0013155009233610342,0.011071243074792243,0.04458102493074792,0.6866666666666666,256.0
acs_employment_age,mlp,64,opposite_005,0.009370734660274853,2.3054897314375987e-05,0.009361209358956584,0.024363053225428415,1.0,1280.0
acs_employment_age,mlp,64,violation_005,0.01752871501881115,0.004285556179920372,0.018402591771887716,0.04426133623215524,1.0,1280.0
acs_employment_age,mlp,full,L_R,0.0,0.0,0.0,0.0,1.0,25972.0
acs_employment_age,mlp,full,decision_disagreement,0.0,0.0,0.0,0.0,1.0,25972.0
acs_employment_age,mlp,full,direction_adverse_005,0.0,0.0,0.0,0.0,1.0,5776.0
acs_employment_age,mlp,full,opposite_005,0.0,0.0,0.0,0.0,1.0,25972.0
acs_employment_age,mlp,full,violation_005,0.0,0.0,0.0,0.0,1.0,25972.0
acs_employment_sex,mlp,1024,L_R,0.0009670299942580444,0.00010206986036958604,0.0009832049911919344,0.0023389230796869885,1.0,20480.0
acs_employment_sex,mlp,1024,decision_disagreement,0.0017290901320651563,0.0008896555636998975,0.0018588211228916629,0.004834646215124928,1.0,20480.0
acs_employment_sex,mlp,1024,direction_adverse_005,0.004072678819444445,0.0005276354166666666,0.004114310763888889,0.013021119791666667,1.0,4096.0
acs_employment_sex,mlp,1024,opposite_005,0.0018670706102807096,0.0001834675577266558,0.0018815254123404734,0.00453672010846841,1.0,20480.0
acs_employment_sex,mlp,1024,violation_005,0.0024116727311702937,0.0013827600376724427,0.002947972859232164,0.0067867925667145146,1.0,20480.0
acs_employment_sex,mlp,128,L_R,0.004494259439490735,0.0004738525030297648,0.004530463086508104,0.011256895846966484,1.0,2560.0
acs_employment_sex,mlp,128,decision_disagreement,0.008108469457156096,0.004358879987431619,0.008955585185245973,0.02313146510304974,1.0,2560.0
acs_employment_sex,mlp,128,direction_adverse_005,0.015292,0.0021345555555555553,0.015439777777777778,0.043291875000000035,0.9666666666666667,512.0
acs_employment_sex,mlp,128,opposite_005,0.009388120491535208,0.0007870919641804402,0.009427916268663834,0.023541137272103194,1.0,2560.0
acs_employment_sex,mlp,128,violation_005,0.010690157904498333,0.006106013068821856,0.012597778285071144,0.030992855496568855,1.0,2560.0
acs_employment_sex,mlp,256,L_R,0.002875616711059261,0.0003088427387638384,0.0029197943420517275,0.007747514474767468,1.0,5120.0
acs_employment_sex,mlp,256,decision_disagreement,0.005379351471712926,0.002980700931922299,0.006071579376291198,0.01563088696897221,1.0,5120.0
acs_employment_sex,mlp,256,direction_adverse_005,0.011659527777777777,0.0014101944444444446,0.011764208333333333,0.034863229166666676,0.99,1024.0
acs_employment_sex,mlp,256,opposite_005,0.005906342338450045,0.0005779820295502677,0.005930930741975969,0.013898453361763041,1.0,5120.0
acs_employment_sex,mlp,256,violation_005,0.00727358581593231,0.003917074731233449,0.008212200765568584,0.021908999569559325,1.0,5120.0
acs_employment_sex,mlp,512,L_R,0.0019193094677953323,0.0001920682774791783,0.001943502332770007,0.004768155570225557,1.0,10240.0
acs_employment_sex,mlp,512,decision_disagreement,0.0034058967750620265,0.0018365017030188588,0.003707245762001147,0.009122834108441532,1.0,10240.0
acs_employment_sex,mlp,512,direction_adverse_005,0.0077566701388888885,0.0009646458333333333,0.00787548263888889,0.02381687500000001,0.9966666666666667,2048.0
acs_employment_sex,mlp,512,opposite_005,0.003638385802822058,0.00038899108896024606,0.0036922247151695703,0.008771938629691103,1.0,10240.0
acs_employment_sex,mlp,512,violation_005,0.0046897777124513046,0.0024551288698602233,0.00540117407308896,0.012865141793891638,1.0,10240.0
acs_employment_sex,mlp,64,L_R,0.0063511740645439095,0.0006971750177134317,0.006434363347840202,0.01636469584085945,1.0,1280.0
acs_employment_sex,mlp,64,decision_disagreement,0.011731771587251577,0.006276795161689849,0.013043752893746843,0.031598948069802714,0.99,1280.0
acs_employment_sex,mlp,64,direction_adverse_005,0.024709055555555554,0.0026751944444444445,0.023831916666666664,0.0631704166666667,0.9033333333333333,256.0
acs_employment_sex,mlp,64,opposite_005,0.013632407647104732,0.0010764029371002986,0.013668632953584574,0.034631335918506576,1.0,1280.0
acs_employment_sex,mlp,64,violation_005,0.014779581784025728,0.009352957101284448,0.018175576608191087,0.04269928549824532,1.0,1280.0
acs_employment_sex,mlp,full,L_R,0.0,0.0,0.0,0.0,1.0,32472.0
acs_employment_sex,mlp,full,decision_disagreement,0.0,0.0,0.0,0.0,1.0,32472.0
acs_employment_sex,mlp,full,direction_adverse_005,0.0,0.0,0.0,0.0,1.0,7500.0
acs_employment_sex,mlp,full,opposite_005,0.0,0.0,0.0,0.0,1.0,32472.0
acs_employment_sex,mlp,full,violation_005,0.0,0.0,0.0,0.0,1.0,32472.0
acs_income,ft,1024,L_R,0.001642988327768031,2.9390799599512512e-05,0.0016403028191325822,0.004136563146670548,1.0,20480.0
acs_income,ft,1024,decision_disagreement,0.0023195246819315636,0.00038312959112577345,0.0023761725289742075,0.006046110330144787,1.0,20480.0
acs_income,ft,1024,direction_adverse_005,0.0,0.0,0.0,0.0,1.0,8192.0
acs_income,ft,1024,opposite_005,0.0008415256096387752,0.0,0.0008415256096387752,0.0022585095828286453,1.0,20480.0
acs_income,ft,1024,violation_005,0.003045691517251103,4.443138209609176e-05,0.003040589297884718,0.0072351799263385376,1.0,20480.0
acs_income,ft,128,L_R,0.006155461877238742,0.0001212546015156065,0.006154933902213015,0.015866312944571744,1.0,2560.0
acs_income,ft,128,decision_disagreement,0.010930023228377262,0.0016433138735085337,0.010785830885079293,0.026886070285767616,1.0,2560.0
acs_income,ft,128,direction_adverse_005,0.0,0.0,0.0,0.0,1.0,1024.0
acs_income,ft,128,opposite_005,0.003710263256343181,0.0,0.003710263256343181,0.009684406427335335,0.99,2560.0
acs_income,ft,128,violation_005,0.011641727720536451,0.00015128703453046985,0.011639143115320353,0.028615649501878483,1.0,2560.0
acs_income,ft,256,L_R,0.004146788908605133,7.681988661295928e-05,0.004134897466647825,0.010730143556488499,1.0,5120.0
acs_income,ft,256,decision_disagreement,0.007151685838194911,0.001069376584991085,0.007180086286914701,0.017166286768205273,1.0,5120.0
acs_income,ft,256,direction_adverse_005,0.0,0.0,0.0,0.0,1.0,2048.0
acs_income,ft,256,opposite_005,0.0025602868447723035,0.0,0.0025602868447723035,0.007144215081518159,0.9966666666666667,5120.0
acs_income,ft,256,violation_005,0.008301266769706309,0.00011663161232428965,0.00830116383017861,0.02139946473168063,1.0,5120.0
acs_income,ft,512,L_R,0.002926994051027887,5.4386862356604566e-05,0.002924176579985857,0.007025686864938874,1.0,10240.0
acs_income,ft,512,decision_disagreement,0.004386234054364929,0.0007526507504253759,0.004460019450641304,0.011550107795932579,1.0,10240.0
acs_income,ft,512,direction_adverse_005,0.0,0.0,0.0,0.0,1.0,4096.0
acs_income,ft,512,opposite_005,0.0016275382808241033,0.0,0.0016275382808241033,0.0042144680498600665,1.0,10240.0
acs_income,ft,512,violation_005,0.00546709293944802,7.442245245042009e-05,0.005465003819077651,0.012818273127862746,1.0,10240.0
acs_income,ft,64,L_R,0.00869082675191771,0.00018705798191480253,0.008676058037937483,0.02074710479213976,1.0,1280.0
acs_income,ft,64,decision_disagreement,0.015277511569815782,0.0022187282280767447,0.015332328194847087,0.03624097050947017,1.0,1280.0
acs_income,ft,64,direction_adverse_005,0.0,0.0,0.0,0.0,1.0,512.0
acs_income,ft,64,opposite_005,0.005655921512912972,0.0,0.005655921512912972,0.014115430743891233,0.9433333333333334,1280.0
acs_income,ft,64,violation_005,0.017806534085316558,0.00018541170366359865,0.01782506120136059,0.04159736029843155,1.0,1280.0
acs_income,ft,full,L_R,0.0,0.0,0.0,0.0,1.0,36692.0
acs_income,ft,full,decision_disagreement,0.0,0.0,0.0,0.0,1.0,36692.0
acs_income,ft,full,direction_adverse_005,0.0,0.0,0.0,0.0,1.0,14588.0
acs_income,ft,full,opposite_005,0.0,0.0,0.0,0.0,1.0,36692.0
acs_income,ft,full,violation_005,0.0,0.0,0.0,0.0,1.0,36692.0
acs_income,mlp,1024,L_R,0.0007002947555457694,6.0283161603358766e-05,0.0006947552975220259,0.0018023794058798796,1.0,20480.0
acs_income,mlp,1024,decision_disagreement,0.002509516879440187,0.00050507354305697,0.0025828049893865126,0.006022950910853189,1.0,20480.0
acs_income,mlp,1024,direction_adverse_005,0.00043509114583333334,0.0001792607060185185,0.0004853410231682007,0.0013389756944444443,0.7833333333333333,8192.0
acs_income,mlp,1024,opposite_005,0.000822717885008751,0.0,0.000822717885008751,0.001945433622292639,1.0,20480.0
acs_income,mlp,1024,violation_005,0.003379149642032876,0.0002116124530375398,0.0033868371820654306,0.007756391602719582,1.0,20480.0
acs_income,mlp,128,L_R,0.0030650931790496302,0.00023890699465535934,0.0030227602599285737,0.007656148050250718,1.0,2560.0
acs_income,mlp,128,decision_disagreement,0.011097413833462948,0.0022662314695447764,0.011026790664628916,0.025974794424920546,1.0,2560.0
acs_income,mlp,128,direction_adverse_005,0.001745196759259259,0.0006494708949948866,0.0017422966296697347,0.004756944444444444,0.3433333333333333,1024.0
acs_income,mlp,128,opposite_005,0.0032131904119742996,0.0,0.0032131904119742996,0.007596132285513573,0.9966666666666667,2560.0
acs_income,mlp,128,violation_005,0.014456665457900092,0.0008751499899627544,0.014505625130473331,0.03491046715397943,1.0,2560.0
acs_income,mlp,256,L_R,0.002193037999043104,0.000165192893908966,0.0021782117725137377,0.005502011687441902,1.0,5120.0
acs_income,mlp,256,decision_disagreement,0.007143194633408978,0.0014838230627327428,0.007320880631960347,0.017425308965288336,1.0,5120.0
acs_income,mlp,256,direction_adverse_005,0.0012241608796296295,0.00052219659257254,0.0013305522500200524,0.0033420138888888887,0.44666666666666666,2048.0
acs_income,mlp,256,opposite_005,0.002213574997230321,0.0,0.002213574997230321,0.006078549857151733,1.0,5120.0
acs_income,mlp,256,violation_005,0.009745644884507866,0.0006450489606297188,0.009798845108256795,0.02450474612259247,1.0,5120.0
acs_income,mlp,512,L_R,0.0012975718322758123,0.00010931339136540193,0.0012833495911648805,0.003234247595712787,1.0,10240.0
acs_income,mlp,512,decision_disagreement,0.0046232911582154085,0.0008968085659261423,0.004789663327744305,0.012338060994243267,1.0,10240.0
acs_income,mlp,512,direction_adverse_005,0.0007780526620370371,0.0003011611280931039,0.0008964012901301411,0.0023741319444444443,0.58,4096.0
acs_income,mlp,512,opposite_005,0.001444763655407084,0.0,0.001444763655407084,0.003623335795619545,1.0,10240.0
acs_income,mlp,512,violation_005,0.006157288639293962,0.0004139726111448799,0.0061620368569766945,0.014656454735390493,1.0,10240.0
acs_income,mlp,64,L_R,0.004177980402065303,0.00035642481396191733,0.004165351735751286,0.01055810575748313,1.0,1280.0
acs_income,mlp,64,decision_disagreement,0.015314994765399097,0.003418062322958477,0.015325130160601375,0.033329773254838074,1.0,1280.0
acs_income,mlp,64,direction_adverse_005,0.0021004629629629633,0.0006600355431229822,0.002070515876596683,0.0078125,0.23,512.0
acs_income,mlp,64,opposite_005,0.004758975804339835,0.0,0.004758975804339835,0.011130217361016692,0.9433333333333334,1280.0
acs_income,mlp,64,violation_005,0.02025681842007459,0.0013122688892780103,0.02026869602188762,0.05131556637740756,1.0,1280.0
acs_income,mlp,full,L_R,0.0,0.0,0.0,0.0,1.0,36692.0
acs_income,mlp,full,decision_disagreement,0.0,0.0,0.0,0.0,1.0,36692.0
acs_income,mlp,full,direction_adverse_005,0.0,0.0,0.0,0.0,1.0,14588.0
acs_income,mlp,full,opposite_005,0.0,0.0,0.0,0.0,1.0,36692.0
acs_income,mlp,full,violation_005,0.0,0.0,0.0,0.0,1.0,36692.0
credit_broad,mlp,1024,L_R,0.00013181699895830316,3.0617427889980916e-05,0.00013309632930824726,0.0004519261973388257,1.0,86016.0
credit_broad,mlp,1024,decision_disagreement,0.00048009340779922935,0.0002746844145444083,0.0005493752832958234,0.0014486247900999706,1.0,86016.0
credit_broad,mlp,1024,direction_adverse_005,0.001424840447843565,0.0004412773387987226,0.001458403947835737,0.004520549808619328,0.96,24576.0
credit_broad,mlp,1024,opposite_005,0.00024371405188222903,0.0,0.00024371405188222903,0.0008474656641318731,0.9966666666666667,86016.0
credit_broad,mlp,1024,violation_005,0.0013259463170454595,0.00012822598368730174,0.0013238486378333953,0.0036909519249132237,1.0,86016.0
credit_broad,mlp,128,L_R,0.0005543696342582513,0.00011896120550563554,0.0005518608936199288,0.0019175355868524906,1.0,10752.0
credit_broad,mlp,128,decision_disagreement,0.0018997038575732897,0.0011140827891579692,0.0021860416736414826,0.0053671754751056676,0.9866666666666667,10752.0
credit_broad,mlp,128,direction_adverse_005,0.006226879316942446,0.0016790251275733974,0.006117713354847176,0.017993600499471164,0.9133333333333333,3072.0
credit_broad,mlp,128,opposite_005,0.0009660423515809379,0.0,0.0009660423515809379,0.00329843372650058,0.8566666666666667,10752.0
credit_broad,mlp,128,violation_005,0.004976924710234622,0.0005262700977495296,0.005007742416588003,0.014411357506967636,1.0,10752.0
credit_broad,mlp,256,L_R,0.0003854479810364289,7.744422185383551e-05,0.0003910664397347228,0.001363554475497678,1.0,21504.0
credit_broad,mlp,256,decision_disagreement,0.0013317308464484113,0.0007342841999612506,0.0014673449637591213,0.0037186679276284035,1.0,21504.0
credit_broad,mlp,256,direction_adverse_005,0.004251402163165388,0.001106165803732635,0.004259485072153074,0.012952923842835804,0.9366666666666666,6144.0
credit_broad,mlp,256,opposite_005,0.0007047073229799845,0.0,0.0007047073229799845,0.0022674345352878635,0.9133333333333333,21504.0
credit_broad,mlp,256,violation_005,0.003514662088443863,0.0003345164489112633,0.0035543181453940825,0.009762222923798946,1.0,21504.0
credit_broad,mlp,512,L_R,0.0002570717774852762,4.977346387764206e-05,0.00025950456414511856,0.0008631677827340187,1.0,43008.0
credit_broad,mlp,512,decision_disagreement,0.0008033720633546136,0.0005040216097421306,0.000908670573869169,0.0023912156102014652,1.0,43008.0
credit_broad,mlp,512,direction_adverse_005,0.002923373290054572,0.0007322697812820892,0.002923336653636564,0.008419206259578942,0.9466666666666667,12288.0
credit_broad,mlp,512,opposite_005,0.00045562656762611483,0.0,0.00045562656762611483,0.0015343302638583353,0.9666666666666667,43008.0
credit_broad,mlp,512,violation_005,0.002320761899069143,0.0002139449417950863,0.002300614666148042,0.006403532562313239,1.0,43008.0
credit_broad,mlp,64,L_R,0.000760132765616145,0.00016981550155315372,0.0007867801819467169,0.0025134287170399767,1.0,5376.0
credit_broad,mlp,64,decision_disagreement,0.002738333575274323,0.001592245189203573,0.0031859078812777075,0.007434066563947791,0.9666666666666667,5376.0
credit_broad,mlp,64,direction_adverse_005,0.00923182370542272,0.0023261543730615287,0.009296367795662442,0.0291391429457098,0.88,1536.0
credit_broad,mlp,64,opposite_005,0.0015308024621617452,0.0,0.0015308024621617452,0.005251457679312351,0.7566666666666667,5376.0
credit_broad,mlp,64,violation_005,0.0074418647629698065,0.000771777843921676,0.007479462132347227,0.02038472875623141,1.0,5376.0
credit_broad,mlp,full,L_R,0.0,0.0,0.0,0.0,1.0,161728.0
credit_broad,mlp,full,decision_disagreement,0.0,0.0,0.0,0.0,1.0,161728.0
credit_broad,mlp,full,direction_adverse_005,0.0,0.0,0.0,0.0,1.0,46608.0
credit_broad,mlp,full,opposite_005,0.0,0.0,0.0,0.0,1.0,161728.0
credit_broad,mlp,full,violation_005,0.0,0.0,0.0,0.0,1.0,161728.0
hmda_oh,ft,1024,L_R,0.0006750358812136,1.5586124282421068e-05,0.0006739433060391675,0.001566777736870058,1.0,53248.0
hmda_oh,ft,1024,decision_disagreement,0.0008825350079471053,0.0001220200540557261,0.0008820762432934962,0.0021825900124760635,1.0,53248.0
hmda_oh,ft,1024,direction_adverse_005,0.00274326528517333,0.0002117773073036135,0.002760527137870317,0.0067195331717717285,1.0,14988.0
hmda_oh,ft,1024,opposite_005,0.0005768110780728499,0.0,0.0005768110780728499,0.0013207053134626156,1.0,53248.0
hmda_oh,ft,1024,violation_005,0.0017379992302301128,4.041469382238912e-05,0.001744175644512858,0.004516422292202966,1.0,53248.0
hmda_oh,ft,128,L_R,0.0037124631372515197,7.940224905154371e-05,0.0037013209529894626,0.009085548479187123,1.0,6656.0
hmda_oh,ft,128,decision_disagreement,0.00384261682025933,0.0006098626326801536,0.0038904154980165793,0.009639128137350484,1.0,6656.0
hmda_oh,ft,128,direction_adverse_005,0.012491156190225389,0.0012602566397541723,0.012553676905514797,0.03315425194078053,1.0,2048.0
hmda_oh,ft,128,opposite_005,0.0025848511911727174,0.0,0.0025848511911727174,0.007000607184777547,1.0,6656.0
hmda_oh,ft,128,violation_005,0.007539285644644675,0.00019750220668287557,0.0075030896203591695,0.018048577884058416,1.0,6656.0
hmda_oh,ft,256,L_R,0.0022853840378005102,5.4501180869095145e-05,0.00227745681468574,0.005461587042559909,1.0,13312.0
hmda_oh,ft,256,decision_disagreement,0.0026786066244436422,0.0004245228870827673,0.002650822149806377,0.006932480495584854,1.0,13312.0
hmda_oh,ft,256,direction_adverse_005,0.009077820777754618,0.0008372300040627967,0.009031389683449947,0.02216014899031913,1.0,4096.0
hmda_oh,ft,256,opposite_005,0.00172535376246031,0.0,0.00172535376246031,0.004105699193324481,1.0,13312.0
hmda_oh,ft,256,violation_005,0.005139077522316987,0.000128463401343466,0.005120237678441736,0.013556126192080818,1.0,13312.0
hmda_oh,ft,512,L_R,0.0014337555418656727,3.1882485631786585e-05,0.0014265258519817355,0.0032989754017078783,1.0,26624.0
hmda_oh,ft,512,decision_disagreement,0.001815186835900504,0.00025758534868606847,0.001824169107794069,0.004613599880815447,1.0,26624.0
hmda_oh,ft,512,direction_adverse_005,0.005575641386415864,0.0004997050531816255,0.005536197201766624,0.014140726328355656,1.0,8192.0
hmda_oh,ft,512,opposite_005,0.0011119706433515772,0.0,0.0011119706433515772,0.0029727785674161385,1.0,26624.0
hmda_oh,ft,512,violation_005,0.00322979730518016,8.465706777060511e-05,0.003242337189110028,0.008185378583823405,1.0,26624.0
hmda_oh,ft,64,L_R,0.0054772217963099485,0.00011760918287804637,0.00545157803291158,0.01341992246129145,1.0,3328.0
hmda_oh,ft,64,decision_disagreement,0.005240444195658816,0.0008703416881688402,0.005399592049607176,0.013407435551441547,1.0,3328.0
hmda_oh,ft,64,direction_adverse_005,0.016539556480390405,0.0017808259263733784,0.01649313841386418,0.03977560754730911,1.0,1024.0
hmda_oh,ft,64,opposite_005,0.00378499000499956,0.0,0.00378499000499956,0.009943789261959586,1.0,3328.0
hmda_oh,ft,64,violation_005,0.011564852070762636,0.00026609230920286074,0.01152858589200914,0.029056837420820308,1.0,3328.0
hmda_oh,ft,full,L_R,0.0,0.0,0.0,0.0,1.0,81436.0
hmda_oh,ft,full,decision_disagreement,0.0,0.0,0.0,0.0,1.0,81436.0
hmda_oh,ft,full,direction_adverse_005,0.0,0.0,0.0,0.0,1.0,22656.0
hmda_oh,ft,full,opposite_005,0.0,0.0,0.0,0.0,1.0,81436.0
hmda_oh,ft,full,violation_005,0.0,0.0,0.0,0.0,1.0,81436.0
hmda_oh,mlp,1024,L_R,0.0006361732364904994,2.517258036989687e-05,0.0006361461342455319,0.0016371952763899232,1.0,53248.0
hmda_oh,mlp,1024,decision_disagreement,0.0008613588845460836,0.00014641293926098922,0.0008627460246358604,0.0018796553445521546,1.0,53248.0
hmda_oh,mlp,1024,direction_adverse_005,0.0029863132618584832,0.000529485429648452,0.0029533545899240363,0.007968577023255869,1.0,14988.0
hmda_oh,mlp,1024,opposite_005,0.0007829400872611118,1.0036920445525763e-05,0.0007826472074464832,0.0018264245752033265,1.0,53248.0
hmda_oh,mlp,1024,violation_005,0.001721874800433361,0.00010568133019907745,0.0017229494732368467,0.004343783612878345,1.0,53248.0
hmda_oh,mlp,128,L_R,0.003160678602807693,0.000123505259900124,0.0031372232980490253,0.008203652931852448,1.0,6656.0
hmda_oh,mlp,128,decision_disagreement,0.004169266362575575,0.0006382033949328241,0.004207089165747071,0.009993484340968764,1.0,6656.0
hmda_oh,mlp,128,direction_adverse_005,0.014381273555032792,0.002703264221164521,0.01446775149820201,0.03519964283906618,1.0,2048.0
hmda_oh,mlp,128,opposite_005,0.003766983307064739,3.189913186969838e-05,0.0037686242277147476,0.009324711005542838,1.0,6656.0
hmda_oh,mlp,128,violation_005,0.007029521821624902,0.0005088176888575549,0.0070258692455366775,0.017291726856264386,1.0,6656.0
hmda_oh,mlp,256,L_R,0.0022073035693960775,7.570163153073492e-05,0.0021895327408072967,0.006132198236512097,1.0,13312.0
hmda_oh,mlp,256,decision_disagreement,0.002789574135724372,0.00044515593585079766,0.0028325040385578978,0.007064568071337703,1.0,13312.0
hmda_oh,mlp,256,direction_adverse_005,0.00927410101582308,0.0017924568563632826,0.009323765119564413,0.02253524122522505,1.0,4096.0
hmda_oh,mlp,256,opposite_005,0.0023649990230148964,2.586440678298651e-05,0.0023615695081821296,0.006600792694211206,1.0,13312.0
hmda_oh,mlp,256,violation_005,0.004989187593530173,0.0003360346508681556,0.0050501615680636856,0.012823524623741762,1.0,13312.0
hmda_oh,mlp,512,L_R,0.0013310390652997628,4.954017277328301e-05,0.0013308115921075202,0.0035644573213700005,1.0,26624.0
hmda_oh,mlp,512,decision_disagreement,0.0018600443431550278,0.00029609432701104156,0.001854099139836085,0.0043549482399570655,1.0,26624.0
hmda_oh,mlp,512,direction_adverse_005,0.006053615390275133,0.0010661904775317915,0.005973064777207168,0.014926026444805372,1.0,8192.0
hmda_oh,mlp,512,opposite_005,0.0015659845688165473,2.0385079080406878e-05,0.001563763461387024,0.003899334639971992,1.0,26624.0
hmda_oh,mlp,512,violation_005,0.0030941772076062447,0.00021787418524096185,0.003105730465057114,0.007813840855548211,1.0,26624.0
hmda_oh,mlp,64,L_R,0.0045802623389989945,0.00017050704139268014,0.0045676580112652635,0.01182141072592652,1.0,3328.0
hmda_oh,mlp,64,decision_disagreement,0.006085658845401471,0.0009710010426664458,0.006151109374982011,0.013664633576271127,1.0,3328.0
hmda_oh,mlp,64,direction_adverse_005,0.020551121687960874,0.0038115868604006614,0.020561949659760603,0.0507995028206632,1.0,1024.0
hmda_oh,mlp,64,opposite_005,0.005571536747695916,4.094725624420231e-05,0.005569537505823274,0.012995728725577794,1.0,3328.0
hmda_oh,mlp,64,violation_005,0.011220887388440556,0.000766700967022672,0.011280680059814235,0.024977176720177408,1.0,3328.0
hmda_oh,mlp,full,L_R,0.0,0.0,0.0,0.0,1.0,81436.0
hmda_oh,mlp,full,decision_disagreement,0.0,0.0,0.0,0.0,1.0,81436.0
hmda_oh,mlp,full,direction_adverse_005,0.0,0.0,0.0,0.0,1.0,22656.0
hmda_oh,mlp,full,opposite_005,0.0,0.0,0.0,0.0,1.0,81436.0
hmda_oh,mlp,full,violation_005,0.0,0.0,0.0,0.0,1.0,81436.0
