task,method,auc_mean,auc_std,auc_count,ap_mean,ap_std,ap_count,f1_mean,f1_std,f1_count,accuracy_mean,accuracy_std,accuracy_count,brier_mean,brier_std,brier_count,bce_mean,bce_std,bce_count,eomax_mean,eomax_std,eomax_count,aod_mean,aod_std,aod_count,dp_mean,dp_std,dp_count,tpr_gap_mean,tpr_gap_std,tpr_gap_count,fpr_gap_mean,fpr_gap_std,fpr_gap_count,group0_tpr_mean,group0_tpr_std,group0_tpr_count,group0_fpr_mean,group0_fpr_std,group0_fpr_count,group0_positive_mean,group0_positive_std,group0_positive_count,group0_n_mean,group0_n_std,group0_n_count,group1_tpr_mean,group1_tpr_std,group1_tpr_count,group1_fpr_mean,group1_fpr_std,group1_fpr_count,group1_positive_mean,group1_positive_std,group1_positive_count,group1_n_mean,group1_n_std,group1_n_count,L_R_mean,L_R_std,L_R_count,violation_005_mean,violation_005_std,violation_005_count,P_R_mean,P_R_std,P_R_count,decision_disagreement_mean,decision_disagreement_std,decision_disagreement_count,opposite_005_mean,opposite_005_std,opposite_005_count,P_mean_common_abs_mean,P_mean_common_abs_std,P_mean_common_abs_count,P_population_effect_gap_mean,P_population_effect_gap_std,P_population_effect_gap_count,direction_L_R_mean,direction_L_R_std,direction_L_R_count,direction_violation_005_mean,direction_violation_005_std,direction_violation_005_count,direction_P_R_mean,direction_P_R_std,direction_P_R_count,direction_decision_disagreement_mean,direction_decision_disagreement_std,direction_decision_disagreement_count,direction_opposite_005_mean,direction_opposite_005_std,direction_opposite_005_count,direction_P_mean_common_abs_mean,direction_P_mean_common_abs_std,direction_P_mean_common_abs_count,direction_direction_logit_loss_mean,direction_direction_logit_loss_std,direction_direction_logit_loss_count,direction_adverse_magnitude_mean,direction_adverse_magnitude_std,direction_adverse_magnitude_count,direction_adverse_decision_mean,direction_adverse_decision_std,direction_adverse_decision_count,direction_common_response_mean,direction_common_response_std,direction_common_response_count,direction_signed_common_response_mean,direction_signed_common_response_std,direction_signed_common_response_count,direction_adverse_0_mean,direction_adverse_0_std,direction_adverse_0_count,direction_both_adverse_0_mean,direction_both_adverse_0_std,direction_both_adverse_0_count,direction_adverse_005_mean,direction_adverse_005_std,direction_adverse_005_count,direction_both_adverse_005_mean,direction_both_adverse_005_std,direction_both_adverse_005_count,direction_adverse_01_mean,direction_adverse_01_std,direction_adverse_01_count,direction_both_adverse_01_mean,direction_both_adverse_01_std,direction_both_adverse_01_count,direction_joint_pass_mean,direction_joint_pass_std,direction_joint_pass_count
acs_income,additive,0.9030800197063634,0.0006401172727656119,10,0.8895572097498798,0.0010311108363216031,10,0.8180330625150212,0.0029925218979291054,10,0.8205271928495682,0.0016626609035567408,10,0.12692770240392623,0.0009420595849092086,10,0.39396830751070067,0.003058859450174254,10,0.05334797050047846,0.0050382866540863444,10,0.04135835151688397,0.0031742972972324977,10,0.12397797541236429,0.0031918631911467153,10,0.02936873253328944,0.004881864370317029,10,0.05334797050047846,0.0050382866540863444,10,0.8443037974683545,0.01586085195598729,10,0.21989247311827956,0.018936301719769965,10,0.5631770045385779,0.017084551615384046,10,3305.0,0.0,10,0.814935064935065,0.018097543221852367,10,0.16654450261780102,0.015496851554520618,10,0.4391990291262136,0.016520388772683758,10,3296.0,0.0,10,3.769730245806965e-08,1.4692168237280958e-08,10,0.0,0.0,10,0.00880209807734207,0.0006113087348044097,10,0.0466480739965233,0.0025981197915943906,10,0.0,0.0,10,0.12704084432329318,0.004591634464238755,10,0.00998320117193073,0.001312724432848469,10,5.628946640374163e-08,2.0386705496778366e-08,10,0.0,0.0,10,0.014064656594717501,0.0010832948384217058,10,0.0474189676953618,0.0036713598074303876,10,0.0,0.0,10,0.2035747266847511,0.011498478517874245,10,0.00011983904234110304,0.00010450704067610255,10,2.601485078955187e-05,2.229276068550863e-05,10,5.555555555554e-05,0.00011712139482101828,10,0.2035747266847511,0.011498478517874245,10,0.203522696983172,0.011512236133303575,10,0.00219444444444441,0.001637868483341787,10,0.00219444444444441,0.001637868483341787,10,0.00108333333333329,0.0007343474095888265,10,0.00097222222222217,0.0006835566231589474,10,0.00069444444444441,0.000603629852333558,10,0.00069444444444441,0.000603629852333558,10,0.9989166666666666,0.000734347409588804,10
acs_income,erm,0.9045100908745608,0.0005833354142596996,10,0.8903291041498834,0.0012638577990417986,10,0.8148967912633353,0.005928380867769299,10,0.8188001817906377,0.002693410291151861,10,0.12581370740364045,0.0010622549887060087,10,0.3903702832486157,0.0029663498714657746,10,0.08131170434719559,0.006967614497900139,10,0.07010930765234166,0.00834779472881484,10,0.15168996849433775,0.007965844331180784,10,0.060013413480667153,0.015782170314186113,10,0.08020520182401616,0.00790588607929886,10,0.8485415520088058,0.018572795483051997,10,0.22983870967741932,0.02246407013749403,10,0.5699848714069591,0.019987461385581686,10,3305.0,0.0,10,0.7885281385281385,0.03134346546011897,10,0.1496335078534031,0.01913013827351841,10,0.41829490291262134,0.024103995037256964,10,3296.0,0.0,10,0.10746266495907272,0.017467419379029292,10,0.6389772421899759,0.06927992020344804,10,0.03280234690720351,0.0024587555981755898,10,0.13822828347892743,0.009320386098884104,10,0.013133643705192011,0.006554199527968822,10,0.11977840738640996,0.005778341045126905,10,0.02023893791642928,0.0019016369019054136,10,0.1507657345108815,0.030405957001567736,10,0.7188819256451904,0.07279332442206897,10,0.05035752158161646,0.00425756568350593,10,0.16970903266558376,0.00904136406663986,10,0.00052777777777774,0.0005624571314254519,10,0.19253517766089173,0.009811013676146563,10,5.29366360149268e-05,5.13680119762943e-05,10,1.7997055216264626e-05,1.0735679898117125e-05,10,0.0,0.0,10,0.19253517766089173,0.009811013676146563,10,0.1925095617002865,0.009815524372075068,10,0.00361111111111106,0.0030876540741728064,10,0.00108333333333329,0.0007796494235192898,10,0.0013333333333332901,0.0007834887333817061,10,0.00036111111111106003,0.0002635231383473556,10,0.00091666666666661,0.00045455324846790517,10,0.00022222222222217,0.00017568209223154855,10,0.28097918546592066,0.07274885965502766,10
acs_income,is,0.8966122980644433,0.005201871181962814,10,0.881214612281935,0.0058022754137204,10,0.8085393659914079,0.0056608217320408055,10,0.813422208756249,0.004933882769778752,10,0.13133779652290373,0.004294323763820917,10,0.40952194227649363,0.01613027745810027,10,0.019752249380489688,0.00910805968568602,10,0.01357681563323147,0.005649199623641449,10,0.08519786510582668,0.008846462538351934,10,0.010951483543668431,0.008388936660804099,10,0.016202147722794512,0.010279557897303547,10,0.8084204733076501,0.015578245884770645,10,0.19442204301075267,0.018997815808623555,10,0.531981845688351,0.016348714223197502,10,3305.0,0.0,10,0.8168831168831169,0.01724170361224173,10,0.17821989528795806,0.012534380837675925,10,0.4467839805825243,0.013368807770643124,10,3296.0,0.0,10,0.009723432493091561,0.0012718882726581121,10,0.00139396786161062,0.0016619005379403524,10,0.0017533552625851102,0.0002698723055709905,10,0.0049113218594359995,0.0012748729310112874,10,0.0,0.0,10,0.11548302448671532,0.009454942057493787,10,0.00512010752412209,0.0015776390688443764,10,0.01150744676058691,0.0016513836194811465,10,0.00294677555194605,0.003569740930443335,10,0.0022160580570904998,0.0004354406853308258,10,0.00466779462190937,0.00102163221874557,10,0.0,0.0,10,0.19163484151293012,0.01106886895971889,10,2.4971241576895476e-05,3.828385530776304e-05,10,1.1949322225320237e-05,2.017682845477407e-05,10,2.777777777777e-05,8.784104611576373e-05,10,0.19163484151293012,0.01106886895971889,10,0.19161105373184348,0.011045820108611,10,0.0006652529627624,0.0006282385167877521,10,0.00061040425915896,0.0005666945150668648,10,0.00041595981471453,0.0004576008247615897,10,0.00036040425915897,0.0004344365517105414,10,0.00027707092582563,0.0003917311926820797,10,0.00022151537027009002,0.0004087584650766886,10,0.9966372646333393,0.003686290431499382,10
acs_income,removal,0.9023590900379042,0.0010133373091195704,10,0.8883703997535637,0.001468325915169358,10,0.8133908819968398,0.006811593507763567,10,0.8174821996667172,0.0029434396548613153,10,0.12741111455902315,0.001228621641717997,10,0.39503771274950245,0.003827240558784306,10,0.03922493385126381,0.005829226598686722,10,0.027107775384066352,0.004836321571903739,10,0.1091225232436878,0.005168697111215779,10,0.014990616916868909,0.006827181648241041,10,0.03922493385126381,0.005829226598686722,10,0.826967528893781,0.02485927964540307,10,0.20739247311827952,0.02126414130648688,10,0.548018154311649,0.02302985104469999,10,3305.0,0.0,10,0.811976911976912,0.025712613944839795,10,0.16816753926701566,0.01852183400152516,10,0.43889563106796114,0.021442609919406785,10,3296.0,0.0,10,0.0,0.0,10,0.0,0.0,10,0.0,0.0,10,0.0,0.0,10,0.0,0.0,10,0.1254215253310773,0.005457465132609128,10,0.00753294378523221,0.0017369350351036802,10,0.0,0.0,10,0.0,0.0,10,0.0,0.0,10,0.0,0.0,10,0.0,0.0,10,0.19952456800542323,0.014096780590025683,10,0.00010710339666141057,0.00022148433108725232,10,2.209301461531695e-05,2.788193007783144e-05,10,0.0,0.0,10,0.19952456800542323,0.014096780590025683,10,0.19948038197619258,0.01410964631805742,10,0.0021388888888888404,0.0029223196247204052,10,0.0021388888888888404,0.0029223196247204052,10,0.0011111111111110701,0.0012001371663718295,10,0.0011111111111110701,0.0012001371663718295,10,0.00074999999999994,0.0007527954305251056,10,0.00074999999999994,0.0007527954305251056,10,0.9988888888888889,0.0012001371663717755,10
credit_broad,additive,0.7860003138542508,0.0011933957145304351,10,0.9135445007536644,0.0010793212093096881,10,0.8917372648154969,0.001089007002614256,10,0.820236508994004,0.0014980750714036616,10,0.13430378326328354,0.0003954282482849191,10,0.42914624304951693,0.001543721473029264,10,0.02045061622038287,0.007603005190167443,10,0.01632344386368944,0.006313290114700262,10,0.025894866391081663,0.004653124900117791,10,0.01456685082275431,0.0035187532803666968,10,0.01808003690462455,0.010482183115981016,10,0.9418746533555187,0.00670061381553669,10,0.6288695652173912,0.02150716824861781,10,0.8661900756938603,0.009875640747584461,10,2378.0,0.0,10,0.956441504178273,0.004362646482135814,10,0.6469496021220159,0.014498824606257258,10,0.8920849420849422,0.006379677034001836,10,3626.0,0.0,10,1.8654534642933623e-08,9.960398493631024e-09,10,0.0,0.0,10,0.0012115458068867701,0.0003269465336373544,10,0.01143256361868957,0.003312275817249184,10,0.0,0.0,10,0.02786237670324026,0.0029794970783739317,10,0.0028844679216445098,0.0006505818871773555,10,1.8436600424492044e-08,9.83596910490492e-09,10,0.0,0.0,10,0.00118267864934585,0.0003282799059324408,10,0.01103628684484736,0.0033096682677961234,10,0.0,0.0,10,0.027342010777306032,0.002982997188166093,10,0.000706183546610903,0.0006810915344471525,10,0.000864966499863789,0.0007084007772700958,10,0.0016483043579123466,0.001610011683039578,10,0.027342010777306032,0.002982997188166093,10,0.025612077777578353,0.0021392246892276328,10,0.0845825720057646,0.0477588277285698,10,0.0845825720057646,0.0477588277285698,10,0.04523376619506153,0.032757460668565185,10,0.04401505452426015,0.0320158848570784,10,0.02739751783072486,0.022631024248338922,10,0.02611851899678889,0.021614296725288463,10,0.9547662338049383,0.03275746066856514,10
credit_broad,erm,0.7849165187930291,0.0031870511806472218,10,0.9132756872144047,0.001629819638165496,10,0.8913731877780677,0.002016960273778793,10,0.8197368421052632,0.0028090956453926588,10,0.13484642190024693,0.0013356979864963315,10,0.43096126211345503,0.004945945584414238,10,0.03255348810335457,0.013764677507135252,10,0.02514113323622702,0.009363988736100311,10,0.03185611161701511,0.007003015101551883,10,0.01816025055733471,0.005216586069576013,10,0.03212201591511931,0.014385386108405004,10,0.9387687188019967,0.009994310737571517,10,0.62,0.027181544822029394,10,0.861690496215307,0.013638631324413104,10,2378.0,0.0,10,0.9569289693593314,0.006207045353679343,10,0.6521220159151194,0.02046101953517023,10,0.8935466078323222,0.008857649913915001,10,3626.0,0.0,10,0.04037727213762662,0.028473103923335383,10,0.2443159367117594,0.2035004446154508,10,0.00676052328645822,0.004430027073892805,10,0.01902100153355965,0.009349282614331617,10,0.008265398683878331,0.010303645369017714,10,0.029042686893679743,0.007652892533048777,10,0.004859164135693759,0.0033533548699086722,10,0.0374317338548544,0.02400044656814643,10,0.22983776137584652,0.19183300571126125,10,0.0059719894662106,0.003803432473474506,10,0.01851069760030375,0.008730322179527277,10,0.006539907036154387,0.008188965442575136,10,0.02794368703596454,0.007683751017829224,10,0.00370904395749991,0.00789432285725686,10,0.0017264648602904457,0.0024171102826631412,10,0.004428173363616795,0.006321867837855422,10,0.02794368703596454,0.007683751017829224,10,0.02461455016372506,0.0038156744552767666,10,0.11339422761915821,0.07305514854398816,10,0.07356328641263182,0.05013345843967948,10,0.06624388879273216,0.05689913422624209,10,0.04145771299155445,0.037631455894962446,10,0.04541363035888372,0.0467084498868337,10,0.02859908291236221,0.030820331538193302,10,0.734935263444845,0.20860144927242386,10
credit_broad,is,0.7842946528087944,0.002432571249205407,10,0.9136183287482617,0.0011305127206339182,10,0.8920791702497961,0.0008443470533665379,10,0.8181545636242505,0.002242564330021201,10,0.13626618162505927,0.0009605152227391008,10,0.43262884435121657,0.0023731590352525245,10,0.01478441751697889,0.008191911874305902,10,0.00889728306410668,0.003967692943724115,10,0.00882320332037979,0.004432363556294187,10,0.00362572747061915,0.002424245536999102,10,0.014168838657594222,0.008983903818233071,10,0.963006100942873,0.005552778629528201,10,0.7064347826086956,0.029738621912763927,10,0.9009671993271656,0.011259805835902146,10,2378.0,0.0,10,0.9665738161559888,0.004139404480066657,10,0.693501326259947,0.022099468960978655,10,0.9097904026475454,0.007787882545825662,10,3626.0,0.0,10,0.009608764631410829,0.0006145892152996885,10,0.00116380696840626,0.0005390993389392629,10,0.00144932924331738,9.635923205748845e-05,10,0.00536549011463983,0.002542839867888291,10,0.0,0.0,10,0.02087693559260169,0.0025314470716087134,10,0.0011412941186366,0.00020844808031886014,10,0.00917999590565672,0.000669000984987756,10,0.00078944747468487,0.0006615951877457139,10,0.0013665400479258099,0.00011331448734004503,10,0.00518359820536212,0.0026909406351788945,10,0.0,0.0,10,0.020185532315890868,0.002838472593191322,10,1.3972758662515866e-05,7.528147076163087e-06,10,6.0418086361715214e-05,1.9031658828294506e-05,10,0.00022338223843472506,0.0001471721884451184,10,0.020185532315890868,0.002838472593191322,10,0.02006825452299893,0.002831394625968068,10,0.03043406661824206,0.00580017081999743,10,0.02229577987336222,0.004918646875044392,10,0.0035802592768050105,0.0018340254213953628,10,0.00222343125889598,0.0014427457969242322,10,0.00047208137545676004,0.0004986681576490283,10,0.00032608147419977947,0.00046222822740713123,10,0.9956388798876994,0.001778171014843694,10
credit_broad,removal,0.7849010031264713,0.0030123728990028294,10,0.9130845131729529,0.0016688284138991632,10,0.8918717223650393,0.0015476712643342546,10,0.8210526315789475,0.0020686897576591787,10,0.13470622117743775,0.0007446854960297283,10,0.4308329758620338,0.0025520650632727404,10,0.0125858855679083,0.005844149266314297,10,0.0096821202843707,0.0036210713655161764,10,0.020915247648396702,0.003361622926349431,10,0.010629838538987099,0.003225234113313162,10,0.00873440202975433,0.0066834438689501365,10,0.9413200221852469,0.008312480375588335,10,0.6205217391304347,0.022162827578537717,10,0.8637510513036165,0.011157694837192244,10,2378.0,0.0,10,0.951949860724234,0.005419042493003135,10,0.6283819628647215,0.019328845307412933,10,0.8846662989520132,0.008184026378542044,10,3626.0,0.0,10,0.0,0.0,10,0.0,0.0,10,0.0,0.0,10,0.0,0.0,10,0.0,0.0,10,0.027834369079150177,0.005382754465421088,10,0.00243807367917631,0.000891464940886625,10,0.0,0.0,10,0.0,0.0,10,0.0,0.0,10,0.0,0.0,10,0.0,0.0,10,0.027730197890568097,0.0056588451772026805,10,0.0018050278526742787,0.0027532537001546493,10,0.0012316261799177443,0.001452735991589002,10,0.0019737258094905475,0.0027708714083892797,10,0.027730197890568097,0.0056588451772026805,10,0.0252669455307325,0.0033757504333555267,10,0.07993921955402229,0.05317522311364774,10,0.07993921955402229,0.05317522311364774,10,0.04288264570138556,0.03884099228910262,10,0.04288264570138556,0.03884099228910262,10,0.029064092257046276,0.029539455921630042,10,0.029064092257046276,0.029539455921630042,10,0.9571173542986143,0.03884099228910261,10
hmda_oh,additive,0.8503258736696658,0.0012755679540068152,10,0.9506170918845,0.00047536073480919117,10,0.9234335918803369,0.0006975994118953661,10,0.8699083333333334,0.0010247327263700535,10,0.09964004197549067,0.0008325262890188042,10,0.332442640134226,0.003382858505310228,10,0.14177471844376183,0.01785513595451472,10,0.09831067571524438,0.011785636525616816,10,0.14564950830751572,0.012673139288941865,10,0.05484663298672689,0.012180897890369517,10,0.14177471844376183,0.01785513595451472,10,0.9763850945251885,0.005319290287809001,10,0.5761143410852714,0.02383126724746031,10,0.9027195720017833,0.008666731489526798,10,11215.0,0.0,10,0.9215384615384616,0.01572277919667269,10,0.4343396226415094,0.03164465893174847,10,0.7570700636942675,0.0195056580889118,10,785.0,0.0,10,4.653251558666453e-08,1.2521607200401876e-08,10,0.0,0.0,10,0.01340089292011171,0.00368018241073731,10,0.03212546528713115,0.008994177952506682,10,0.0,0.0,10,0.07943623163095417,0.008956858382241658,10,0.034078673060225675,0.0044165554739669845,10,2.5484725838437142e-08,1.4471983840519742e-08,10,0.0,0.0,10,0.010332474019410261,0.0027998475228729657,10,0.032521607679680556,0.010257209126981548,10,0.0,0.0,10,0.06848762431739003,0.008293838215516668,10,0.05609288444252125,0.02869230349556369,10,0.01069820126861768,0.0032361255538962655,10,0.011808090232640438,0.004495617298416245,10,0.06848762431739003,0.008293838215516668,10,0.04709122178015459,0.005670123651186677,10,0.2660485046827378,0.035076960209479216,10,0.2660485046827378,0.035076960209479216,10,0.20427708556202023,0.03384333211384867,10,0.19231846751123358,0.02938747262932971,10,0.17282283474625076,0.02962465978025625,10,0.1576389648751217,0.026124395496016785,10,0.7957229144379798,0.03384333211384867,10
hmda_oh,erm,0.8503709616143558,0.0019425319943421017,10,0.9508914104541015,0.0007336435582586655,10,0.9238978547893005,0.0008396180979903214,10,0.8702833333333333,0.0014866691579450988,10,0.0996507559264217,0.0009049802874104904,10,0.33190622708382916,0.0032833400338938513,10,0.15129680415386862,0.03091553412302842,10,0.1043579798448117,0.02474052726943112,10,0.1489829079003041,0.023848745553717462,10,0.05741915553575476,0.019860233720170206,10,0.15129680415386862,0.03091553412302842,10,0.9801114632280626,0.004320116877352009,10,0.5901647286821705,0.02090825170876774,10,0.9083459652251449,0.007210344609519364,10,11215.0,0.0,10,0.9226923076923077,0.021544565679589713,10,0.43886792452830187,0.04099355437548957,10,0.7593630573248408,0.027535116893837145,10,785.0,0.0,10,0.20039720839858077,0.052330937987918345,10,0.8073119544682639,0.04285462762414832,10,0.03583678889163762,0.006531767623998311,10,0.05341678396683978,0.010920410681779649,10,0.04501982360020295,0.013818410065264897,10,0.08031808065743372,0.006766345616973346,10,0.03814566530510008,0.005798169296370819,10,0.1780043244646831,0.04555546346553158,10,0.7498928628275988,0.05404541640536104,10,0.031082550771872254,0.006182509508701698,10,0.0543329809084387,0.011957231018210397,10,0.04416144832503641,0.016657979483246106,10,0.06762308226185236,0.007756346698984462,10,0.04839214372959605,0.021164360131617904,10,0.01054178748097245,0.0017417270608348638,10,0.013609935549617619,0.003847804732287636,10,0.06762308226185236,0.007756346698984462,10,0.04735351514091631,0.008309784852665782,10,0.33478470240103875,0.04767877237437301,10,0.21382931208314981,0.02162628352312118,10,0.261256855582831,0.03478026524289476,10,0.15832822530594076,0.013583651248388114,10,0.2224657784449222,0.030843300084746558,10,0.12995446886201295,0.011779643530501259,10,0.2032263368753066,0.044596105195477034,10
hmda_oh,is,0.8420744357103093,0.0053889535104317855,10,0.9478068144640084,0.0019125626933454755,10,0.9203676525845446,0.0014830994980291696,10,0.8619916666666667,0.002629794269754687,10,0.10442436919344425,0.002836210526226049,10,0.34629212852694147,0.009148784338531888,10,0.014322453950948371,0.009805887427453102,10,0.00842580557269315,0.005065336327407529,10,0.04446177917995396,0.0066060055462912595,10,0.0027474719030286454,0.002260798929788908,10,0.014104139242357672,0.01001305747904122,10,0.9894765599388045,0.005225065281955408,10,0.6666666666666667,0.02298053411666118,10,0.9300668747213553,0.008086819857324847,10,11215.0,0.0,10,0.9917307692307693,0.0043523705632738715,10,0.6773584905660377,0.03432141798652138,10,0.8856050955414012,0.014029456668386689,10,785.0,0.0,10,0.007754790885644169,0.0026187492669835573,10,0.0009905495437313853,0.0013266316552980584,10,0.0011841667040460402,0.0004181019828973886,10,0.00131447357878227,0.0006000061507083599,10,1.5212361227262149e-05,2.450943743907083e-05,10,0.04714508036129716,0.003027936698674741,10,0.01083375341226504,0.002197374306584567,10,0.00683331601253849,0.0024134038635238806,10,0.00068276248818606,0.0011504917208925134,10,0.0009887539546767,0.0003743393699879203,10,0.00116060105608721,0.0008229844720905674,10,0.0,0.0,10,0.04331414757059847,0.006087730659158577,10,6.37335218726557e-05,5.121364635640848e-05,10,9.388509151715873e-05,5.669226802460624e-05,10,9.738765854317e-05,0.0001648373107336115,10,0.04331414757059847,0.006087730659158577,10,0.04312730790650202,0.006139612140523323,10,0.01623247458802817,0.007193786855724297,10,0.01377755803599379,0.007339568775017159,10,0.0068289159381136905,0.004177093414368948,10,0.0059642925340155,0.0039534693429917256,10,0.00327707517770302,0.002288829184128719,10,0.00277417494465534,0.0020677572262722253,10,0.9925034364467352,0.003893277993103277,10
hmda_oh,removal,0.85031055873045,0.0015122831610929885,10,0.9505922953076175,0.000652420803166674,10,0.9237722922564663,0.0006055631168623133,10,0.8700416666666667,0.0010506097582820785,10,0.09957960316925561,0.00044593006237240567,10,0.33155166655079676,0.0013710866116624452,10,0.07942463799912239,0.020754239798004195,10,0.05108897602737654,0.015442390929833356,10,0.10249517962464956,0.013969085168023303,10,0.02275331405563068,0.01059053170373803,10,0.07942463799912239,0.020754239798004195,10,0.9783302371325538,0.005646847394963564,10,0.5835755813953488,0.02557932555312576,10,0.9056798930004458,0.00925448973729453,10,11215.0,0.0,10,0.9555769230769231,0.011660677527248442,10,0.5041509433962263,0.03092395973910791,10,0.8031847133757962,0.017776166190177918,10,785.0,0.0,10,0.0,0.0,10,0.0,0.0,10,0.0,0.0,10,0.0,0.0,10,0.0,0.0,10,0.07224351086076614,0.007957854110069468,10,0.026825387090690978,0.0033483646148150356,10,0.0,0.0,10,0.0,0.0,10,0.0,0.0,10,0.0,0.0,10,0.0,0.0,10,0.06303694680348772,0.008333972474304513,10,0.04369551207517725,0.013021356833550726,10,0.008892458431751871,0.001992391154964138,10,0.00493751408914522,0.002842794668059721,10,0.06303694680348772,0.008333972474304513,10,0.04525202993998388,0.006245689012221569,10,0.2560874715165727,0.022020794466048065,10,0.2560874715165727,0.022020794466048065,10,0.1848106911976624,0.01999112403673377,10,0.1848106911976624,0.01999112403673377,10,0.15121936468924724,0.01839015584555057,10,0.15121936468924724,0.01839015584555057,10,0.8151893088023374,0.019991124036733764,10
