task,method,seed,checkpoint,checkpoint_sha256,initial_state_sha256,selected_epoch,epochs,lr,task_batch,device,selection,auxiliary_penalties
hmda_oh,erm,1000,interfair/training/mlp/runs/confirmation/hmda_oh/1000/erm/selected.pt,9d3caec05650d9e7e63f7eb5230b3b7692d071bba4b58093df946849ca639d45,6a435754a0f9bdb30cd26b642d67fe263a501a2867a6177a95c921b6dfaded5b,15,40,0.001,512,cpu,validation,False
hmda_oh,erm,1001,interfair/training/mlp/runs/confirmation/hmda_oh/1001/erm/selected.pt,7897ba334ebd350ea166984bf0e4ae550dccf76421721eeb43e28cbe16a4c2c1,83121a2109dfa871f8d5091ec4bc034169e0655954a91fac8fc6b0bb252a511f,20,40,0.001,512,cpu,validation,False
hmda_oh,erm,1002,interfair/training/mlp/runs/confirmation/hmda_oh/1002/erm/selected.pt,16e26090633bd861118865dc8ba91350d71c16d67a79030fea817fdc94465763,48ad497ceedad0349edc212ff91f21f8623573feeb63cd90e1c8718a01f0cb8d,15,40,0.001,512,cpu,validation,False
hmda_oh,erm,1003,interfair/training/mlp/runs/confirmation/hmda_oh/1003/erm/selected.pt,53bf7d70159f169d6502c1921d810f77a304d561f1508ae3c735cfc53e2d21da,6b0ac52be72cec71f6001e38f73e486a636236ab127eba2a3f31688f8ea7ff3c,15,40,0.001,512,cpu,validation,False
hmda_oh,erm,1004,interfair/training/mlp/runs/confirmation/hmda_oh/1004/erm/selected.pt,2ae621ad09dfbcdac0c45d1f46e4ca5f812418d514387c0bd00261c3fd28b46a,ae3a1abc5049011a6b9a65c00a6da2e34a31fa97b328b67f1c7303d2d80d2b41,15,40,0.001,512,cpu,validation,False
hmda_oh,erm,1005,interfair/training/mlp/runs/confirmation/hmda_oh/1005/erm/selected.pt,ba3c1299f8aad436a907e1235382cdf6b5d2a636b87baf082747bd425a8ddaf8,646e692b60b511afb6fc5de2360f013ba66f3c499e20d75f696f4bdca330fb30,10,40,0.001,512,cpu,validation,False
hmda_oh,erm,1006,interfair/training/mlp/runs/confirmation/hmda_oh/1006/erm/selected.pt,4a9d7f1c17165e2fd8167a9f4b11ae267f8253f3dde3631ee250a8ea6ba3d193,88901f5dc51a3dc8d02c520b3143ef7e4709575be68b534c30119c3d1aafee84,15,40,0.001,512,cpu,validation,False
hmda_oh,erm,1007,interfair/training/mlp/runs/confirmation/hmda_oh/1007/erm/selected.pt,8b8d74e96c24c90b67764e9bfd3d658361f4e45b4f8801621c7f7b75092c8e45,963e1898fd735a49519f81a4a3a1e71642eb742fb760552d5c8fc474f50f6137,10,40,0.001,512,cpu,validation,False
hmda_oh,erm,1008,interfair/training/mlp/runs/confirmation/hmda_oh/1008/erm/selected.pt,5510ac5625a12d7a22673a1b185e25a5b761f7ee9372126883c41b2a88f7a43b,09b32dd4f709d155a29c89387384219b2ca931130cfe0df05c771f7805a6ecd9,15,40,0.001,512,cpu,validation,False
hmda_oh,erm,1009,interfair/training/mlp/runs/confirmation/hmda_oh/1009/erm/selected.pt,c4ab9993e3f11323e51d7a6a70595700e709f144b87966e942d0164914fdc3aa,3871ab26e2ba1e0f14670c06f71f2e81fd8271234d05bbad3d16ee1594a939f8,10,40,0.001,512,cpu,validation,False
hmda_oh,is,1000,interfair/training/mlp/runs/confirmation/hmda_oh/1000/equality_direction/selected.pt,5d1b7699ca40bcec3b8bf90eafe413cb15990be842a1ffc9e8cc6bbf5638cafe,6a435754a0f9bdb30cd26b642d67fe263a501a2867a6177a95c921b6dfaded5b,15,40,0.001,512,cpu,validation,True
hmda_oh,is,1001,interfair/training/mlp/runs/confirmation/hmda_oh/1001/equality_direction/selected.pt,21ad9782bd6d72e96037af301cd77027922aa7797c11156b9f28990614b0998e,83121a2109dfa871f8d5091ec4bc034169e0655954a91fac8fc6b0bb252a511f,20,40,0.001,512,cpu,validation,True
hmda_oh,is,1002,interfair/training/mlp/runs/confirmation/hmda_oh/1002/equality_direction/selected.pt,96e7ed98a1cdf6e17b82b1243d19b1b8c0eda17c81d59c914512e7de357e11d5,48ad497ceedad0349edc212ff91f21f8623573feeb63cd90e1c8718a01f0cb8d,5,40,0.001,512,cpu,validation,True
hmda_oh,is,1003,interfair/training/mlp/runs/confirmation/hmda_oh/1003/equality_direction/selected.pt,b96f25bb93d0bc6b540a4fa8d485d8acebd340976028a1e51df5e0b266eba41e,6b0ac52be72cec71f6001e38f73e486a636236ab127eba2a3f31688f8ea7ff3c,35,40,0.001,512,cpu,validation,True
hmda_oh,is,1004,interfair/training/mlp/runs/confirmation/hmda_oh/1004/equality_direction/selected.pt,68d45046cda12c3146250b70fdcac5f23a1df32c3502fcb92469f44a2bef91da,ae3a1abc5049011a6b9a65c00a6da2e34a31fa97b328b67f1c7303d2d80d2b41,10,40,0.001,512,cpu,validation,True
hmda_oh,is,1005,interfair/training/mlp/runs/confirmation/hmda_oh/1005/equality_direction/selected.pt,48a0b5d75b438097a91aa56d22ae9e49a2bf8796ddb3e82422f52356ea5d4116,646e692b60b511afb6fc5de2360f013ba66f3c499e20d75f696f4bdca330fb30,10,40,0.001,512,cpu,validation,True
hmda_oh,is,1006,interfair/training/mlp/runs/confirmation/hmda_oh/1006/equality_direction/selected.pt,135047969120b23978d53c3e10a187a72e263ac22a75020b155902cf3b1cd95e,88901f5dc51a3dc8d02c520b3143ef7e4709575be68b534c30119c3d1aafee84,5,40,0.001,512,cpu,validation,True
hmda_oh,is,1007,interfair/training/mlp/runs/confirmation/hmda_oh/1007/equality_direction/selected.pt,ac6c5a45e46499209a050484feb16879f6caf45541d2cc794ff95dad6c09f41c,963e1898fd735a49519f81a4a3a1e71642eb742fb760552d5c8fc474f50f6137,35,40,0.001,512,cpu,validation,True
hmda_oh,is,1008,interfair/training/mlp/runs/confirmation/hmda_oh/1008/equality_direction/selected.pt,36052c68ea6bbaf04ecb0708aff12dd0d39b80047c79d420b74d3b2b2a7cec28,09b32dd4f709d155a29c89387384219b2ca931130cfe0df05c771f7805a6ecd9,30,40,0.001,512,cpu,validation,True
hmda_oh,is,1009,interfair/training/mlp/runs/confirmation/hmda_oh/1009/equality_direction/selected.pt,aee48d98f922f7ef473c6287b1200b07b0f3182d120d04d2cfdeff8694f6331a,3871ab26e2ba1e0f14670c06f71f2e81fd8271234d05bbad3d16ee1594a939f8,25,40,0.001,512,cpu,validation,True
hmda_oh,additive,1000,interfair/studies/learning/runs/hmda_oh/real_additive/1000/selected.pt,1045e81827ec2696ccb87929dbecec10f861869029ef26002a2231251b0219a9,6a435754a0f9bdb30cd26b642d67fe263a501a2867a6177a95c921b6dfaded5b,21,40,0.0007,512,cpu,validation AUROC (BCE tie-break),False
hmda_oh,removal,1000,interfair/data/partitions/runs/main/mlp/hmda_oh/1000/removed/task.pt,eeca4b1a3803ed21ea7b215500265d1f4c2102919c087133dfdae7ad556d33e1,6a435754a0f9bdb30cd26b642d67fe263a501a2867a6177a95c921b6dfaded5b,15,40,0.001,512,cuda,val,False
hmda_oh,additive,1001,interfair/studies/learning/runs/hmda_oh/real_additive/1001/selected.pt,b2d3456e09d768c1e2fe7fd31a13a117e08b105fba9b88f8b916244241a6916b,83121a2109dfa871f8d5091ec4bc034169e0655954a91fac8fc6b0bb252a511f,17,40,0.0007,512,cpu,validation AUROC (BCE tie-break),False
hmda_oh,removal,1001,interfair/data/partitions/runs/main/mlp/hmda_oh/1001/removed/task.pt,e23472b56fcefc3e6aa29e32941dbe81f76a45b2d08149f4656f10a4f5ca2aee,83121a2109dfa871f8d5091ec4bc034169e0655954a91fac8fc6b0bb252a511f,12,40,0.001,512,cuda,val,False
hmda_oh,additive,1002,interfair/studies/learning/runs/hmda_oh/real_additive/1002/selected.pt,9616aa54bef5eec9056faf40d77e20c84490b7d839d11c2ab68bb1ed7c7d216e,48ad497ceedad0349edc212ff91f21f8623573feeb63cd90e1c8718a01f0cb8d,26,40,0.0007,512,cpu,validation AUROC (BCE tie-break),False
hmda_oh,removal,1002,interfair/data/partitions/runs/main/mlp/hmda_oh/1002/removed/task.pt,1e13ec2b443431855787e6aa8926b4d12ff403439d67ab1d4ea30af7c7804732,48ad497ceedad0349edc212ff91f21f8623573feeb63cd90e1c8718a01f0cb8d,15,40,0.001,512,cuda,val,False
hmda_oh,additive,1003,interfair/studies/learning/runs/hmda_oh/real_additive/1003/selected.pt,1d353d5b8b7b62a17933e36d421a023503450d0bed0f18bce403a5af6c67392b,6b0ac52be72cec71f6001e38f73e486a636236ab127eba2a3f31688f8ea7ff3c,20,40,0.0007,512,cpu,validation AUROC (BCE tie-break),False
hmda_oh,removal,1003,interfair/data/partitions/runs/main/mlp/hmda_oh/1003/removed/task.pt,42edf70ecf5aa681f16be93adbaa6dd4e47e0296cd55ad497306df5ff9cb507f,6b0ac52be72cec71f6001e38f73e486a636236ab127eba2a3f31688f8ea7ff3c,15,40,0.001,512,cuda,val,False
hmda_oh,additive,1004,interfair/studies/learning/runs/hmda_oh/real_additive/1004/selected.pt,69fbda791a19971204b2fe1104c76de34c1a2ff317d30d3ac0ca4f115476aea1,ae3a1abc5049011a6b9a65c00a6da2e34a31fa97b328b67f1c7303d2d80d2b41,12,40,0.0007,512,cpu,validation AUROC (BCE tie-break),False
hmda_oh,removal,1004,interfair/data/partitions/runs/main/mlp/hmda_oh/1004/removed/task.pt,d620e8344dd378ea2d35f6c44f537762d5e79f1bf6ab2fb8704af41206650def,ae3a1abc5049011a6b9a65c00a6da2e34a31fa97b328b67f1c7303d2d80d2b41,11,40,0.001,512,cuda,val,False
hmda_oh,additive,1005,interfair/studies/learning/runs/hmda_oh/real_additive/1005/selected.pt,96b83364fcca75dcab87ffea031a1a62e93cde0359acdc56a0824f2753012a20,646e692b60b511afb6fc5de2360f013ba66f3c499e20d75f696f4bdca330fb30,16,40,0.0007,512,cpu,validation AUROC (BCE tie-break),False
hmda_oh,removal,1005,interfair/data/partitions/runs/main/mlp/hmda_oh/1005/removed/task.pt,cd2a5053664bb725749de94dc6031d0eb5f272cd6fa9bcff72b7252c226ca64e,646e692b60b511afb6fc5de2360f013ba66f3c499e20d75f696f4bdca330fb30,13,40,0.001,512,cuda,val,False
hmda_oh,additive,1006,interfair/studies/learning/runs/hmda_oh/real_additive/1006/selected.pt,533c526ead3835de73f9ade459fafa98fbc2d8326123d42686cd3400f46cc58a,88901f5dc51a3dc8d02c520b3143ef7e4709575be68b534c30119c3d1aafee84,19,40,0.0007,512,cpu,validation AUROC (BCE tie-break),False
hmda_oh,removal,1006,interfair/data/partitions/runs/main/mlp/hmda_oh/1006/removed/task.pt,57bf9163f3794fc8a9737c5552276c8117c03db2f8a24268fe5245067a15932b,88901f5dc51a3dc8d02c520b3143ef7e4709575be68b534c30119c3d1aafee84,14,40,0.001,512,cuda,val,False
hmda_oh,additive,1007,interfair/studies/learning/runs/hmda_oh/real_additive/1007/selected.pt,bb4413eb2b6b2ee91ee888b33a255e3df8943713f1276b7032b8f50e3a1a8cab,963e1898fd735a49519f81a4a3a1e71642eb742fb760552d5c8fc474f50f6137,26,40,0.0007,512,cpu,validation AUROC (BCE tie-break),False
hmda_oh,removal,1007,interfair/data/partitions/runs/main/mlp/hmda_oh/1007/removed/task.pt,9dae8dcf0e4c1f7eafad20807d1749235dc57542fbbdd333332245f97e79b5d5,963e1898fd735a49519f81a4a3a1e71642eb742fb760552d5c8fc474f50f6137,20,40,0.001,512,cuda,val,False
hmda_oh,additive,1008,interfair/studies/learning/runs/hmda_oh/real_additive/1008/selected.pt,577ea93ce9bdfd8a4a6a600c5b1b7afac750bb78b87b7f148a4860dffd43390c,09b32dd4f709d155a29c89387384219b2ca931130cfe0df05c771f7805a6ecd9,15,40,0.0007,512,cpu,validation AUROC (BCE tie-break),False
hmda_oh,removal,1008,interfair/data/partitions/runs/main/mlp/hmda_oh/1008/removed/task.pt,90e5d7cf6beaa578ad62dfcdf9bc85b0214352dd2d00767ed33e1bb1c953d45b,09b32dd4f709d155a29c89387384219b2ca931130cfe0df05c771f7805a6ecd9,14,40,0.001,512,cuda,val,False
hmda_oh,additive,1009,interfair/studies/learning/runs/hmda_oh/real_additive/1009/selected.pt,8426465b22186be7262c01d630d46228fa286467e01232c77c5a168009a5899e,3871ab26e2ba1e0f14670c06f71f2e81fd8271234d05bbad3d16ee1594a939f8,8,40,0.0007,512,cpu,validation AUROC (BCE tie-break),False
hmda_oh,removal,1009,interfair/data/partitions/runs/main/mlp/hmda_oh/1009/removed/task.pt,66b0441a0acdfd944b0de683b19161f337adb6962a48199bf0af30ae47cd90d7,3871ab26e2ba1e0f14670c06f71f2e81fd8271234d05bbad3d16ee1594a939f8,11,40,0.001,512,cuda,val,False
credit_broad,erm,1000,interfair/training/mlp/runs/confirmation/credit_broad/1000/erm/selected.pt,8312f1820cf3797fd8ba61fa0286c530f11dffe0647144c05623847a7d4e2a81,bc86ef45e5297ea8b2cc51dcc90b4ba8ea85271a53be50e4d8cc8316928bdee0,5,40,0.001,512,cpu,validation,False
credit_broad,erm,1001,interfair/training/mlp/runs/confirmation/credit_broad/1001/erm/selected.pt,7eadc5e9ef5bc4f825677a91db1b144e7bfccc91e732b593df5d56f182f46ca2,969fc55d49b000e87c9ffd5e34a57330bb71b821dfd88e441b659a1671513746,15,40,0.001,512,cpu,validation,False
credit_broad,erm,1002,interfair/training/mlp/runs/confirmation/credit_broad/1002/erm/selected.pt,e708921aa77d09682bf8e5057d08cf1ed76784dc7f62a31361eb65d3c481558d,b6fd8f1924dbfa6985f7ffbb91a2cafe9e54faba5a18e3b60fa7e1ded857d04b,10,40,0.001,512,cpu,validation,False
credit_broad,erm,1003,interfair/training/mlp/runs/confirmation/credit_broad/1003/erm/selected.pt,9b050a22ef4d81f275d391cf7c4510aef190eb0017a53fb3d82c6c4aa13b8743,b02d0aa4ee335cf779c42ad6aca7ca7596a76b04cf336294e4ecbb6c93c9f0fc,15,40,0.001,512,cpu,validation,False
credit_broad,erm,1004,interfair/training/mlp/runs/confirmation/credit_broad/1004/erm/selected.pt,6c3dcfbc40117276569e1fcea4c6f038621aa48756a2a46e5e6fed9d80bbdf5c,4511e023320411178e241e52ea84dde6915b1fc152ba077a699b998614c92b05,10,40,0.001,512,cpu,validation,False
credit_broad,erm,1005,interfair/training/mlp/runs/confirmation/credit_broad/1005/erm/selected.pt,f09092f288fe36d9cfab9f09513fc3ffd68142c015ec1655501b8874640c5be8,46e8d9dfcea48ba8907ad26aedbbce9958825e3b062e5d591409812dd4b55b4f,15,40,0.001,512,cpu,validation,False
credit_broad,erm,1006,interfair/training/mlp/runs/confirmation/credit_broad/1006/erm/selected.pt,752ccdfb22eb8f75c7e620d78caa1d150055ab1999ba0521f72b6ef50b70a776,55639135e87dfba70350572d190119063fac8d262050d1ebd98ae47f7bc33aed,20,40,0.001,512,cpu,validation,False
credit_broad,erm,1007,interfair/training/mlp/runs/confirmation/credit_broad/1007/erm/selected.pt,37bc65b82771590a41749e4f20eb15face5bca9b1aa003b35b15e7aff3b20d00,bc16e4d450dcf0de3c8cf997e42502841ccf992fb3ea383ccdec3165496bb225,25,40,0.001,512,cpu,validation,False
credit_broad,erm,1008,interfair/training/mlp/runs/confirmation/credit_broad/1008/erm/selected.pt,d07226a7ccea7d1e0047cb548a6a450be695b02baa2f761a5bbc718a61f3bfcc,733bb11b21a9275c42ce5c287ad16113901b0b8f4f31f0b6b6ede38b85476c32,5,40,0.001,512,cpu,validation,False
credit_broad,erm,1009,interfair/training/mlp/runs/confirmation/credit_broad/1009/erm/selected.pt,2ebec2b75d506dba2756e65cacad36aa5f4abf2b54eeffad405e1445bb70575a,b724d46a46516d2347887c39b000cf71009aef08e6c8f1e66a94dba14b8ba76d,10,40,0.001,512,cpu,validation,False
credit_broad,is,1000,interfair/training/mlp/runs/confirmation/credit_broad/1000/equality_direction/selected.pt,121601dbf1db5ea223c09cfc78efbbeb4668710db1b1b767529260b469defa7f,bc86ef45e5297ea8b2cc51dcc90b4ba8ea85271a53be50e4d8cc8316928bdee0,20,40,0.001,512,cpu,validation,True
credit_broad,is,1001,interfair/training/mlp/runs/confirmation/credit_broad/1001/equality_direction/selected.pt,1070dca2982a3848eaa93787faee5d1f7cb16ada46eaa0410057d6ea09b1d2f3,969fc55d49b000e87c9ffd5e34a57330bb71b821dfd88e441b659a1671513746,15,40,0.001,512,cpu,validation,True
credit_broad,is,1002,interfair/training/mlp/runs/confirmation/credit_broad/1002/equality_direction/selected.pt,75de9f208684e7a481ba4b5a24416ded85dae033de3c14ca0d959f5ca491b450,b6fd8f1924dbfa6985f7ffbb91a2cafe9e54faba5a18e3b60fa7e1ded857d04b,15,40,0.001,512,cpu,validation,True
credit_broad,is,1003,interfair/training/mlp/runs/confirmation/credit_broad/1003/equality_direction/selected.pt,e467d4ff8b43346c23ea7195ea5dff56765e4e5d378268146bc673b5221c5285,b02d0aa4ee335cf779c42ad6aca7ca7596a76b04cf336294e4ecbb6c93c9f0fc,15,40,0.001,512,cpu,validation,True
credit_broad,is,1004,interfair/training/mlp/runs/confirmation/credit_broad/1004/equality_direction/selected.pt,6757a5cf31a475b162776e1ffefaf6e5f101000b01035c0c2db8131d0ed2e23e,4511e023320411178e241e52ea84dde6915b1fc152ba077a699b998614c92b05,10,40,0.001,512,cpu,validation,True
credit_broad,is,1005,interfair/training/mlp/runs/confirmation/credit_broad/1005/equality_direction/selected.pt,0efbef6443bbf817880e50f01d9e20978f010ef8c1978754b236d8a30663c2f6,46e8d9dfcea48ba8907ad26aedbbce9958825e3b062e5d591409812dd4b55b4f,5,40,0.001,512,cpu,validation,True
credit_broad,is,1006,interfair/training/mlp/runs/confirmation/credit_broad/1006/equality_direction/selected.pt,d925519f2ed0b29cfb698d05aa92472234b30cc27fcd5b9162dbc0a27deb5de0,55639135e87dfba70350572d190119063fac8d262050d1ebd98ae47f7bc33aed,10,40,0.001,512,cpu,validation,True
credit_broad,is,1007,interfair/training/mlp/runs/confirmation/credit_broad/1007/equality_direction/selected.pt,4f0e2c121d3994e714aabb758dcabaab23be244b371599c9410773f63b707196,bc16e4d450dcf0de3c8cf997e42502841ccf992fb3ea383ccdec3165496bb225,5,40,0.001,512,cpu,validation,True
credit_broad,is,1008,interfair/training/mlp/runs/confirmation/credit_broad/1008/equality_direction/selected.pt,f269ba0d4b4dbe079b1f2bf583a8c2e2444e5c67df161e988168afcee30bae48,733bb11b21a9275c42ce5c287ad16113901b0b8f4f31f0b6b6ede38b85476c32,10,40,0.001,512,cpu,validation,True
credit_broad,is,1009,interfair/training/mlp/runs/confirmation/credit_broad/1009/equality_direction/selected.pt,354e1e69e88a699512b000fbfac8ca6144972ff73f91af140e547d48b3c1c2cb,b724d46a46516d2347887c39b000cf71009aef08e6c8f1e66a94dba14b8ba76d,5,40,0.001,512,cpu,validation,True
credit_broad,additive,1000,interfair/studies/learning/runs/credit_broad/real_additive/1000/selected.pt,7fbbe647dfb899c7b317a66b978c66a25b522ee895577972b41f73dc8682428d,bc86ef45e5297ea8b2cc51dcc90b4ba8ea85271a53be50e4d8cc8316928bdee0,20,40,0.0007,512,cpu,validation AUROC (BCE tie-break),False
credit_broad,removal,1000,interfair/data/partitions/runs/main/mlp/default_credit/1000/removed/task.pt,100b0c8c0cdd80bae4cabde758f52055519c1a27a4affd191554ae9587dce0aa,bc86ef45e5297ea8b2cc51dcc90b4ba8ea85271a53be50e4d8cc8316928bdee0,5,40,0.001,512,cuda,val,False
credit_broad,additive,1001,interfair/studies/learning/runs/credit_broad/real_additive/1001/selected.pt,43e5d9eb76f971b0faeafe92892301b9245a07513fc30df6b9b622d10df1522c,969fc55d49b000e87c9ffd5e34a57330bb71b821dfd88e441b659a1671513746,19,40,0.0007,512,cpu,validation AUROC (BCE tie-break),False
credit_broad,removal,1001,interfair/data/partitions/runs/main/mlp/default_credit/1001/removed/task.pt,780b6a756711d6bdaf9d9ad29c76260e4755db19b3b902626a71c34190cf8db1,969fc55d49b000e87c9ffd5e34a57330bb71b821dfd88e441b659a1671513746,19,40,0.001,512,cuda,val,False
credit_broad,additive,1002,interfair/studies/learning/runs/credit_broad/real_additive/1002/selected.pt,b241e9af5b77d997ed067495951118d0c9f19c75bd59375754529458bcf8c379,b6fd8f1924dbfa6985f7ffbb91a2cafe9e54faba5a18e3b60fa7e1ded857d04b,12,40,0.0007,512,cpu,validation AUROC (BCE tie-break),False
credit_broad,removal,1002,interfair/data/partitions/runs/main/mlp/default_credit/1002/removed/task.pt,c254679a972d71237f186fb5e568ede9238a1f33a3c8bff46d9a6493c8764c15,b6fd8f1924dbfa6985f7ffbb91a2cafe9e54faba5a18e3b60fa7e1ded857d04b,17,40,0.001,512,cuda,val,False
credit_broad,additive,1003,interfair/studies/learning/runs/credit_broad/real_additive/1003/selected.pt,fdd238914f59f9f133dfa74c8a2cec7792323501cad73a02e8e6f2d2219762f5,b02d0aa4ee335cf779c42ad6aca7ca7596a76b04cf336294e4ecbb6c93c9f0fc,13,40,0.0007,512,cpu,validation AUROC (BCE tie-break),False
credit_broad,removal,1003,interfair/data/partitions/runs/main/mlp/default_credit/1003/removed/task.pt,1b072c86345f725c4a9c7f671e307703e5a11341e63d297c308b531c475507cf,b02d0aa4ee335cf779c42ad6aca7ca7596a76b04cf336294e4ecbb6c93c9f0fc,6,40,0.001,512,cuda,val,False
credit_broad,additive,1004,interfair/studies/learning/runs/credit_broad/real_additive/1004/selected.pt,d3edc6b7a47aae487b53fd28670a42fb05d76de739bb5ac6352dfff87a6bfabc,4511e023320411178e241e52ea84dde6915b1fc152ba077a699b998614c92b05,12,40,0.0007,512,cpu,validation AUROC (BCE tie-break),False
credit_broad,removal,1004,interfair/data/partitions/runs/main/mlp/default_credit/1004/removed/task.pt,5c0aa93afd67faf631596f3ca077c2d701e7f64b3c9bccdce8b10af27bff3c5e,4511e023320411178e241e52ea84dde6915b1fc152ba077a699b998614c92b05,16,40,0.001,512,cuda,val,False
credit_broad,additive,1005,interfair/studies/learning/runs/credit_broad/real_additive/1005/selected.pt,fdd34357ccc8e5f440e06269be7ec41f0215ae5a7ff74ee813f9b3d002a6ed90,46e8d9dfcea48ba8907ad26aedbbce9958825e3b062e5d591409812dd4b55b4f,14,40,0.0007,512,cpu,validation AUROC (BCE tie-break),False
credit_broad,removal,1005,interfair/data/partitions/runs/main/mlp/default_credit/1005/removed/task.pt,0ea8a1ea91882c043ef4f04103857185e3465dae79ac240528e25b2e1dc3933c,46e8d9dfcea48ba8907ad26aedbbce9958825e3b062e5d591409812dd4b55b4f,15,40,0.001,512,cuda,val,False
credit_broad,additive,1006,interfair/studies/learning/runs/credit_broad/real_additive/1006/selected.pt,516c2abe384390b97453b798df804eb9a647db16ba5423c567577a76d172a9cf,55639135e87dfba70350572d190119063fac8d262050d1ebd98ae47f7bc33aed,18,40,0.0007,512,cpu,validation AUROC (BCE tie-break),False
credit_broad,removal,1006,interfair/data/partitions/runs/main/mlp/default_credit/1006/removed/task.pt,8e6a45360823f1e988c43bcdfc709e245524fef26a937602e6eb34c03fb77020,55639135e87dfba70350572d190119063fac8d262050d1ebd98ae47f7bc33aed,20,40,0.001,512,cuda,val,False
credit_broad,additive,1007,interfair/studies/learning/runs/credit_broad/real_additive/1007/selected.pt,63fd05a71f316e1fc7ef12b70db7f76ef4fb9f84af0d552f2eab96bb5a3ff8e4,bc16e4d450dcf0de3c8cf997e42502841ccf992fb3ea383ccdec3165496bb225,16,40,0.0007,512,cpu,validation AUROC (BCE tie-break),False
credit_broad,removal,1007,interfair/data/partitions/runs/main/mlp/default_credit/1007/removed/task.pt,c80218b8f2baeeac63c102e67fc56dcd19f26571edffc0a51d1007f6c3edf7df,bc16e4d450dcf0de3c8cf997e42502841ccf992fb3ea383ccdec3165496bb225,8,40,0.001,512,cuda,val,False
credit_broad,additive,1008,interfair/studies/learning/runs/credit_broad/real_additive/1008/selected.pt,fd559fc5ad42382a6de50c0dcd5de7341bf91ea6e87094370819c7c240d0d72e,733bb11b21a9275c42ce5c287ad16113901b0b8f4f31f0b6b6ede38b85476c32,24,40,0.0007,512,cpu,validation AUROC (BCE tie-break),False
credit_broad,removal,1008,interfair/data/partitions/runs/main/mlp/default_credit/1008/removed/task.pt,5a513a2fa854c92d78e87e1b3f7c750e706a0c8893123e11084351da5f72fbae,733bb11b21a9275c42ce5c287ad16113901b0b8f4f31f0b6b6ede38b85476c32,5,40,0.001,512,cuda,val,False
credit_broad,additive,1009,interfair/studies/learning/runs/credit_broad/real_additive/1009/selected.pt,8a4892045c926ef89f7bdf5a4f4b5c6a264b9225e8c3eb9080f5a03d1390410e,b724d46a46516d2347887c39b000cf71009aef08e6c8f1e66a94dba14b8ba76d,8,40,0.0007,512,cpu,validation AUROC (BCE tie-break),False
credit_broad,removal,1009,interfair/data/partitions/runs/main/mlp/default_credit/1009/removed/task.pt,3df77b9a2572b0e3aac0134c3037022f75431b32536cb4007df02023cc945f45,b724d46a46516d2347887c39b000cf71009aef08e6c8f1e66a94dba14b8ba76d,16,40,0.001,512,cuda,val,False
acs_income,erm,1000,interfair/training/mlp/runs/confirmation/acs_income/1000/erm/selected.pt,e370ca7e188e331c908b96598d3f32bdaf4e26ea8a6e60732638579528ae8fae,7d00f417607cba3d2965c934bad356cb807be693ea5a665df5bc59242f0dd8ec,5,40,0.001,512,cpu,validation,False
acs_income,erm,1001,interfair/training/mlp/runs/confirmation/acs_income/1001/erm/selected.pt,77a148b3a7d1cb7d6a4beb6824974fa46dce2b5c84814f08eb374c5347020c1e,dc7a60470b5e53070f87ee8fc13b095af653b0f1df364122f39c80f5ac018b77,5,40,0.001,512,cpu,validation,False
acs_income,erm,1002,interfair/training/mlp/runs/confirmation/acs_income/1002/erm/selected.pt,424ccad3c041a78d8342e8a4816e2cf835dff12982cf405751a1a32bc380251f,e6c64f6ee2a9d5e14f2812145e01bca264d19f811ac7f3e883c01bb2a1687870,5,40,0.001,512,cpu,validation,False
acs_income,erm,1003,interfair/training/mlp/runs/confirmation/acs_income/1003/erm/selected.pt,42f115af61bacd40cba902db56420136f1c042079be3b638c5ffa453c89956df,e49ba44d89e498116d6d1af5c3ce24a10b77113ba73b10b305c8a040f0612b60,5,40,0.001,512,cpu,validation,False
acs_income,erm,1004,interfair/training/mlp/runs/confirmation/acs_income/1004/erm/selected.pt,ff6e454af4d7f76dbcac6639e891148a1ad72936cac818f78e24ccf154fae1c9,fb32c8928726449c2e632145c67bd9e75e3b1418544770c2844c5059fc063a49,5,40,0.001,512,cpu,validation,False
acs_income,erm,1005,interfair/training/mlp/runs/confirmation/acs_income/1005/erm/selected.pt,b32eebb433c79f8cfadf5d5acc093d1481785b6a911ee84ca6360619b1ac3772,5b2cec3fa48f8661c5be72ad033524279e98d34a8ab87d644c08979e38de0276,5,40,0.001,512,cpu,validation,False
acs_income,erm,1006,interfair/training/mlp/runs/confirmation/acs_income/1006/erm/selected.pt,a75e0d2b05693fbc66919a7ef38ed480cf72f5d45b9041b01e5c4139fe78424d,8fa457efaa41623220321ec188f3abc4124684f396a61c8bc11dab1c0ebde478,5,40,0.001,512,cpu,validation,False
acs_income,erm,1007,interfair/training/mlp/runs/confirmation/acs_income/1007/erm/selected.pt,db63f623f8698bdda6277f5285da23da17a307a4b9fc1771aea0d95fdb43ac35,781ea79489aefa147512cfb88466d3296f3d4fd6ec53dbd8b12c06dc35087eb6,5,40,0.001,512,cpu,validation,False
acs_income,erm,1008,interfair/training/mlp/runs/confirmation/acs_income/1008/erm/selected.pt,0a63eeb21207bfd1fb4f8704022f7ada510a6f9d8fed23b5aa3006eca923077c,392f1c237ebbec0eedb2bf5666488748c9d0bdf4f998d507fba2e6929df2c74a,5,40,0.001,512,cpu,validation,False
acs_income,erm,1009,interfair/training/mlp/runs/confirmation/acs_income/1009/erm/selected.pt,9808badbdc6d385bcd41dc8efff5807a4018d8af96bb93b3fae3852e9c5e695e,2794507395f007c6582a5a5d2e4522f4d357408084388f5374ff9fb999f3b344,5,40,0.001,512,cpu,validation,False
acs_income,is,1000,interfair/training/mlp/runs/confirmation/acs_income/1000/equality_direction/selected.pt,fd0de52d6f5c4fe9f96d6aa309413afdd645b23a3ec8ad8ef6f0705e9dbdf507,7d00f417607cba3d2965c934bad356cb807be693ea5a665df5bc59242f0dd8ec,15,40,0.001,512,cpu,validation,True
acs_income,is,1001,interfair/training/mlp/runs/confirmation/acs_income/1001/equality_direction/selected.pt,1f6b2765d651b853b13af8044164042e045c5ddf79ec52f17a4eaddbce481230,dc7a60470b5e53070f87ee8fc13b095af653b0f1df364122f39c80f5ac018b77,25,40,0.001,512,cpu,validation,True
acs_income,is,1002,interfair/training/mlp/runs/confirmation/acs_income/1002/equality_direction/selected.pt,0ed9a9f32f7c680722608020fc730ef71814ba211d7c602407274cc0d4236c0f,e6c64f6ee2a9d5e14f2812145e01bca264d19f811ac7f3e883c01bb2a1687870,5,40,0.001,512,cpu,validation,True
acs_income,is,1003,interfair/training/mlp/runs/confirmation/acs_income/1003/equality_direction/selected.pt,dd09355c8c41b9203a550a548e055f3df68d75e1a096fc10d06caa77aa1acd10,e49ba44d89e498116d6d1af5c3ce24a10b77113ba73b10b305c8a040f0612b60,5,40,0.001,512,cpu,validation,True
acs_income,is,1004,interfair/training/mlp/runs/confirmation/acs_income/1004/equality_direction/selected.pt,170af57297c35ceeee49ee7cb34cf94821c8c5f0167ba3015afe914f297be6b0,fb32c8928726449c2e632145c67bd9e75e3b1418544770c2844c5059fc063a49,10,40,0.001,512,cpu,validation,True
acs_income,is,1005,interfair/training/mlp/runs/confirmation/acs_income/1005/equality_direction/selected.pt,2acb065ca45c1919b9e98aa5e3346db479b2c932bb27fb7b7d30cd1c5fe2cc31,5b2cec3fa48f8661c5be72ad033524279e98d34a8ab87d644c08979e38de0276,20,40,0.001,512,cpu,validation,True
acs_income,is,1006,interfair/training/mlp/runs/confirmation/acs_income/1006/equality_direction/selected.pt,b8b606cb6a1da3c09587367513b24f5f6d8d0aaf27768c109422bc61015c3129,8fa457efaa41623220321ec188f3abc4124684f396a61c8bc11dab1c0ebde478,5,40,0.001,512,cpu,validation,True
acs_income,is,1007,interfair/training/mlp/runs/confirmation/acs_income/1007/equality_direction/selected.pt,48d66a7bb55d8a8cc66a914d527751d2d461316ce3e66e381539946d679a4d0f,781ea79489aefa147512cfb88466d3296f3d4fd6ec53dbd8b12c06dc35087eb6,10,40,0.001,512,cpu,validation,True
acs_income,is,1008,interfair/training/mlp/runs/confirmation/acs_income/1008/equality_direction/selected.pt,fa82f0ccc85e602a75ebaca92f805b51ee0aeac20bae3c4cbf30c78dfb986db4,392f1c237ebbec0eedb2bf5666488748c9d0bdf4f998d507fba2e6929df2c74a,5,40,0.001,512,cpu,validation,True
acs_income,is,1009,interfair/training/mlp/runs/confirmation/acs_income/1009/equality_direction/selected.pt,8cfee47a638b4e827cfe60698148ae1e97d629583664a13b3cd4814d5e9be256,2794507395f007c6582a5a5d2e4522f4d357408084388f5374ff9fb999f3b344,25,40,0.001,512,cpu,validation,True
acs_income,additive,1000,interfair/studies/learning/runs/acs_income/real_additive/1000/selected.pt,f5b354ea9b4f55a8c43ffe8a56b1080e932faf00ac80d39c5fe9e22287a77b7a,7d00f417607cba3d2965c934bad356cb807be693ea5a665df5bc59242f0dd8ec,7,40,0.0007,512,cpu,validation AUROC (BCE tie-break),False
acs_income,removal,1000,interfair/studies/learning/plain_alternatives/runs/confirmation/1000/selected.pt,b14cbbd4702fe4834bfb5b053f43a5f9e3693fb69f9680c0db7a2ab645669d3f,7d00f417607cba3d2965c934bad356cb807be693ea5a665df5bc59242f0dd8ec,5,40,0.001,512,cpu,"natural validation AUROC, BCE tie-break, every epoch",False
acs_income,additive,1001,interfair/studies/learning/runs/acs_income/real_additive/1001/selected.pt,562a96846ecc6cea6b7dce93c99a0871b708628c7688c238496915ac6e96105b,dc7a60470b5e53070f87ee8fc13b095af653b0f1df364122f39c80f5ac018b77,7,40,0.0007,512,cpu,validation AUROC (BCE tie-break),False
acs_income,removal,1001,interfair/studies/learning/plain_alternatives/runs/confirmation/1001/selected.pt,7157d9801006d466f20dcddbd6de6a505a1673284c70bae87af04527dd0e119f,dc7a60470b5e53070f87ee8fc13b095af653b0f1df364122f39c80f5ac018b77,5,40,0.001,512,cpu,"natural validation AUROC, BCE tie-break, every epoch",False
acs_income,additive,1002,interfair/studies/learning/runs/acs_income/real_additive/1002/selected.pt,f94b1bdd0450eba9d1ba4795a523f1445a315f1d3ec17c08893b27f54cbc535c,e6c64f6ee2a9d5e14f2812145e01bca264d19f811ac7f3e883c01bb2a1687870,7,40,0.0007,512,cpu,validation AUROC (BCE tie-break),False
acs_income,removal,1002,interfair/studies/learning/plain_alternatives/runs/confirmation/1002/selected.pt,3e95104a9565f1cd6b06094593f32404ca2bb33dd4b638dcc04be24278750375,e6c64f6ee2a9d5e14f2812145e01bca264d19f811ac7f3e883c01bb2a1687870,6,40,0.001,512,cpu,"natural validation AUROC, BCE tie-break, every epoch",False
acs_income,additive,1003,interfair/studies/learning/runs/acs_income/real_additive/1003/selected.pt,04745089018985c08ff89d38a385b76666b9ddee4db2bf11cc4a7bd189e843f2,e49ba44d89e498116d6d1af5c3ce24a10b77113ba73b10b305c8a040f0612b60,7,40,0.0007,512,cpu,validation AUROC (BCE tie-break),False
acs_income,removal,1003,interfair/studies/learning/plain_alternatives/runs/confirmation/1003/selected.pt,fe1bcbc1ea32bc4f8034064a3fe1408ccd9af12455ce6ab013ecd501f971bd44,e49ba44d89e498116d6d1af5c3ce24a10b77113ba73b10b305c8a040f0612b60,5,40,0.001,512,cpu,"natural validation AUROC, BCE tie-break, every epoch",False
acs_income,additive,1004,interfair/studies/learning/runs/acs_income/real_additive/1004/selected.pt,6915126957a816da639be1208d5676fe7a4ee5ca4382db0df875957542f15670,fb32c8928726449c2e632145c67bd9e75e3b1418544770c2844c5059fc063a49,7,40,0.0007,512,cpu,validation AUROC (BCE tie-break),False
acs_income,removal,1004,interfair/studies/learning/plain_alternatives/runs/confirmation/1004/selected.pt,dbe563aaaea54588e8372f834d592ce1a4af1fd7515f9d832d44d5a8ff691b70,fb32c8928726449c2e632145c67bd9e75e3b1418544770c2844c5059fc063a49,5,40,0.001,512,cpu,"natural validation AUROC, BCE tie-break, every epoch",False
acs_income,additive,1005,interfair/studies/learning/runs/acs_income/real_additive/1005/selected.pt,b8edb2748432565f52b4d237c736abb8f7f12e54b2ac5512889ddac9ec48f988,5b2cec3fa48f8661c5be72ad033524279e98d34a8ab87d644c08979e38de0276,7,40,0.0007,512,cpu,validation AUROC (BCE tie-break),False
acs_income,removal,1005,interfair/studies/learning/plain_alternatives/runs/confirmation/1005/selected.pt,a8c33fe4c6f7f2afbb04a84c3696786ac1ad548ca6300471524f5d0d74247fce,5b2cec3fa48f8661c5be72ad033524279e98d34a8ab87d644c08979e38de0276,6,40,0.001,512,cpu,"natural validation AUROC, BCE tie-break, every epoch",False
acs_income,additive,1006,interfair/studies/learning/runs/acs_income/real_additive/1006/selected.pt,bcc7939914760798e713883d1fefe944bd381b8a8e08a598031f979705603c00,8fa457efaa41623220321ec188f3abc4124684f396a61c8bc11dab1c0ebde478,7,40,0.0007,512,cpu,validation AUROC (BCE tie-break),False
acs_income,removal,1006,interfair/studies/learning/plain_alternatives/runs/confirmation/1006/selected.pt,62991c93199aa785cdf88f54548bfac25b31f99cfbb0d6f31def91f420b59fde,8fa457efaa41623220321ec188f3abc4124684f396a61c8bc11dab1c0ebde478,7,40,0.001,512,cpu,"natural validation AUROC, BCE tie-break, every epoch",False
acs_income,additive,1007,interfair/studies/learning/runs/acs_income/real_additive/1007/selected.pt,a70fdb03047565eb4e24c2b07c6d53ffebf1dbb53f66b6d1a0c1eb8ca7b09ba4,781ea79489aefa147512cfb88466d3296f3d4fd6ec53dbd8b12c06dc35087eb6,5,40,0.0007,512,cpu,validation AUROC (BCE tie-break),False
acs_income,removal,1007,interfair/studies/learning/plain_alternatives/runs/confirmation/1007/selected.pt,976c7cdb094a62f59899c1f971851fef6e9eebcc64b1413f0a6798011a0d22cc,781ea79489aefa147512cfb88466d3296f3d4fd6ec53dbd8b12c06dc35087eb6,4,40,0.001,512,cpu,"natural validation AUROC, BCE tie-break, every epoch",False
acs_income,additive,1008,interfair/studies/learning/runs/acs_income/real_additive/1008/selected.pt,ab12f798ada04f13e081691823d3b2954eb936c1d84b77e8a6abdbb586677273,392f1c237ebbec0eedb2bf5666488748c9d0bdf4f998d507fba2e6929df2c74a,7,40,0.0007,512,cpu,validation AUROC (BCE tie-break),False
acs_income,removal,1008,interfair/studies/learning/plain_alternatives/runs/confirmation/1008/selected.pt,c58c35d5952c6b47b3887972ff6b4da965e9f5d576cb366bacf4331fe623236e,392f1c237ebbec0eedb2bf5666488748c9d0bdf4f998d507fba2e6929df2c74a,5,40,0.001,512,cpu,"natural validation AUROC, BCE tie-break, every epoch",False
acs_income,additive,1009,interfair/studies/learning/runs/acs_income/real_additive/1009/selected.pt,04b76aee43736cec897cacdca08c20354b7559e03e1d3b65e071aac82b117cad,2794507395f007c6582a5a5d2e4522f4d357408084388f5374ff9fb999f3b344,7,40,0.0007,512,cpu,validation AUROC (BCE tie-break),False
acs_income,removal,1009,interfair/studies/learning/plain_alternatives/runs/confirmation/1009/selected.pt,aeb0b76ea8b83b4594a0ee5b25753dd8eea8e0bd27456144a7630303e778ea4f,2794507395f007c6582a5a5d2e4522f4d357408084388f5374ff9fb999f3b344,5,40,0.001,512,cpu,"natural validation AUROC, BCE tie-break, every epoch",False
