task,method,architecture,reference,reference_scope,n,residual_reference,residual_method,aod_reference,aod_method,aod_change_percent,residual_change_percent,p_t,p_holm,family,measurements,inference,main_reference_marker
hmda_oh,ltdd,mlp,erm,study-specific unmitigated fit,10,0.18307421602540636,0.3176311636180381,0.10362123379801651,0.026964701231443077,-73.97762963911048,73.49857916308567,3.500477324036437e-06,0.0001750238662018,F3_published_requirement,results/studies/reference_comparisons/full_main_per_seed.csv,results/studies/reference_comparisons/full_paired_tests.csv,False
hmda_oh,cot_phi,mlp,erm,study-specific unmitigated fit,10,0.18307421602540636,0.270445716326378,0.10362123379801651,0.06662128979112927,-35.70691319793519,47.72463441211543,0.0005325766982078732,0.0223682213247306,F3_published_requirement,results/studies/reference_comparisons/full_main_per_seed.csv,results/studies/reference_comparisons/full_paired_tests.csv,False
hmda_oh,dralign,mlp,erm,study-specific unmitigated fit,10,0.18307421602540636,0.20841360435265113,0.10362123379801651,0.026507076832889387,-74.41926151491474,13.841047023098142,0.15676162704452015,1.0,F3_published_requirement,results/studies/reference_comparisons/full_main_per_seed.csv,results/studies/reference_comparisons/full_paired_tests.csv,False
hmda_oh,fairsmote,mlp,erm,study-specific unmitigated fit,10,0.18824976225320508,0.3655343751665349,0.10400322095226548,0.028015620739399665,-73.06273740093296,94.17521211786362,0.10508402325423412,1.0,classics_preprocessing_response,results/studies/requirements/classics_per_seed.csv,results/studies/requirements/classics_paired_tests.csv,False
hmda_oh,reweighing,mlp,erm,study-specific unmitigated fit,10,0.18824976225320508,0.19324912995077181,0.10400322095226548,0.01390936073960751,-86.6260288746331,2.655709966232167,0.48181811945959363,1.0,classics_preprocessing_response,results/studies/requirements/classics_per_seed.csv,results/studies/requirements/classics_paired_tests.csv,False
hmda_oh,hifi_shared,mlp,erm,primary ERM,10,0.20039720839858077,0.18969425033773982,0.1043579798448117,0.11110007418349743,6.460545085974023,-5.340871834678085,0.5599096781661987,1.0,primary_complete_published_vs_erm_response,results/studies/architecture_results/primary_complete_per_seed.csv,results/studies/architecture_results/primary_complete_paired_tests.csv,True
hmda_md,ltdd,mlp,erm_source,study-specific unmitigated fit,10,0.2222546795848296,0.3407519770629297,0.0721687986456975,0.05831607983669886,-19.194886251337785,53.315996630285724,0.00015655088408377476,0.0142461304516235,hmda_states_source_response,results/studies/hmda_states/all_per_seed.csv,results/studies/hmda_states/source_paired_tests.csv,False
hmda_md,cot_phi,mlp,erm_source,study-specific unmitigated fit,10,0.2222546795848296,0.2960134616390123,0.0721687986456975,0.02514615915514975,-65.15646702309503,33.18660475089374,0.008079859419379023,0.5413505810983938,hmda_states_source_response,results/studies/hmda_states/all_per_seed.csv,results/studies/hmda_states/source_paired_tests.csv,False
hmda_md,dralign,mlp,erm_source,study-specific unmitigated fit,10,0.2222546795848296,0.2781541226582441,0.0721687986456975,0.060444497908959796,-16.245664271476233,25.151075863884742,0.00014344520068629087,0.0131969584631388,hmda_states_source_response,results/studies/hmda_states/all_per_seed.csv,results/studies/hmda_states/source_paired_tests.csv,False
hmda_md,fairsmote,mlp,erm,study-specific unmitigated fit,10,0.217261872090389,0.39655346924007373,0.07028424574966932,0.01907353346561575,-72.86229188038844,82.52326808409936,0.00128388528446515,0.0077033117067909,hmda_fairsmote_completion_response,results/studies/hmda_fairsmote/per_seed.csv,results/studies/hmda_fairsmote/paired_tests.csv,False
hmda_md,reweighing,mlp,erm_source,study-specific unmitigated fit,10,0.2222546795848296,0.22407028331424086,0.0721687986456975,0.019212240383046537,-73.37874435548483,0.8169023630021144,0.8971861634575299,1.0,hmda_states_source_response,results/studies/hmda_states/all_per_seed.csv,results/studies/hmda_states/source_paired_tests.csv,False
hmda_md,hifi_shared,mlp,erm_source,study-specific unmitigated fit,10,0.2222546795848296,0.21611801885034154,0.0721687986456975,0.06999396804869189,-3.0135330472696897,-2.76109405028111,0.4393347684242688,1.0,hmda_states_source_response,results/studies/hmda_states/all_per_seed.csv,results/studies/hmda_states/source_paired_tests.csv,False
hmda_va,ltdd,mlp,erm_source,study-specific unmitigated fit,10,0.20637827157538782,0.2698206397290331,0.0434984776955586,0.01484217344062679,-65.87886696976928,30.740817659416454,0.016792662829495632,0.9907671069402432,hmda_states_source_response,results/studies/hmda_states/all_per_seed.csv,results/studies/hmda_states/source_paired_tests.csv,False
hmda_va,cot_phi,mlp,erm_source,study-specific unmitigated fit,10,0.20637827157538782,0.18037316199403713,0.0434984776955586,0.01645766826586634,-62.16495579212706,-12.600701315521622,0.21525459663781887,1.0,hmda_states_source_response,results/studies/hmda_states/all_per_seed.csv,results/studies/hmda_states/source_paired_tests.csv,False
hmda_va,dralign,mlp,erm_source,study-specific unmitigated fit,10,0.20637827157538782,0.26578386444999097,0.0434984776955586,0.063032600307361,44.90760055678209,28.78480976758395,1.877168194437444e-06,0.0001895939876381,hmda_states_source_response,results/studies/hmda_states/all_per_seed.csv,results/studies/hmda_states/source_paired_tests.csv,False
hmda_va,fairsmote,mlp,erm,study-specific unmitigated fit,10,0.19170333755241664,0.3314185194143482,0.04103717156732136,0.05064776737074219,23.419245129149992,72.88093344943971,4.547124303422074e-05,0.0005001836733764,hmda_fairsmote_completion_response,results/studies/hmda_fairsmote/per_seed.csv,results/studies/hmda_fairsmote/paired_tests.csv,False
hmda_va,reweighing,mlp,erm_source,study-specific unmitigated fit,10,0.20637827157538782,0.2012639597589613,0.0434984776955586,0.02345934238478451,-46.06858991945867,-2.4781251327411713,0.7273840339927751,1.0,hmda_states_source_response,results/studies/hmda_states/all_per_seed.csv,results/studies/hmda_states/source_paired_tests.csv,False
hmda_va,hifi_shared,mlp,erm_source,study-specific unmitigated fit,10,0.20637827157538782,0.20781562593465944,0.0434984776955586,0.03923062837690657,-9.811491217054236,0.6964659352457936,0.842527108197092,1.0,hmda_states_source_response,results/studies/hmda_states/all_per_seed.csv,results/studies/hmda_states/source_paired_tests.csv,False
hmda_pa,ltdd,mlp,erm_source,study-specific unmitigated fit,10,0.1911968015453358,0.38194979911859017,0.1337734263211471,0.07657553584812665,-42.75728898182414,99.76788106888064,6.873532408473152e-10,7.21720902889681e-08,hmda_states_source_response,results/studies/hmda_states/all_per_seed.csv,results/studies/hmda_states/source_paired_tests.csv,False
hmda_pa,cot_phi,mlp,erm_source,study-specific unmitigated fit,10,0.1911968015453358,0.2682997036688539,0.1337734263211471,0.0847527168016699,-36.644579471108266,40.326460223360904,3.9377787450866224e-05,0.0037802675952831,hmda_states_source_response,results/studies/hmda_states/all_per_seed.csv,results/studies/hmda_states/source_paired_tests.csv,False
hmda_pa,dralign,mlp,erm_source,study-specific unmitigated fit,10,0.1911968015453358,0.23044450244543363,0.1337734263211471,0.02096326601356386,-84.32927481184657,20.52738360834534,0.00214388873938677,0.1693672104115545,hmda_states_source_response,results/studies/hmda_states/all_per_seed.csv,results/studies/hmda_states/source_paired_tests.csv,False
hmda_pa,fairsmote,mlp,erm,study-specific unmitigated fit,10,0.1866146925064884,0.2579503327014522,0.14245883001373671,0.02324423590077341,-83.68354148455938,38.22616495884079,0.05382315164728988,0.1076463032945796,hmda_fairsmote_completion_response,results/studies/hmda_fairsmote/per_seed.csv,results/studies/hmda_fairsmote/paired_tests.csv,False
hmda_pa,reweighing,mlp,erm_source,study-specific unmitigated fit,10,0.1911968015453358,0.1694752720166092,0.1337734263211471,0.023079070221763132,-82.74764214653688,-11.36082264617595,0.002609896812258014,0.2009620545438667,hmda_states_source_response,results/studies/hmda_states/all_per_seed.csv,results/studies/hmda_states/source_paired_tests.csv,False
hmda_pa,hifi_shared,mlp,erm_source,study-specific unmitigated fit,10,0.1911968015453358,0.19428520127896381,0.1337734263211471,0.14121357622038255,5.561754754919734,1.6152988484463338,0.5969729041803636,1.0,hmda_states_source_response,results/studies/hmda_states/all_per_seed.csv,results/studies/hmda_states/source_paired_tests.csv,False
credit_broad,ltdd,mlp,erm,study-specific unmitigated fit,10,0.039271456048068976,0.01934818761998776,0.02714510093133392,0.008670741885126908,-68.05780200611386,-50.73218676612035,0.05968669023142615,1.0,F3_published_requirement,results/studies/reference_comparisons/full_main_per_seed.csv,results/studies/reference_comparisons/full_paired_tests.csv,False
credit_broad,cot_phi,mlp,erm,study-specific unmitigated fit,10,0.039271456048068976,0.04325858585663299,0.02714510093133392,0.009463282790216028,-65.13815581620312,10.152742500007372,0.4817975949165689,1.0,F3_published_requirement,results/studies/reference_comparisons/full_main_per_seed.csv,results/studies/reference_comparisons/full_paired_tests.csv,False
credit_broad,dralign,mlp,erm,study-specific unmitigated fit,10,0.039271456048068976,0.043517509594787854,0.02714510093133392,0.006110440233945519,-77.48971260264439,10.812060397051827,0.26235968615466176,1.0,F3_published_requirement,results/studies/reference_comparisons/full_main_per_seed.csv,results/studies/reference_comparisons/full_paired_tests.csv,False
credit_broad,fairsmote,mlp,erm,study-specific unmitigated fit,10,0.03277463445625149,0.02656836966707448,0.02216382491142395,0.01174623793750015,-47.002658681689184,-18.936183094463832,0.225813953975663,1.0,classics_preprocessing_response,results/studies/requirements/classics_per_seed.csv,results/studies/requirements/classics_paired_tests.csv,False
credit_broad,reweighing,mlp,erm,study-specific unmitigated fit,10,0.03277463445625149,0.03667679096481725,0.02216382491142395,0.00811611104549875,-63.38127070605288,11.906026026848494,0.2078185725413909,1.0,classics_preprocessing_response,results/studies/requirements/classics_per_seed.csv,results/studies/requirements/classics_paired_tests.csv,False
credit_broad,hifi_shared,mlp,erm,primary ERM,10,0.04037727213762662,0.04425912919252463,0.02514113323622702,0.025806633404557522,2.647057163563149,9.613965603388541,0.4908751201103446,1.0,primary_complete_published_vs_erm_response,results/studies/architecture_results/primary_complete_per_seed.csv,results/studies/architecture_results/primary_complete_paired_tests.csv,True
acs_income,ltdd,mlp,erm,study-specific unmitigated fit,10,0.1101778002387511,0.0847738850825166,0.06714777466356338,0.01445465197462564,-78.47337153457565,-23.057199455049183,0.000336849582121557,0.0144845320312269,F3_published_requirement,results/studies/reference_comparisons/full_main_per_seed.csv,results/studies/reference_comparisons/full_paired_tests.csv,False
acs_income,cot_phi,mlp,erm,study-specific unmitigated fit,10,0.1101778002387511,0.10829207010912137,0.06714777466356338,0.01425494434816986,-78.77078664245731,-1.711533653370656,0.6098404336805169,1.0,F3_published_requirement,results/studies/reference_comparisons/full_main_per_seed.csv,results/studies/reference_comparisons/full_paired_tests.csv,False
acs_income,dralign,mlp,erm,study-specific unmitigated fit,10,0.1101778002387511,0.20416235331400362,0.06714777466356338,0.06700741989081689,-0.2090237144115603,85.3026225533561,4.760228962729655e-05,0.0021421030332283,F3_published_requirement,results/studies/reference_comparisons/full_main_per_seed.csv,results/studies/reference_comparisons/full_paired_tests.csv,False
acs_income,fairsmote,mlp,erm,study-specific unmitigated fit,10,0.1311958609088121,0.10727310469705062,0.06561081240115767,0.01590569330847626,-75.75751202221723,-18.23438334566746,0.09013809859290177,1.0,classics_preprocessing_response,results/studies/requirements/classics_per_seed.csv,results/studies/requirements/classics_paired_tests.csv,False
acs_income,reweighing,mlp,erm,study-specific unmitigated fit,10,0.1311958609088121,0.12728791904405354,0.06561081240115767,0.01395099877705842,-78.73673825015423,-2.9787081983285946,0.3569769669569216,1.0,classics_preprocessing_response,results/studies/requirements/classics_per_seed.csv,results/studies/requirements/classics_paired_tests.csv,False
acs_income,hifi_shared,mlp,erm,primary ERM,10,0.10746266495907272,0.12258563703863268,0.07010930765234166,0.05883436374340741,-16.08195015253109,14.072768514832145,0.11493036729826515,1.0,primary_complete_published_vs_erm_response,results/studies/architecture_results/primary_complete_per_seed.csv,results/studies/architecture_results/primary_complete_paired_tests.csv,True
