protocol,task,architecture,arm,R_L,R_P,V_L,V_P,O_P,D,auc,f1,accuracy,aod,dp,seeds
ACS Employment typed five-block audit,acs_employment_sex,mlp,erm,0.171905144540913,0.0336516346388091,0.8162300578790511,0.7512657443195603,0.094253273768449,0.0727405038621478,0.8612371528104465,0.8420217550882281,0.7987677527151211,0.0359939514196029,0.0481648828606981,2
ACS Employment typed five-block audit,acs_employment_sex,mlp,removed,0.0,0.0,0.0,0.0,0.0,0.0,0.8503476247754335,0.8332885912877813,0.7930242272347535,0.0510137342932315,0.0055933149874479,2
ACS Employment typed five-block audit,acs_employment_sex,mlp,ltdd,0.2038539059583071,0.0398121158677587,0.7478347049956784,0.7548430226210083,0.1154628109857953,0.0969218394963899,0.8575511613418515,0.8391460177790396,0.7986633249791144,0.036396613829809,0.0689976046523683,2
ACS Employment typed five-block audit,acs_employment_sex,mlp,cot_phi,0.265222904272188,0.0439916235592765,0.8564199180420872,0.7876482655040837,0.14802414360136,0.070766095574941,0.8586984384718668,0.842671132339029,0.7973579782790309,0.0483560498469916,0.0099733386062624,2
ACS Employment typed five-block audit,acs_employment_sex,mlp,dralign,0.155129758515348,0.0278353193953183,0.7862327252991166,0.6802850888408387,0.0826565917230209,0.0624561712177368,0.8542654823064106,0.8336809146260872,0.7912489557226399,0.0632315348517719,0.0113925891868351,2
ACS Employment typed five-block audit,acs_employment_sex,mlp,mirrorfair,,,,,,0.0419364250225093,,0.8412981591502385,0.7927109440267335,0.0978289123470838,0.0422211572344157,2
ACS Employment typed five-block audit,acs_employment_age,mlp,erm,0.1643174047494117,0.0410414439149127,0.8110144977549021,0.7928309690865565,0.0550958633689113,0.1954849487865587,0.7868452467319592,0.7929605640020625,0.7332915622389307,0.0971057280573149,0.1559878658340427,2
ACS Employment typed five-block audit,acs_employment_age,mlp,removed,0.0,0.0,0.0,0.0,0.0,0.0,0.778899527749223,0.7923004936811316,0.7306286549707602,0.0540184047893357,0.1127992355584496,2
ResNet fixed-edit source audit,hmda_oh,resnet,erm,0.0299356714422431,0.0039346277593936,0.188235294117647,0.095,0.0064705882352941,0.0055882352941176,0.8478777454509258,0.9224656075916896,0.8677916666666667,0.1109075780637057,0.1497701270193752,2
ResNet fixed-edit source audit,hmda_oh,resnet,removed,0.0,0.0,0.0,0.0,0.0,0.0,0.8468461236865481,0.9220851245453808,0.8670416666666667,0.0626422235760632,0.1082606609096665,2
Native-default tree typed feature audit,hmda_oh,hgb,erm,0.1619663292065466,0.0246426542783382,0.6359537671525062,0.5657511198189609,0.0489035208491483,0.037678664882617,0.8586112402463548,0.9258175950118516,0.8736166666666667,0.0814645349175931,0.1318709303679387,10
Native-default tree typed feature audit,hmda_oh,hgb,removed,1.3933329954317934e-17,0.0,0.0,0.0,0.0,0.0,0.8578776016028231,0.9258440199405328,0.87355,0.0424188381462666,0.096673529253076,10
Native-default tree typed feature audit,default_credit,hgb,erm,0.0503099795897374,0.0077930845229236,0.3060650793434885,0.242491753688809,0.0224817262787508,0.0136032489811315,0.786961319475461,0.8925116226407404,0.8216522318454362,0.0212279715164242,0.0297450846772005,10
Native-default tree typed feature audit,default_credit,hgb,removed,6.515971808884837e-19,0.0,0.0,0.0,0.0,0.0,0.7872892971676666,0.8927476348137825,0.8219187208527649,0.009154748951024,0.0214398672887198,10
