task,architecture,seed,arm,protocol,selector,selected_epoch,output_kind,feature_count,source_npz,auc,f1,accuracy,ap,aod,dp,eomax,brier,bce,R_L,R_P,V_L,V_P,O_P,D
acs_employment_sex,mlp,2000,erm,ACS Employment typed five-block audit,task,8.0,probability,5,data/employment/reports/acs_audits/acs_employment_sex/2000/erm.npz,0.8610993841385998,0.8442405216131369,0.7979323308270677,0.8954560409529528,0.0328681026225721,0.0424919052298896,0.0390397213406062,0.1440045690876824,0.4451699649479507,0.1656625994390386,0.0315894713454443,0.8117010833019187,0.7305302686183335,0.0892616711786297,0.0630970804226688
acs_employment_sex,mlp,2000,removed,ACS Employment typed five-block audit,task,12.0,probability,5,data/employment/reports/acs_audits/acs_employment_sex/2000/removed.npz,0.8493200422785712,0.8337514634554273,0.7923976608187134,0.87502272124401,0.0452082811945053,0.0060545796286303,0.0846846368970263,0.1490169366274385,0.4614538736780547,0.0,0.0,0.0,0.0,0.0,0.0
acs_employment_sex,mlp,2000,ltdd,ACS Employment typed five-block audit,native,,probability,5,data/employment/reports/acs_audits/acs_employment_sex/2000/ltdd.npz,0.8583797459203019,0.8396092510645403,0.7993943191311612,0.8918212181859074,0.0379941224352843,0.0709910080955356,0.0574080050513908,0.1454446849880683,0.4503658698193574,0.2236506127039106,0.040500705554416,0.7766713515319115,0.7518483289609184,0.1415401647640438,0.0958497106870227
acs_employment_sex,mlp,2000,cot_phi,ACS Employment typed five-block audit,native,,probability,5,data/employment/reports/acs_audits/acs_employment_sex/2000/cot_phi.npz,0.8595955231982352,0.8431938431938432,0.7957393483709273,0.8928980914728251,0.0505156244169515,0.0043153879485425,0.0986570951172721,0.1450827397647866,0.4486144697804949,0.2299492686397842,0.0383855972108552,0.852713679136281,0.7733509247515306,0.1186896060471823,0.0627563711249766
acs_employment_sex,mlp,2000,dralign,ACS Employment typed five-block audit,native,,probability,5,data/employment/reports/acs_audits/acs_employment_sex/2000/dralign.npz,0.856891986471261,0.8392726086601974,0.7941729323308271,0.8910571596766619,0.0624843662442718,0.0095771033551709,0.1122782821897866,0.1459194061501779,0.4500925353146472,0.1528168722053592,0.0275563340448711,0.7882130395797404,0.6844744313857204,0.0749662732235275,0.0633064595886122
acs_employment_sex,mlp,2000,mirrorfair,ACS Employment typed five-block audit,native,,hard_decision,5,data/employment/reports/acs_audits/acs_employment_sex/2000/mirrorfair.npz,,0.8415248897290485,0.7898913951545531,,0.0991735714604744,0.0434588373584987,0.1700488302258214,,,,,,,,0.0382885799848898
acs_employment_sex,mlp,2001,erm,ACS Employment typed five-block audit,task,9.0,probability,5,data/employment/reports/acs_audits/acs_employment_sex/2001/erm.npz,0.8613749214822933,0.8398029885633191,0.7996031746031746,0.8945208837461202,0.0391198002166337,0.0538378604915066,0.0409880614118169,0.1437302778461418,0.444850731775171,0.1781476896427874,0.0357137979321738,0.8207590324561835,0.772001220020787,0.0992448763582682,0.0823839273016268
acs_employment_sex,mlp,2001,removed,ACS Employment typed five-block audit,task,8.0,probability,5,data/employment/reports/acs_audits/acs_employment_sex/2001/removed.npz,0.8513752072722958,0.8328257191201354,0.7936507936507936,0.8753814994626599,0.0568191873919577,0.0051320503462656,0.0947503823610018,0.1488047481962015,0.4609678655799689,0.0,0.0,0.0,0.0,0.0,0.0
acs_employment_sex,mlp,2001,ltdd,ACS Employment typed five-block audit,native,,probability,5,data/employment/reports/acs_audits/acs_employment_sex/2001/ltdd.npz,0.8567225767634011,0.838682784493539,0.7979323308270677,0.8883042855572021,0.0347991052243338,0.067004201209201,0.0512469451947474,0.1455017908523403,0.4502399344648228,0.1840571992127036,0.0391235261811014,0.7189980584594452,0.7578377162810982,0.0893854572075468,0.0979939683057571
acs_employment_sex,mlp,2001,cot_phi,ACS Employment typed five-block audit,native,,probability,5,data/employment/reports/acs_audits/acs_employment_sex/2001/cot_phi.npz,0.8578013537454983,0.8421484214842149,0.7989766081871345,0.8900355039056518,0.0461964752770317,0.0156312892639823,0.0835082321807985,0.1446241009887098,0.4480957047541173,0.3004965399045918,0.0495976499076977,0.8601261569478933,0.801945606256637,0.1773586811555376,0.0787758200249053
acs_employment_sex,mlp,2001,dralign,ACS Employment typed five-block audit,native,,probability,5,data/employment/reports/acs_audits/acs_employment_sex/2001/dralign.npz,0.8516389781415603,0.828089220591977,0.7883249791144528,0.8841472164027248,0.0639787034592719,0.0132080750184992,0.1009768992069877,0.1503074994387763,0.4642355037995431,0.1574426448253367,0.0281143047457655,0.7842524110184927,0.6760957462959569,0.0903469102225143,0.0616058828468613
acs_employment_sex,mlp,2001,mirrorfair,ACS Employment typed five-block audit,native,,hard_decision,5,data/employment/reports/acs_audits/acs_employment_sex/2001/mirrorfair.npz,,0.8410714285714286,0.795530492898914,,0.0964842532336932,0.0409834771103327,0.1565823556973999,,,,,,,,0.0455842700601289
acs_employment_age,mlp,2000,erm,ACS Employment typed five-block audit,task,6.0,probability,5,data/employment/reports/acs_audits/acs_employment_age/2000/erm.npz,0.7875709606713964,0.7910863509749304,0.7337092731829574,0.8393270681768003,0.1068262839100026,0.1675857387329774,0.1388167648918979,0.1791100242750099,0.5324404770575555,0.1377717859637823,0.0392041040120152,0.7771192859030216,0.7848937166854235,0.0364599200368343,0.2157648729072043
acs_employment_age,mlp,2000,removed,ACS Employment typed five-block audit,task,6.0,probability,5,data/employment/reports/acs_audits/acs_employment_age/2000/removed.npz,0.7789791865517409,0.787228817028244,0.7285923141186299,0.8227171388107846,0.0734921298335681,0.1335311295336625,0.106115711741655,0.1815725089962528,0.5400876258239568,0.0,0.0,0.0,0.0,0.0,0.0
acs_employment_age,mlp,2001,erm,ACS Employment typed five-block audit,task,10.0,probability,5,data/employment/reports/acs_audits/acs_employment_age/2001/erm.npz,0.786119532792522,0.7948347770291947,0.7328738512949039,0.8380148654133986,0.0873851722046271,0.1443899929351081,0.1121630188299175,0.1778888530551649,0.528887080985581,0.1908630235350411,0.0428787838178102,0.8449097096067826,0.8007682214876896,0.0737318067009883,0.175205024665913
acs_employment_age,mlp,2001,removed,ACS Employment typed five-block audit,task,9.0,probability,5,data/employment/reports/acs_audits/acs_employment_age/2001/removed.npz,0.7788198689467052,0.7973721703340193,0.7326649958228906,0.8222190994516458,0.0345446797451032,0.0920673415832368,0.0619262069064261,0.1798145316736104,0.5363269615003179,0.0,0.0,0.0,0.0,0.0,0.0
hmda_oh,resnet,2000,erm,ResNet fixed-edit source audit,task,7.0,probability,1,core/runs/pilot_v3/hmda_oh/resnet/2000/erm/audit_task.npz,0.8474975469236729,0.923016611946881,0.8690833333333333,0.949426576953584,0.1466060370906902,0.1817129583616119,0.2212739505631125,0.1003249899865322,0.3345502791891082,0.0394247260854086,0.0049590982448802,0.3029411764705882,0.1335294117647058,0.0076470588235294,0.0070588235294117
hmda_oh,resnet,2000,removed,ResNet fixed-edit source audit,task,7.0,probability,1,core/runs/pilot_v3/hmda_oh/resnet/2000/removed/audit_task.npz,0.8461811813916141,0.9219567023408104,0.8669166666666667,0.9491710403973006,0.0741792060695821,0.1199167402619898,0.1133958607576421,0.1007708347611928,0.3359354182612301,0.0,0.0,0.0,0.0,0.0,0.0
hmda_oh,resnet,2001,erm,ResNet fixed-edit source audit,task,4.0,probability,1,core/runs/pilot_v3/hmda_oh/resnet/2001/erm/audit_task.npz,0.8482579439781787,0.9219146032364984,0.8665,0.950228537676213,0.0752091190367213,0.1178272956771384,0.1189300862951586,0.1010350622170958,0.335017992671862,0.0204466167990775,0.0029101572739069,0.0735294117647058,0.0564705882352941,0.0052941176470588,0.0041176470588235
hmda_oh,resnet,2001,removed,ResNet fixed-edit source audit,task,4.0,probability,1,core/runs/pilot_v3/hmda_oh/resnet/2001/removed/audit_task.npz,0.8475110659814821,0.9222135467499512,0.8671666666666666,0.9497793677236868,0.0511052410825444,0.0966045815573433,0.0898877431622056,0.1008591974609842,0.3348407419053849,0.0,0.0,0.0,0.0,0.0,0.0
hmda_oh,hgb,1000,erm,Native-default tree typed feature audit,native early stopping,,probability,13,data/partitions/runs/tree_models/hmda_oh/1000/audit_erm.npz,0.8597210616576034,0.925281173594132,0.8726666666666667,0.9534675000801104,0.0825191893381141,0.1337511465252121,0.1148219248208278,0.0957337554331461,0.3204159162273757,0.1526554874087085,0.0241231460843454,0.620875744222794,0.5484090919947796,0.0405388192374166,0.0367101051030891
hmda_oh,hgb,1000,removed,Native-default tree typed feature audit,native early stopping,,probability,13,data/partitions/runs/tree_models/hmda_oh/1000/audit_removed.npz,0.858241956859865,0.9258969596245968,0.8736666666666667,0.9526330795559608,0.0535480017166803,0.1044773406862397,0.0883044463946175,0.0958502140127532,0.3213359006298822,1.655242556237181e-17,0.0,0.0,0.0,0.0,0.0
hmda_oh,hgb,1001,erm,Native-default tree typed feature audit,native early stopping,,probability,13,data/partitions/runs/tree_models/hmda_oh/1001/audit_erm.npz,0.8591278214262548,0.9255818501858007,0.8731666666666666,0.953081014614336,0.0835594836136423,0.1312033758245752,0.12662717566184,0.0958193204038558,0.3208406108062734,0.1624651259632778,0.0242407540097682,0.633762318216729,0.5582169337790277,0.0490473924376632,0.0354547284908049
hmda_oh,hgb,1001,removed,Native-default tree typed feature audit,native early stopping,,probability,13,data/partitions/runs/tree_models/hmda_oh/1001/audit_removed.npz,0.8568533120959071,0.9246912977695348,0.8714166666666666,0.9521425045757852,0.0446663263697594,0.0977001343173809,0.0682901857539857,0.0965507116035821,0.3231268546558353,7.770765018664189e-18,0.0,0.0,0.0,0.0,0.0
hmda_oh,hgb,1002,erm,Native-default tree typed feature audit,native early stopping,,probability,13,data/partitions/runs/tree_models/hmda_oh/1002/audit_erm.npz,0.8589261454981825,0.9264641127256716,0.87475,0.953239789441474,0.0745731728047355,0.1259550590513728,0.1103590756179611,0.0956881388793786,0.3206402459637084,0.1612131867722044,0.0258618673728214,0.6557127097291084,0.5699512760206684,0.0364527624375593,0.0408751611987079
hmda_oh,hgb,1002,removed,Native-default tree typed feature audit,native early stopping,,probability,13,data/partitions/runs/tree_models/hmda_oh/1002/audit_removed.npz,0.8591755044084781,0.92631167180089,0.8744166666666666,0.953077044742887,0.042132316699635,0.097037918392962,0.0673961532836039,0.0956431637522204,0.3205087364737826,1.7604269415924212e-17,0.0,0.0,0.0,0.0,0.0
hmda_oh,hgb,1003,erm,Native-default tree typed feature audit,native early stopping,,probability,13,data/partitions/runs/tree_models/hmda_oh/1003/audit_erm.npz,0.8580999734546972,0.925786409666846,0.8735833333333334,0.952806230338502,0.0790384843392229,0.1329486498689481,0.1057188825508264,0.0960000860367512,0.3215969873909347,0.1611273077742883,0.0250959925754983,0.5813478486397137,0.532754333944465,0.048749587870848,0.041028044426509
hmda_oh,hgb,1003,removed,Native-default tree typed feature audit,native early stopping,,probability,13,data/partitions/runs/tree_models/hmda_oh/1003/audit_removed.npz,0.8578047074646821,0.92631167180089,0.8744166666666666,0.9526910517021112,0.045180848596107,0.1011270733293387,0.0673961532836039,0.0960715126179838,0.3218244523768255,1.5695152172308618e-17,0.0,0.0,0.0,0.0,0.0
hmda_oh,hgb,1004,erm,Native-default tree typed feature audit,native early stopping,,probability,13,data/partitions/runs/tree_models/hmda_oh/1004/audit_erm.npz,0.8596848110477475,0.9254798276537408,0.8731666666666666,0.9534555994224708,0.0958552756390071,0.1477894425970677,0.1283603919847886,0.0954097396272014,0.3197753937318678,0.1767989372638534,0.0261571065089365,0.6969254724243945,0.5838096273244717,0.0612073597572167,0.0395326436032358
hmda_oh,hgb,1004,removed,Native-default tree typed feature audit,native early stopping,,probability,13,data/partitions/runs/tree_models/hmda_oh/1004/audit_removed.npz,0.858621533821242,0.926302414231258,0.8743333333333333,0.9527788688277704,0.0438589992581557,0.0980187476395069,0.0703031300277899,0.0955953161871872,0.3206904400300544,1.3151113414344156e-17,0.0,0.0,0.0,0.0,0.0
hmda_oh,hgb,1005,erm,Native-default tree typed feature audit,native early stopping,,probability,13,data/partitions/runs/tree_models/hmda_oh/1005/audit_erm.npz,0.8573777583040201,0.9257411212210156,0.8735,0.952616099506532,0.0899259349754669,0.1398530743913831,0.1274937838233143,0.0961372498157625,0.3221745979701697,0.166087769056006,0.0253337880640989,0.6566185867988246,0.5759105045763101,0.0572778395497237,0.0391844283331115
hmda_oh,hgb,1005,removed,Native-default tree typed feature audit,native early stopping,,probability,13,data/partitions/runs/tree_models/hmda_oh/1005/audit_removed.npz,0.8576047630415509,0.9257014370906248,0.8733333333333333,0.9528971520352632,0.0454070581067574,0.099025134104404,0.072241114523914,0.0963243079803913,0.3223060639612236,1.542870207885435e-17,0.0,0.0,0.0,0.0,0.0
hmda_oh,hgb,1006,erm,Native-default tree typed feature audit,native early stopping,,probability,13,data/partitions/runs/tree_models/hmda_oh/1006/audit_erm.npz,0.859319507902744,0.9259784042605168,0.87375,0.9530889086822752,0.0607905660269164,0.1148211988607159,0.0859843498610501,0.095495918793767,0.320161579623745,0.1522771432737389,0.0232231241020233,0.6225219737336852,0.5766137080196815,0.033694471710901,0.0349892616736599
hmda_oh,hgb,1006,removed,Native-default tree typed feature audit,native early stopping,,probability,13,data/partitions/runs/tree_models/hmda_oh/1006/audit_removed.npz,0.8592479834294089,0.9249853487009182,0.872,0.953252270813139,0.0294023720658713,0.0869996109623427,0.0421548193652187,0.095871076957091,0.3209990379046589,1.1271669142709578e-17,0.0,0.0,0.0,0.0,0.0
hmda_oh,hgb,1007,erm,Native-default tree typed feature audit,native early stopping,,probability,13,data/partitions/runs/tree_models/hmda_oh/1007/audit_erm.npz,0.8583259348495073,0.9262158723945592,0.8743333333333333,0.9524937428229056,0.0875713095887864,0.1354072542744446,0.13261847301448,0.0956879264267933,0.3209967891466715,0.1787372783032323,0.0257845210912439,0.6737138183578164,0.5894048888770945,0.0597960526898449,0.0357072986213636
hmda_oh,hgb,1007,removed,Native-default tree typed feature audit,native early stopping,,probability,13,data/partitions/runs/tree_models/hmda_oh/1007/audit_removed.npz,0.8572499155225378,0.9263929618768328,0.8745,0.9519949333850724,0.0402292853204551,0.0951143117583082,0.0650760567500365,0.0958339166796336,0.3216075550240428,1.241831997682108e-17,0.0,0.0,0.0,0.0,0.0
hmda_oh,hgb,1008,erm,Native-default tree typed feature audit,native early stopping,,probability,13,data/partitions/runs/tree_models/hmda_oh/1008/audit_erm.npz,0.8578697720926599,0.9257846875916692,0.8735,0.95260277724632,0.0834811520634835,0.131381708414856,0.126142679537809,0.0960449705862041,0.3217801019652212,0.1446070431471454,0.0233128244697878,0.5814227241415068,0.5568682354309593,0.049287242690253,0.0366287715829891
hmda_oh,hgb,1008,removed,Native-default tree typed feature audit,native early stopping,,probability,13,data/partitions/runs/tree_models/hmda_oh/1008/audit_removed.npz,0.8573653935828385,0.9259874853343762,0.8738333333333334,0.952469832979897,0.0403859484207728,0.0947576465777464,0.0660450489980986,0.0958899182522871,0.3217353232625602,1.4637943804171848e-17,0.0,0.0,0.0,0.0,0.0
hmda_oh,hgb,1009,erm,Native-default tree typed feature audit,native early stopping,,probability,13,data/partitions/runs/tree_models/hmda_oh/1009/audit_erm.npz,0.8576596162301329,0.9258624908245656,0.87375,0.9529256805718004,0.0773307807865565,0.125598393870811,0.1208132221734679,0.0961126485711502,0.3219323261339343,0.1636940131030105,0.0232934185048583,0.6366364752604893,0.5655725982221506,0.0529836801100565,0.036676205792699
hmda_oh,hgb,1009,removed,Native-default tree typed feature audit,native early stopping,,probability,13,data/partitions/runs/tree_models/hmda_oh/1009/audit_removed.npz,0.8566109458017199,0.9258589511754068,0.8735833333333334,0.9521360053430946,0.0393772249084724,0.0924773747625308,0.0679830334942226,0.09625781822634,0.3226662196569854,1.4802938957009494e-17,0.0,0.0,0.0,0.0,0.0
default_credit,hgb,1000,erm,Native-default tree typed feature audit,native early stopping,,probability,13,data/partitions/runs/tree_models/default_credit/1000/audit_erm.npz,0.7848322288077965,0.8927996781979083,0.8224516988674218,0.9133071522994128,0.0289270691414884,0.0354344406368916,0.0371052935070925,0.1335777509000809,0.4266507303142305,0.0654789689647119,0.0100033150779821,0.3708858032496284,0.3112824707542226,0.0300725850363663,0.0168035228772185
default_credit,hgb,1000,removed,Native-default tree typed feature audit,native early stopping,,probability,13,data/partitions/runs/tree_models/default_credit/1000/audit_removed.npz,0.7858005094095919,0.8938221998995479,0.8239506995336442,0.914245299781266,0.0061676495099272,0.0196677857377124,0.0106884301465987,0.1332464812946573,0.4254863900701505,9.905351601147385e-19,0.0,0.0,0.0,0.0,0.0
default_credit,hgb,1001,erm,Native-default tree typed feature audit,native early stopping,,probability,13,data/partitions/runs/tree_models/default_credit/1001/audit_erm.npz,0.788768122065161,0.8931765651693298,0.8229513657561626,0.9168676022550788,0.0291396971425195,0.0359723276940626,0.0366924230192595,0.1333375683782876,0.4249870210679234,0.0621840864058511,0.0093888468493635,0.4085598764046425,0.31470244511036,0.0225325391582485,0.013872027071273
default_credit,hgb,1001,removed,Native-default tree typed feature audit,native early stopping,,probability,13,data/partitions/runs/tree_models/default_credit/1001/audit_removed.npz,0.7858053379365291,0.8929467241898265,0.8222851432378414,0.9154423953475732,0.0099349531426594,0.0208882953085763,0.0146479019028946,0.1334734083894621,0.4256356799036335,7.4530827129549245e-19,0.0,0.0,0.0,0.0,0.0
default_credit,hgb,1002,erm,Native-default tree typed feature audit,native early stopping,,probability,13,data/partitions/runs/tree_models/default_credit/1002/audit_erm.npz,0.7877821368645961,0.8930615523646952,0.822618254497002,0.9143505163014046,0.0199917133331096,0.0298229263746505,0.0218659900818821,0.1332482651889832,0.425317573856645,0.0481360282054411,0.0070835056360457,0.2784911654758366,0.2155083736537634,0.0218023566214465,0.0094358320948128
default_credit,hgb,1002,removed,Native-default tree typed feature audit,native early stopping,,probability,13,data/partitions/runs/tree_models/default_credit/1002/audit_removed.npz,0.7903218615580853,0.8932370058197873,0.8227848101265823,0.9162988702446754,0.0149195244624218,0.0247903539384976,0.0166485987775343,0.1329720550512087,0.4240991991046836,4.905010913293942e-19,0.0,0.0,0.0,0.0,0.0
default_credit,hgb,1003,erm,Native-default tree typed feature audit,native early stopping,,probability,13,data/partitions/runs/tree_models/default_credit/1003/audit_erm.npz,0.7872213839362956,0.892542101042502,0.82145236508994,0.9156857695871424,0.0143011335621989,0.0254592915292183,0.0153442807329782,0.1336091553932489,0.4257705173413714,0.035252281508633,0.0055597502357928,0.1867089069189459,0.1513196953339582,0.0174449735415142,0.0119593677488063
default_credit,hgb,1003,removed,Native-default tree typed feature audit,native early stopping,,probability,13,data/partitions/runs/tree_models/default_credit/1003/audit_removed.npz,0.7859211421075714,0.892498997192138,0.82145236508994,0.91459074500865,0.007249177880838,0.0201783029489385,0.0128422607322675,0.1335259694086874,0.4259065518632141,1.0136689770275347e-18,0.0,0.0,0.0,0.0,0.0
default_credit,hgb,1004,erm,Native-default tree typed feature audit,native early stopping,,probability,13,data/partitions/runs/tree_models/default_credit/1004/audit_erm.npz,0.7851766637293128,0.8929288871032544,0.8224516988674218,0.911941890551612,0.0272737445044761,0.0317807981510973,0.0389320724253258,0.1336372376194714,0.4271569523905521,0.067197135479334,0.0105810649044009,0.3606297442410764,0.3122531009513254,0.0309097275809234,0.0197762999600046
default_credit,hgb,1004,removed,Native-default tree typed feature audit,native early stopping,,probability,13,data/partitions/runs/tree_models/default_credit/1004/audit_removed.npz,0.7865143266417998,0.8926995587645408,0.8217854763491006,0.914562904137044,0.0070881530689985,0.0215709178222694,0.0140932707326228,0.1335855397123773,0.4259466207219338,5.51597615099491e-19,0.0,0.0,0.0,0.0,0.0
default_credit,hgb,1005,erm,Native-default tree typed feature audit,native early stopping,,probability,13,data/partitions/runs/tree_models/default_credit/1005/audit_erm.npz,0.7864275741078292,0.8914113510798594,0.8199533644237175,0.9155730574631904,0.0134847852462096,0.0252382452310362,0.0155383630192328,0.1340109078868672,0.4265487812171191,0.0570856055552659,0.0085955000895258,0.3752261589184397,0.2790882299377053,0.0302116008823677,0.0109218783855539
default_credit,hgb,1005,removed,Native-default tree typed feature audit,native early stopping,,probability,13,data/partitions/runs/tree_models/default_credit/1005/audit_removed.npz,0.7886637454078698,0.8914308649407987,0.8197868087941372,0.9164592598880594,0.0070592803290782,0.0192198944451738,0.0100567454119333,0.1336617166936421,0.4254633732853054,5.220589453999385e-19,0.0,0.0,0.0,0.0,0.0
default_credit,hgb,1006,erm,Native-default tree typed feature audit,native early stopping,,probability,13,data/partitions/runs/tree_models/default_credit/1006/audit_erm.npz,0.7882190380769588,0.8923416198877305,0.8211192538307794,0.9163069664978932,0.0207424852787214,0.0296371361492111,0.0237804174835658,0.1339409272578391,0.4263393592795685,0.044560888521451,0.0070757722308139,0.2964581335441475,0.2336543726478454,0.0251800806544006,0.0125106462512565
default_credit,hgb,1006,removed,Native-default tree typed feature audit,native early stopping,,probability,13,data/partitions/runs/tree_models/default_credit/1006/audit_removed.npz,0.7855512769441862,0.89292159614999,0.8221185876082612,0.913462604690986,0.0100503225731157,0.0228187972390783,0.0138868289773929,0.134011440116981,0.4273073632770751,6.399488308708397e-19,0.0,0.0,0.0,0.0,0.0
default_credit,hgb,1007,erm,Native-default tree typed feature audit,native early stopping,,probability,13,data/partitions/runs/tree_models/default_credit/1007/audit_erm.npz,0.7896515815437605,0.8915855982348811,0.8199533644237175,0.91665497713046,0.0110327317778732,0.0219914392688632,0.0165182371689399,0.133668479757132,0.4254113661591604,0.020664356722804,0.0036155884810423,0.1291059862915861,0.0988658570939851,0.0043474172966149,0.0108377198349929
default_credit,hgb,1007,removed,Native-default tree typed feature audit,native early stopping,,probability,13,data/partitions/runs/tree_models/default_credit/1007/audit_removed.npz,0.7896637333365524,0.892760588765395,0.8216189207195204,0.9166690038150546,0.006756718773561,0.0201372481800212,0.0120164937113476,0.133643362963606,0.4254180473959455,3.7832601521433654e-19,0.0,0.0,0.0,0.0,0.0
default_credit,hgb,1008,erm,Native-default tree typed feature audit,native early stopping,,probability,13,data/partitions/runs/tree_models/default_credit/1008/audit_erm.npz,0.788231833673342,0.8917670682730924,0.8204530313124584,0.9151538350942284,0.0258461063655918,0.0335802495480496,0.0311498097105293,0.1335142884918574,0.4255573682934904,0.0568201345477756,0.0088163021301,0.3665111888357728,0.2870829603685804,0.0218619424204717,0.0158617428019247
default_credit,hgb,1008,removed,Native-default tree typed feature audit,native early stopping,,probability,13,data/partitions/runs/tree_models/default_credit/1008/audit_removed.npz,0.7876685055306754,0.8927245358755644,0.8219520319786808,0.9149724924090844,0.0060759188489553,0.0196404158917675,0.0112430613168704,0.1332715071526858,0.4251591018685312,7.276312677567387e-19,0.0,0.0,0.0,0.0,0.0
default_credit,hgb,1009,erm,Native-default tree typed feature audit,native early stopping,,probability,13,data/partitions/runs/tree_models/default_credit/1009/audit_erm.npz,0.783302631949558,0.8935018050541517,0.8231179213857428,0.9139118376413884,0.0215402488120532,0.0285339921889242,0.0284972898166301,0.1341202700026442,0.4277575230974456,0.0457203099861063,0.0072111995941692,0.2880738295548091,0.2211600310363442,0.0204540395951537,0.0140534527854718
default_credit,hgb,1009,removed,Native-default tree typed feature audit,native early stopping,,probability,13,data/partitions/runs/tree_models/default_credit/1009/audit_removed.npz,0.7869825328038048,0.8924342765402368,0.82145236508994,0.916520255386368,0.0162457909206849,0.025486661375163,0.0188882481836005,0.134000909048453,0.4263688802882985,4.563956347763327e-19,0.0,0.0,0.0,0.0,0.0
