family,comparison,metric,n,reference_mean,method_mean,mean_difference,mean_ratio,ratio_lo,ratio_hi,seeds_higher,seeds_lower,p_t,p_wilcoxon,p_holm_t,p_holm_wilcoxon,ratio_of_means
F6 bug establishment,acs_income: teacher-label ERM (3 draws) vs permuted-S noise floor,L_R,10,0.0560975413801634,0.0648275622709471,0.0087300208907837,1.1827973827846123,1.0702922603212286,1.300642587620496,9,1,0.0227880839916587,0.02734375,0.3646093438665398,0.4921875,1.1556221658917607
F6 bug establishment,acs_income: teacher-label ERM vs real-label ERM,L_R,10,0.1311958609088121,0.0648275622709471,-0.066368298637865,0.5029254642650326,0.4675723544516657,0.5471463663561938,0,10,1.0328786816279476e-06,0.001953125,2.0657573632558956e-05,0.041015625,0.4941281060383879
F6 bug establishment,acs_income: real-label ERM vs permuted-S noise floor,L_R,10,0.0560975413801634,0.1311958609088121,0.0750983195286487,2.375277162509447,2.1317719883271056,2.629438223695153,10,0,6.680570000159465e-07,0.001953125,1.4029197000334876e-05,0.041015625,2.3387096418311866
F6 bug establishment,"acs_income: ERM (with interactions) vs additive g(x)+b_s, held-out",bce,10,0.3939683074640776,0.3938066816583665,-0.000161625805711,0.999602912406708,0.9962544545841618,1.0043316839270429,3,7,0.8591962166148233,0.193359375,1.0,1.0,0.9995897492192926
F6 bug establishment,"acs_income: ERM (with interactions) vs additive g(x)+b_s, held-out",auc,10,0.9030800197063634,0.9038809444574198,0.0008009247510565,1.0008869145001489,1.0006547063598914,1.001126937708143,10,0,5.887146571448996e-05,0.001953125,0.0011185578485753,0.041015625,1.0008868812658671
F6 bug establishment,acs_income: teacher-label L_R vs smaller-group training fraction (log-log slope),slope,5,0.065720385952542,0.0657847914357354,0.0153462118972077,,,,4,1,0.6614877933797438,0.4375,1.0,1.0,1.0009799924674805
F6 bug establishment,acs_income: real-label L_R vs smaller-group training fraction (log-log slope),slope,5,0.1380443973352932,0.0665492376015554,0.3032371886011032,,,,5,0,0.002658302389037,0.0625,0.0478494430026662,1.0,0.482085755642189
F6 bug establishment,credit_broad: teacher-label ERM (3 draws) vs permuted-S noise floor,L_R,10,0.0329530658908985,0.0292664257893808,-0.0036866401015177,0.9818681628003628,0.7951855084818662,1.166154617846648,5,5,0.395831528175552,0.625,1.0,1.0,0.8881245188619632
F6 bug establishment,credit_broad: teacher-label ERM vs real-label ERM,L_R,10,0.0327746344562515,0.0292664257893808,-0.0035082086668706,0.9692721880115334,0.7943575681617244,1.1430004258569315,4,6,0.3551760671593724,0.4921875,1.0,1.0,0.8929596401279912
F6 bug establishment,credit_broad: real-label ERM vs permuted-S noise floor,L_R,10,0.0329530658908985,0.0327746344562515,-0.000178431434647,1.0092708476916663,0.9669506807589596,1.0542064479101574,6,4,0.8401553510708925,0.845703125,1.0,1.0,0.9945852857746909
F6 bug establishment,"credit_broad: ERM (with interactions) vs additive g(x)+b_s, held-out",bce,10,0.4291462429167906,0.4290136823804176,-0.0001325605363729,0.999688275974019,0.9982426172004109,1.0010087708648512,6,4,0.6923328439823823,1.0,1.0,1.0,0.9996911063802586
F6 bug establishment,"credit_broad: ERM (with interactions) vs additive g(x)+b_s, held-out",auc,10,0.7860003219017958,0.7860736350357915,7.331313399565609e-05,1.0000927457988045,0.9993868130645251,1.0008032764598684,6,4,0.8135853299872907,0.921875,1.0,1.0,1.0000932736691739
F6 bug establishment,credit_broad: teacher-label L_R vs smaller-group training fraction (log-log slope),slope,5,0.0240188068161552,0.0253698602466229,-0.0070564100289672,,,,2,3,0.8046457684841171,1.0,1.0,1.0,1.0562498146060684
F6 bug establishment,credit_broad: real-label L_R vs smaller-group training fraction (log-log slope),slope,5,0.0290674251415416,0.0329501731204076,-0.0427911069452276,,,,1,4,0.4338488067326171,0.625,1.0,1.0,1.1335772934809072
F6 bug establishment,hmda_oh: teacher-label ERM (3 draws) vs permuted-S noise floor,L_R,10,0.1834172301181955,0.1633481371276649,-0.0200690929905305,0.954768953794538,0.7826894543802809,1.1315121942497046,6,4,0.2970303548345949,0.625,1.0,1.0,0.8905822916549448
F6 bug establishment,hmda_oh: teacher-label ERM vs real-label ERM,L_R,10,0.1882497622532051,0.1633481371276649,-0.0249016251255401,0.9218179479892936,0.7625438286135229,1.088266213699855,4,6,0.2014426376367934,0.275390625,1.0,1.0,0.867720283800166
F6 bug establishment,hmda_oh: real-label ERM vs permuted-S noise floor,L_R,10,0.1834172301181955,0.1882497622532051,0.0048325321350096,1.052927778031706,0.9260450855769292,1.186736927347124,6,4,0.7289826287884479,0.76953125,1.0,1.0,1.0263472092119998
F6 bug establishment,"hmda_oh: ERM (with interactions) vs additive g(x)+b_s, held-out",bce,10,0.332442641168322,0.3324653026609134,2.2661492591380397e-05,1.0000752929731704,0.9968522111067296,1.0043481070293434,5,5,0.9740441336875054,0.556640625,1.0,1.0,1.0000681666242084
F6 bug establishment,"hmda_oh: ERM (with interactions) vs additive g(x)+b_s, held-out",auc,10,0.8503258692299095,0.8507590762270187,0.0004332069971091,1.0005103573690894,0.9996077385278784,1.001401119803666,6,4,0.3191062801250338,0.275390625,1.0,1.0,1.0005094599762108
F6 bug establishment,hmda_oh: teacher-label L_R vs smaller-group training fraction (log-log slope),slope,5,0.1553648116081182,0.2688254321363429,-0.2305697974993311,,,,0,5,0.024852012530084,0.0625,0.3727801879512609,1.0,1.7302851871916158
F6 bug establishment,hmda_oh: real-label L_R vs smaller-group training fraction (log-log slope),slope,5,0.2018792390408315,0.2811538353623165,-0.1460817393723083,,,,0,5,0.0144117537508108,0.0625,0.2449998137637851,1.0,1.3926832531078202
