task,architecture,arm,seed,metric,value,algebraic,direction,family
acs_income,ft,erm,1000,L_R,0.2035568134949528,False,lower,additional_edits / acs_income / ft / L_R
acs_income,ft,soft,1000,L_R,0.0049851507001655,False,lower,additional_edits / acs_income / ft / L_R
acs_income,ft,erm,1001,L_R,0.1994383847253212,False,lower,additional_edits / acs_income / ft / L_R
acs_income,ft,soft,1001,L_R,0.0050026533459157,False,lower,additional_edits / acs_income / ft / L_R
acs_income,ft,erm,1002,L_R,0.1996673377087124,False,lower,additional_edits / acs_income / ft / L_R
acs_income,ft,soft,1002,L_R,0.00506950482866,False,lower,additional_edits / acs_income / ft / L_R
acs_income,ft,erm,1003,L_R,0.3051526206306842,False,lower,additional_edits / acs_income / ft / L_R
acs_income,ft,soft,1003,L_R,0.0057117241433914,False,lower,additional_edits / acs_income / ft / L_R
acs_income,ft,erm,1004,L_R,0.2266598232443069,False,lower,additional_edits / acs_income / ft / L_R
acs_income,ft,soft,1004,L_R,0.004243833134713,False,lower,additional_edits / acs_income / ft / L_R
acs_income,ft,erm,1005,L_R,0.2972983957213821,False,lower,additional_edits / acs_income / ft / L_R
acs_income,ft,soft,1005,L_R,0.0047285633568612,False,lower,additional_edits / acs_income / ft / L_R
acs_income,ft,erm,1006,L_R,0.2286244517677654,False,lower,additional_edits / acs_income / ft / L_R
acs_income,ft,soft,1006,L_R,0.0052784284893959,False,lower,additional_edits / acs_income / ft / L_R
acs_income,ft,erm,1007,L_R,0.1729002482127653,False,lower,additional_edits / acs_income / ft / L_R
acs_income,ft,soft,1007,L_R,0.0054751497462283,False,lower,additional_edits / acs_income / ft / L_R
acs_income,ft,erm,1008,L_R,0.2195231800469732,False,lower,additional_edits / acs_income / ft / L_R
acs_income,ft,soft,1008,L_R,0.0111050824626469,False,lower,additional_edits / acs_income / ft / L_R
acs_income,ft,erm,1009,L_R,0.1787118076175169,False,lower,additional_edits / acs_income / ft / L_R
acs_income,ft,soft,1009,L_R,0.0052067202935478,False,lower,additional_edits / acs_income / ft / L_R
acs_income,mlp,erm,1000,L_R,0.1329476083925342,False,lower,additional_edits / acs_income / mlp / L_R
acs_income,mlp,soft,1000,L_R,0.0142622091080471,False,lower,additional_edits / acs_income / mlp / L_R
acs_income,mlp,erm,1001,L_R,0.0904383599399129,False,lower,additional_edits / acs_income / mlp / L_R
acs_income,mlp,soft,1001,L_R,0.0082099315596136,False,lower,additional_edits / acs_income / mlp / L_R
acs_income,mlp,erm,1002,L_R,0.099827597744301,False,lower,additional_edits / acs_income / mlp / L_R
acs_income,mlp,soft,1002,L_R,0.0123988700680034,False,lower,additional_edits / acs_income / mlp / L_R
acs_income,mlp,erm,1003,L_R,0.1368115160550254,False,lower,additional_edits / acs_income / mlp / L_R
acs_income,mlp,soft,1003,L_R,0.0151564854062274,False,lower,additional_edits / acs_income / mlp / L_R
acs_income,mlp,erm,1004,L_R,0.1256460631228536,False,lower,additional_edits / acs_income / mlp / L_R
acs_income,mlp,soft,1004,L_R,0.0141034742224465,False,lower,additional_edits / acs_income / mlp / L_R
acs_income,mlp,erm,1005,L_R,0.1348590164919272,False,lower,additional_edits / acs_income / mlp / L_R
acs_income,mlp,soft,1005,L_R,0.010016489881943,False,lower,additional_edits / acs_income / mlp / L_R
acs_income,mlp,erm,1006,L_R,0.0967625732190032,False,lower,additional_edits / acs_income / mlp / L_R
acs_income,mlp,soft,1006,L_R,0.010526713797302,False,lower,additional_edits / acs_income / mlp / L_R
acs_income,mlp,erm,1007,L_R,0.1450488519244545,False,lower,additional_edits / acs_income / mlp / L_R
acs_income,mlp,soft,1007,L_R,0.0125497354949388,False,lower,additional_edits / acs_income / mlp / L_R
acs_income,mlp,erm,1008,L_R,0.1034641852118001,False,lower,additional_edits / acs_income / mlp / L_R
acs_income,mlp,soft,1008,L_R,0.0151787777746917,False,lower,additional_edits / acs_income / mlp / L_R
acs_income,mlp,erm,1009,L_R,0.1035333679203428,False,lower,additional_edits / acs_income / mlp / L_R
acs_income,mlp,soft,1009,L_R,0.0091350472742739,False,lower,additional_edits / acs_income / mlp / L_R
credit_broad,mlp,erm,1000,L_R,0.0151210726019645,False,lower,additional_edits / credit_broad / mlp / L_R
credit_broad,mlp,soft,1000,L_R,0.0087882988913986,False,lower,additional_edits / credit_broad / mlp / L_R
credit_broad,mlp,erm,1001,L_R,0.039735256583453,False,lower,additional_edits / credit_broad / mlp / L_R
credit_broad,mlp,soft,1001,L_R,0.0096737886075674,False,lower,additional_edits / credit_broad / mlp / L_R
credit_broad,mlp,erm,1002,L_R,0.0200409364033822,False,lower,additional_edits / credit_broad / mlp / L_R
credit_broad,mlp,soft,1002,L_R,0.0096576106745138,False,lower,additional_edits / credit_broad / mlp / L_R
credit_broad,mlp,erm,1003,L_R,0.0381274550349034,False,lower,additional_edits / credit_broad / mlp / L_R
credit_broad,mlp,soft,1003,L_R,0.0096963033985911,False,lower,additional_edits / credit_broad / mlp / L_R
credit_broad,mlp,erm,1004,L_R,0.0197394712527813,False,lower,additional_edits / credit_broad / mlp / L_R
credit_broad,mlp,soft,1004,L_R,0.0084727937397055,False,lower,additional_edits / credit_broad / mlp / L_R
credit_broad,mlp,erm,1005,L_R,0.0393315117114984,False,lower,additional_edits / credit_broad / mlp / L_R
credit_broad,mlp,soft,1005,L_R,0.0093162086582827,False,lower,additional_edits / credit_broad / mlp / L_R
credit_broad,mlp,erm,1006,L_R,0.0560292291055191,False,lower,additional_edits / credit_broad / mlp / L_R
credit_broad,mlp,soft,1006,L_R,0.0088507768129306,False,lower,additional_edits / credit_broad / mlp / L_R
credit_broad,mlp,erm,1007,L_R,0.0948073408732579,False,lower,additional_edits / credit_broad / mlp / L_R
credit_broad,mlp,soft,1007,L_R,0.0085531738205035,False,lower,additional_edits / credit_broad / mlp / L_R
credit_broad,mlp,erm,1008,L_R,0.0149141068077322,False,lower,additional_edits / credit_broad / mlp / L_R
credit_broad,mlp,soft,1008,L_R,0.0084507936821904,False,lower,additional_edits / credit_broad / mlp / L_R
credit_broad,mlp,erm,1009,L_R,0.0213548024644499,False,lower,additional_edits / credit_broad / mlp / L_R
credit_broad,mlp,soft,1009,L_R,0.0098012555149196,False,lower,additional_edits / credit_broad / mlp / L_R
acs_income,ft,erm,1000,violation_005,0.7425709176945363,False,lower,additional_edits / acs_income / ft / violation_005
acs_income,ft,soft,1000,violation_005,0.0,False,lower,additional_edits / acs_income / ft / violation_005
acs_income,ft,erm,1001,violation_005,0.7809102291210752,False,lower,additional_edits / acs_income / ft / violation_005
acs_income,ft,soft,1001,violation_005,0.0,False,lower,additional_edits / acs_income / ft / violation_005
acs_income,ft,erm,1002,violation_005,0.7730855568437371,False,lower,additional_edits / acs_income / ft / violation_005
acs_income,ft,soft,1002,violation_005,7.192174913693901e-05,False,lower,additional_edits / acs_income / ft / violation_005
acs_income,ft,erm,1003,violation_005,0.8183544743840001,False,lower,additional_edits / acs_income / ft / violation_005
acs_income,ft,soft,1003,violation_005,0.0,False,lower,additional_edits / acs_income / ft / violation_005
acs_income,ft,erm,1004,violation_005,0.7713709792040802,False,lower,additional_edits / acs_income / ft / violation_005
acs_income,ft,soft,1004,violation_005,7.467144563918757e-05,False,lower,additional_edits / acs_income / ft / violation_005
acs_income,ft,erm,1005,violation_005,0.7878546771531469,False,lower,additional_edits / acs_income / ft / violation_005
acs_income,ft,soft,1005,violation_005,0.0,False,lower,additional_edits / acs_income / ft / violation_005
acs_income,ft,erm,1006,violation_005,0.7803730079730423,False,lower,additional_edits / acs_income / ft / violation_005
acs_income,ft,soft,1006,violation_005,0.0,False,lower,additional_edits / acs_income / ft / violation_005
acs_income,ft,erm,1007,violation_005,0.7053241384804084,False,lower,additional_edits / acs_income / ft / violation_005
acs_income,ft,soft,1007,violation_005,0.0006311051881705,False,lower,additional_edits / acs_income / ft / violation_005
acs_income,ft,erm,1008,violation_005,0.8077576064172781,False,lower,additional_edits / acs_income / ft / violation_005
acs_income,ft,soft,1008,violation_005,0.0003993610223642,False,lower,additional_edits / acs_income / ft / violation_005
acs_income,ft,erm,1009,violation_005,0.7745004557807049,False,lower,additional_edits / acs_income / ft / violation_005
acs_income,ft,soft,1009,violation_005,0.0005034522439585,False,lower,additional_edits / acs_income / ft / violation_005
acs_income,mlp,erm,1000,violation_005,0.7299129031254846,False,lower,additional_edits / acs_income / mlp / violation_005
acs_income,mlp,soft,1000,violation_005,0.0205414209076693,False,lower,additional_edits / acs_income / mlp / violation_005
acs_income,mlp,erm,1001,violation_005,0.582125704839515,False,lower,additional_edits / acs_income / mlp / violation_005
acs_income,mlp,soft,1001,violation_005,0.0002051130117901,False,lower,additional_edits / acs_income / mlp / violation_005
acs_income,mlp,erm,1002,violation_005,0.6076951980818255,False,lower,additional_edits / acs_income / mlp / violation_005
acs_income,mlp,soft,1002,violation_005,0.0179788077331527,False,lower,additional_edits / acs_income / mlp / violation_005
acs_income,mlp,erm,1003,violation_005,0.733944271837622,False,lower,additional_edits / acs_income / mlp / violation_005
acs_income,mlp,soft,1003,violation_005,0.0272415962404,False,lower,additional_edits / acs_income / mlp / violation_005
acs_income,mlp,erm,1004,violation_005,0.6858710238096439,False,lower,additional_edits / acs_income / mlp / violation_005
acs_income,mlp,soft,1004,violation_005,0.017337710382096,False,lower,additional_edits / acs_income / mlp / violation_005
acs_income,mlp,erm,1005,violation_005,0.713728728557658,False,lower,additional_edits / acs_income / mlp / violation_005
acs_income,mlp,soft,1005,violation_005,0.0014398079706588,False,lower,additional_edits / acs_income / mlp / violation_005
acs_income,mlp,erm,1006,violation_005,0.5855399544670121,False,lower,additional_edits / acs_income / mlp / violation_005
acs_income,mlp,soft,1006,violation_005,0.0041091263172997,False,lower,additional_edits / acs_income / mlp / violation_005
acs_income,mlp,erm,1007,violation_005,0.73439905677957,False,lower,additional_edits / acs_income / mlp / violation_005
acs_income,mlp,soft,1007,violation_005,0.0120368122019853,False,lower,additional_edits / acs_income / mlp / violation_005
acs_income,mlp,erm,1008,violation_005,0.6255800728334178,False,lower,additional_edits / acs_income / mlp / violation_005
acs_income,mlp,soft,1008,violation_005,0.0388946047796665,False,lower,additional_edits / acs_income / mlp / violation_005
acs_income,mlp,erm,1009,violation_005,0.6311468328936702,False,lower,additional_edits / acs_income / mlp / violation_005
acs_income,mlp,soft,1009,violation_005,0.000409553960755,False,lower,additional_edits / acs_income / mlp / violation_005
credit_broad,mlp,erm,1000,violation_005,0.0465334763378719,False,lower,additional_edits / credit_broad / mlp / violation_005
credit_broad,mlp,soft,1000,violation_005,0.0016507126472763,False,lower,additional_edits / credit_broad / mlp / violation_005
credit_broad,mlp,erm,1001,violation_005,0.2983681854480434,False,lower,additional_edits / credit_broad / mlp / violation_005
credit_broad,mlp,soft,1001,violation_005,0.0016518439536709,False,lower,additional_edits / credit_broad / mlp / violation_005
credit_broad,mlp,erm,1002,violation_005,0.0911958111953114,False,lower,additional_edits / credit_broad / mlp / violation_005
credit_broad,mlp,soft,1002,violation_005,0.0032069277267585,False,lower,additional_edits / credit_broad / mlp / violation_005
credit_broad,mlp,erm,1003,violation_005,0.2930733793939314,False,lower,additional_edits / credit_broad / mlp / violation_005
credit_broad,mlp,soft,1003,violation_005,0.0033510817982326,False,lower,additional_edits / credit_broad / mlp / violation_005
credit_broad,mlp,erm,1004,violation_005,0.0797569288873391,False,lower,additional_edits / credit_broad / mlp / violation_005
credit_broad,mlp,soft,1004,violation_005,0.0036807127420104,False,lower,additional_edits / credit_broad / mlp / violation_005
credit_broad,mlp,erm,1005,violation_005,0.302457857016513,False,lower,additional_edits / credit_broad / mlp / violation_005
credit_broad,mlp,soft,1005,violation_005,0.0013676049632463,False,lower,additional_edits / credit_broad / mlp / violation_005
credit_broad,mlp,erm,1006,violation_005,0.4030623281027093,False,lower,additional_edits / credit_broad / mlp / violation_005
credit_broad,mlp,soft,1006,violation_005,0.0004714715470783,False,lower,additional_edits / credit_broad / mlp / violation_005
credit_broad,mlp,erm,1007,violation_005,0.5367814452493206,False,lower,additional_edits / credit_broad / mlp / violation_005
credit_broad,mlp,soft,1007,violation_005,0.0007543593641331,False,lower,additional_edits / credit_broad / mlp / violation_005
credit_broad,mlp,erm,1008,violation_005,0.0373646154938392,False,lower,additional_edits / credit_broad / mlp / violation_005
credit_broad,mlp,soft,1008,violation_005,0.0011323096342482,False,lower,additional_edits / credit_broad / mlp / violation_005
credit_broad,mlp,erm,1009,violation_005,0.1039084431090082,False,lower,additional_edits / credit_broad / mlp / violation_005
credit_broad,mlp,soft,1009,violation_005,0.0028313124227174,False,lower,additional_edits / credit_broad / mlp / violation_005
acs_income,ft,erm,1000,P_R,0.0416488330959029,False,lower,additional_edits / acs_income / ft / P_R
acs_income,ft,soft,1000,P_R,0.0008303972948772,False,lower,additional_edits / acs_income / ft / P_R
acs_income,ft,erm,1001,P_R,0.0388469838887121,False,lower,additional_edits / acs_income / ft / P_R
acs_income,ft,soft,1001,P_R,0.0008575950111345,False,lower,additional_edits / acs_income / ft / P_R
acs_income,ft,erm,1002,P_R,0.040373852881113,False,lower,additional_edits / acs_income / ft / P_R
acs_income,ft,soft,1002,P_R,0.0009320314286976,False,lower,additional_edits / acs_income / ft / P_R
acs_income,ft,erm,1003,P_R,0.0574663058010437,False,lower,additional_edits / acs_income / ft / P_R
acs_income,ft,soft,1003,P_R,0.0009156218329121,False,lower,additional_edits / acs_income / ft / P_R
acs_income,ft,erm,1004,P_R,0.0460845908764218,False,lower,additional_edits / acs_income / ft / P_R
acs_income,ft,soft,1004,P_R,0.0006671299179185,False,lower,additional_edits / acs_income / ft / P_R
acs_income,ft,erm,1005,P_R,0.0532476081248066,False,lower,additional_edits / acs_income / ft / P_R
acs_income,ft,soft,1005,P_R,0.00083064979378,False,lower,additional_edits / acs_income / ft / P_R
acs_income,ft,erm,1006,P_R,0.0431028889793399,False,lower,additional_edits / acs_income / ft / P_R
acs_income,ft,soft,1006,P_R,0.0008260195576218,False,lower,additional_edits / acs_income / ft / P_R
acs_income,ft,erm,1007,P_R,0.0335557358451345,False,lower,additional_edits / acs_income / ft / P_R
acs_income,ft,soft,1007,P_R,0.0008948618982545,False,lower,additional_edits / acs_income / ft / P_R
acs_income,ft,erm,1008,P_R,0.0394928723979836,False,lower,additional_edits / acs_income / ft / P_R
acs_income,ft,soft,1008,P_R,0.0017511111624246,False,lower,additional_edits / acs_income / ft / P_R
acs_income,ft,erm,1009,P_R,0.0361821394187152,False,lower,additional_edits / acs_income / ft / P_R
acs_income,ft,soft,1009,P_R,0.0008132190821029,False,lower,additional_edits / acs_income / ft / P_R
acs_income,mlp,erm,1000,P_R,0.0325655202682893,False,lower,additional_edits / acs_income / mlp / P_R
acs_income,mlp,soft,1000,P_R,0.0023966413742637,False,lower,additional_edits / acs_income / mlp / P_R
acs_income,mlp,erm,1001,P_R,0.0270967162356584,False,lower,additional_edits / acs_income / mlp / P_R
acs_income,mlp,soft,1001,P_R,0.0012393748327663,False,lower,additional_edits / acs_income / mlp / P_R
acs_income,mlp,erm,1002,P_R,0.031331268749502,False,lower,additional_edits / acs_income / mlp / P_R
acs_income,mlp,soft,1002,P_R,0.0017834674745602,False,lower,additional_edits / acs_income / mlp / P_R
acs_income,mlp,erm,1003,P_R,0.0325517493297612,False,lower,additional_edits / acs_income / mlp / P_R
acs_income,mlp,soft,1003,P_R,0.0021742262938783,False,lower,additional_edits / acs_income / mlp / P_R
acs_income,mlp,erm,1004,P_R,0.028914408118749,False,lower,additional_edits / acs_income / mlp / P_R
acs_income,mlp,soft,1004,P_R,0.0021329028592029,False,lower,additional_edits / acs_income / mlp / P_R
acs_income,mlp,erm,1005,P_R,0.0330626504525131,False,lower,additional_edits / acs_income / mlp / P_R
acs_income,mlp,soft,1005,P_R,0.001534606723179,False,lower,additional_edits / acs_income / mlp / P_R
acs_income,mlp,erm,1006,P_R,0.0289725599699275,False,lower,additional_edits / acs_income / mlp / P_R
acs_income,mlp,soft,1006,P_R,0.001698215873019,False,lower,additional_edits / acs_income / mlp / P_R
acs_income,mlp,erm,1007,P_R,0.0332509487834601,False,lower,additional_edits / acs_income / mlp / P_R
acs_income,mlp,soft,1007,P_R,0.0019345757298742,False,lower,additional_edits / acs_income / mlp / P_R
acs_income,mlp,erm,1008,P_R,0.0296620453132546,False,lower,additional_edits / acs_income / mlp / P_R
acs_income,mlp,soft,1008,P_R,0.0020774455480287,False,lower,additional_edits / acs_income / mlp / P_R
acs_income,mlp,erm,1009,P_R,0.0307109550853858,False,lower,additional_edits / acs_income / mlp / P_R
acs_income,mlp,soft,1009,P_R,0.0016376040650889,False,lower,additional_edits / acs_income / mlp / P_R
credit_broad,mlp,erm,1000,P_R,0.0032992216785246,False,lower,additional_edits / credit_broad / mlp / P_R
credit_broad,mlp,soft,1000,P_R,0.001397124791008,False,lower,additional_edits / credit_broad / mlp / P_R
credit_broad,mlp,erm,1001,P_R,0.0066343272799159,False,lower,additional_edits / credit_broad / mlp / P_R
credit_broad,mlp,soft,1001,P_R,0.0017345909651908,False,lower,additional_edits / credit_broad / mlp / P_R
credit_broad,mlp,erm,1002,P_R,0.0040515038660595,False,lower,additional_edits / credit_broad / mlp / P_R
credit_broad,mlp,soft,1002,P_R,0.001526400167615,False,lower,additional_edits / credit_broad / mlp / P_R
credit_broad,mlp,erm,1003,P_R,0.0061699625171185,False,lower,additional_edits / credit_broad / mlp / P_R
credit_broad,mlp,soft,1003,P_R,0.0014517655317431,False,lower,additional_edits / credit_broad / mlp / P_R
credit_broad,mlp,erm,1004,P_R,0.0037708248210462,False,lower,additional_edits / credit_broad / mlp / P_R
credit_broad,mlp,soft,1004,P_R,0.0016818546790195,False,lower,additional_edits / credit_broad / mlp / P_R
credit_broad,mlp,erm,1005,P_R,0.0067965272939921,False,lower,additional_edits / credit_broad / mlp / P_R
credit_broad,mlp,soft,1005,P_R,0.0014783219384474,False,lower,additional_edits / credit_broad / mlp / P_R
credit_broad,mlp,erm,1006,P_R,0.0091882048921933,False,lower,additional_edits / credit_broad / mlp / P_R
credit_broad,mlp,soft,1006,P_R,0.0013007351409223,False,lower,additional_edits / credit_broad / mlp / P_R
credit_broad,mlp,erm,1007,P_R,0.0147729421315912,False,lower,additional_edits / credit_broad / mlp / P_R
credit_broad,mlp,soft,1007,P_R,0.0014987685088089,False,lower,additional_edits / credit_broad / mlp / P_R
credit_broad,mlp,erm,1008,P_R,0.0038070190973857,False,lower,additional_edits / credit_broad / mlp / P_R
credit_broad,mlp,soft,1008,P_R,0.0014284233753941,False,lower,additional_edits / credit_broad / mlp / P_R
credit_broad,mlp,erm,1009,P_R,0.0035707490025267,False,lower,additional_edits / credit_broad / mlp / P_R
credit_broad,mlp,soft,1009,P_R,0.0014544759841511,False,lower,additional_edits / credit_broad / mlp / P_R
acs_income,ft,erm,1000,P_population_effect_gap,0.0264530242260173,False,lower,additional_edits / acs_income / ft / P_population_effect_gap
acs_income,ft,soft,1000,P_population_effect_gap,0.0053267929677596,False,lower,additional_edits / acs_income / ft / P_population_effect_gap
acs_income,ft,erm,1001,P_population_effect_gap,0.025481693555634,False,lower,additional_edits / acs_income / ft / P_population_effect_gap
acs_income,ft,soft,1001,P_population_effect_gap,0.0052362072261391,False,lower,additional_edits / acs_income / ft / P_population_effect_gap
acs_income,ft,erm,1002,P_population_effect_gap,0.025167398704108,False,lower,additional_edits / acs_income / ft / P_population_effect_gap
acs_income,ft,soft,1002,P_population_effect_gap,0.0050980091933458,False,lower,additional_edits / acs_income / ft / P_population_effect_gap
acs_income,ft,erm,1003,P_population_effect_gap,0.0365426432009619,False,lower,additional_edits / acs_income / ft / P_population_effect_gap
acs_income,ft,soft,1003,P_population_effect_gap,0.0047873950281647,False,lower,additional_edits / acs_income / ft / P_population_effect_gap
acs_income,ft,erm,1004,P_population_effect_gap,0.0309020551871368,False,lower,additional_edits / acs_income / ft / P_population_effect_gap
acs_income,ft,soft,1004,P_population_effect_gap,0.0033597586188991,False,lower,additional_edits / acs_income / ft / P_population_effect_gap
acs_income,ft,erm,1005,P_population_effect_gap,0.039288759492343,False,lower,additional_edits / acs_income / ft / P_population_effect_gap
acs_income,ft,soft,1005,P_population_effect_gap,0.0028532454001184,False,lower,additional_edits / acs_income / ft / P_population_effect_gap
acs_income,ft,erm,1006,P_population_effect_gap,0.027324929923412,False,lower,additional_edits / acs_income / ft / P_population_effect_gap
acs_income,ft,soft,1006,P_population_effect_gap,0.0056435630378627,False,lower,additional_edits / acs_income / ft / P_population_effect_gap
acs_income,ft,erm,1007,P_population_effect_gap,0.0200873199461989,False,lower,additional_edits / acs_income / ft / P_population_effect_gap
acs_income,ft,soft,1007,P_population_effect_gap,0.0065148332355496,False,lower,additional_edits / acs_income / ft / P_population_effect_gap
acs_income,ft,erm,1008,P_population_effect_gap,0.026050399135881,False,lower,additional_edits / acs_income / ft / P_population_effect_gap
acs_income,ft,soft,1008,P_population_effect_gap,0.0045159591806238,False,lower,additional_edits / acs_income / ft / P_population_effect_gap
acs_income,ft,erm,1009,P_population_effect_gap,0.0240073644660984,False,lower,additional_edits / acs_income / ft / P_population_effect_gap
acs_income,ft,soft,1009,P_population_effect_gap,0.0053631907411375,False,lower,additional_edits / acs_income / ft / P_population_effect_gap
acs_income,mlp,erm,1000,P_population_effect_gap,0.021981803346666,False,lower,additional_edits / acs_income / mlp / P_population_effect_gap
acs_income,mlp,soft,1000,P_population_effect_gap,0.0080268110789988,False,lower,additional_edits / acs_income / mlp / P_population_effect_gap
acs_income,mlp,erm,1001,P_population_effect_gap,0.0157654978804255,False,lower,additional_edits / acs_income / mlp / P_population_effect_gap
acs_income,mlp,soft,1001,P_population_effect_gap,0.0101879854610871,False,lower,additional_edits / acs_income / mlp / P_population_effect_gap
acs_income,mlp,erm,1002,P_population_effect_gap,0.019082114501628,False,lower,additional_edits / acs_income / mlp / P_population_effect_gap
acs_income,mlp,soft,1002,P_population_effect_gap,0.0047273083906074,False,lower,additional_edits / acs_income / mlp / P_population_effect_gap
acs_income,mlp,erm,1003,P_population_effect_gap,0.0228351711672121,False,lower,additional_edits / acs_income / mlp / P_population_effect_gap
acs_income,mlp,soft,1003,P_population_effect_gap,0.0042412053384979,False,lower,additional_edits / acs_income / mlp / P_population_effect_gap
acs_income,mlp,erm,1004,P_population_effect_gap,0.0209638877460116,False,lower,additional_edits / acs_income / mlp / P_population_effect_gap
acs_income,mlp,soft,1004,P_population_effect_gap,0.0066165346201825,False,lower,additional_edits / acs_income / mlp / P_population_effect_gap
acs_income,mlp,erm,1005,P_population_effect_gap,0.0223472604197651,False,lower,additional_edits / acs_income / mlp / P_population_effect_gap
acs_income,mlp,soft,1005,P_population_effect_gap,0.0110498326286636,False,lower,additional_edits / acs_income / mlp / P_population_effect_gap
acs_income,mlp,erm,1006,P_population_effect_gap,0.0198638172654658,False,lower,additional_edits / acs_income / mlp / P_population_effect_gap
acs_income,mlp,soft,1006,P_population_effect_gap,0.0045086805320145,False,lower,additional_edits / acs_income / mlp / P_population_effect_gap
acs_income,mlp,erm,1007,P_population_effect_gap,0.0237485748735412,False,lower,additional_edits / acs_income / mlp / P_population_effect_gap
acs_income,mlp,soft,1007,P_population_effect_gap,0.005380908303202,False,lower,additional_edits / acs_income / mlp / P_population_effect_gap
acs_income,mlp,erm,1008,P_population_effect_gap,0.0182648745588995,False,lower,additional_edits / acs_income / mlp / P_population_effect_gap
acs_income,mlp,soft,1008,P_population_effect_gap,0.0046915592827877,False,lower,additional_edits / acs_income / mlp / P_population_effect_gap
acs_income,mlp,erm,1009,P_population_effect_gap,0.019725909986868,False,lower,additional_edits / acs_income / mlp / P_population_effect_gap
acs_income,mlp,soft,1009,P_population_effect_gap,0.0107979319930801,False,lower,additional_edits / acs_income / mlp / P_population_effect_gap
credit_broad,mlp,erm,1000,P_population_effect_gap,0.0026674372446783,False,lower,additional_edits / credit_broad / mlp / P_population_effect_gap
credit_broad,mlp,soft,1000,P_population_effect_gap,0.0015511700249493,False,lower,additional_edits / credit_broad / mlp / P_population_effect_gap
credit_broad,mlp,erm,1001,P_population_effect_gap,0.0056274779620082,False,lower,additional_edits / credit_broad / mlp / P_population_effect_gap
credit_broad,mlp,soft,1001,P_population_effect_gap,0.001598310799613,False,lower,additional_edits / credit_broad / mlp / P_population_effect_gap
credit_broad,mlp,erm,1002,P_population_effect_gap,0.0036917523414996,False,lower,additional_edits / credit_broad / mlp / P_population_effect_gap
credit_broad,mlp,soft,1002,P_population_effect_gap,0.0013190763899389,False,lower,additional_edits / credit_broad / mlp / P_population_effect_gap
credit_broad,mlp,erm,1003,P_population_effect_gap,0.0042064131054715,False,lower,additional_edits / credit_broad / mlp / P_population_effect_gap
credit_broad,mlp,soft,1003,P_population_effect_gap,0.0011680073440302,False,lower,additional_edits / credit_broad / mlp / P_population_effect_gap
credit_broad,mlp,erm,1004,P_population_effect_gap,0.0033313727389964,False,lower,additional_edits / credit_broad / mlp / P_population_effect_gap
credit_broad,mlp,soft,1004,P_population_effect_gap,0.0015852296218655,False,lower,additional_edits / credit_broad / mlp / P_population_effect_gap
credit_broad,mlp,erm,1005,P_population_effect_gap,0.0063185558033794,False,lower,additional_edits / credit_broad / mlp / P_population_effect_gap
credit_broad,mlp,soft,1005,P_population_effect_gap,0.0014308323939575,False,lower,additional_edits / credit_broad / mlp / P_population_effect_gap
credit_broad,mlp,erm,1006,P_population_effect_gap,0.0087936655931772,False,lower,additional_edits / credit_broad / mlp / P_population_effect_gap
credit_broad,mlp,soft,1006,P_population_effect_gap,0.0011912387394405,False,lower,additional_edits / credit_broad / mlp / P_population_effect_gap
credit_broad,mlp,erm,1007,P_population_effect_gap,0.0104481804063641,False,lower,additional_edits / credit_broad / mlp / P_population_effect_gap
credit_broad,mlp,soft,1007,P_population_effect_gap,0.0013933457691964,False,lower,additional_edits / credit_broad / mlp / P_population_effect_gap
credit_broad,mlp,erm,1008,P_population_effect_gap,0.0036329112229292,False,lower,additional_edits / credit_broad / mlp / P_population_effect_gap
credit_broad,mlp,soft,1008,P_population_effect_gap,0.001162749425294,False,lower,additional_edits / credit_broad / mlp / P_population_effect_gap
credit_broad,mlp,erm,1009,P_population_effect_gap,0.002588856223755,False,lower,additional_edits / credit_broad / mlp / P_population_effect_gap
credit_broad,mlp,soft,1009,P_population_effect_gap,0.0015348714008741,False,lower,additional_edits / credit_broad / mlp / P_population_effect_gap
acs_income,ft,erm,1000,decision_disagreement,0.1449594282952034,False,lower,additional_edits / acs_income / ft / decision_disagreement
acs_income,ft,soft,1000,decision_disagreement,0.0024929340204551,False,lower,additional_edits / acs_income / ft / decision_disagreement
acs_income,ft,erm,1001,decision_disagreement,0.1333288195557333,False,lower,additional_edits / acs_income / ft / decision_disagreement
acs_income,ft,soft,1001,decision_disagreement,0.0033084692510229,False,lower,additional_edits / acs_income / ft / decision_disagreement
acs_income,ft,erm,1002,decision_disagreement,0.1315941595171122,False,lower,additional_edits / acs_income / ft / decision_disagreement
acs_income,ft,soft,1002,decision_disagreement,0.0036906283928887,False,lower,additional_edits / acs_income / ft / decision_disagreement
acs_income,ft,erm,1003,decision_disagreement,0.1510845295454931,False,lower,additional_edits / acs_income / ft / decision_disagreement
acs_income,ft,soft,1003,decision_disagreement,0.0032294353573752,False,lower,additional_edits / acs_income / ft / decision_disagreement
acs_income,ft,erm,1004,decision_disagreement,0.163702407935254,False,lower,additional_edits / acs_income / ft / decision_disagreement
acs_income,ft,soft,1004,decision_disagreement,0.0024851252577221,False,lower,additional_edits / acs_income / ft / decision_disagreement
acs_income,ft,erm,1005,decision_disagreement,0.1335211485096219,False,lower,additional_edits / acs_income / ft / decision_disagreement
acs_income,ft,soft,1005,decision_disagreement,0.0028029964158235,False,lower,additional_edits / acs_income / ft / decision_disagreement
acs_income,ft,erm,1006,decision_disagreement,0.1071916647303416,False,lower,additional_edits / acs_income / ft / decision_disagreement
acs_income,ft,soft,1006,decision_disagreement,0.0029545993235464,False,lower,additional_edits / acs_income / ft / decision_disagreement
acs_income,ft,erm,1007,decision_disagreement,0.1298228730237628,False,lower,additional_edits / acs_income / ft / decision_disagreement
acs_income,ft,soft,1007,decision_disagreement,0.0026962486448466,False,lower,additional_edits / acs_income / ft / decision_disagreement
acs_income,ft,erm,1008,decision_disagreement,0.1224067544138013,False,lower,additional_edits / acs_income / ft / decision_disagreement
acs_income,ft,soft,1008,decision_disagreement,0.0035089574111517,False,lower,additional_edits / acs_income / ft / decision_disagreement
acs_income,ft,erm,1009,decision_disagreement,0.1340392986201782,False,lower,additional_edits / acs_income / ft / decision_disagreement
acs_income,ft,soft,1009,decision_disagreement,0.0016012800315445,False,lower,additional_edits / acs_income / ft / decision_disagreement
acs_income,mlp,erm,1000,decision_disagreement,0.1428133217931352,False,lower,additional_edits / acs_income / mlp / decision_disagreement
acs_income,mlp,soft,1000,decision_disagreement,0.0059976802261879,False,lower,additional_edits / acs_income / mlp / decision_disagreement
acs_income,mlp,erm,1001,decision_disagreement,0.1421829161414788,False,lower,additional_edits / acs_income / mlp / decision_disagreement
acs_income,mlp,soft,1001,decision_disagreement,0.0031435257926776,False,lower,additional_edits / acs_income / mlp / decision_disagreement
acs_income,mlp,erm,1002,decision_disagreement,0.1663579926783074,False,lower,additional_edits / acs_income / mlp / decision_disagreement
acs_income,mlp,soft,1002,decision_disagreement,0.0037699942123624,False,lower,additional_edits / acs_income / mlp / decision_disagreement
acs_income,mlp,erm,1003,decision_disagreement,0.1444964425238352,False,lower,additional_edits / acs_income / mlp / decision_disagreement
acs_income,mlp,soft,1003,decision_disagreement,0.0039790746904923,False,lower,additional_edits / acs_income / mlp / decision_disagreement
acs_income,mlp,erm,1004,decision_disagreement,0.1222480112320408,False,lower,additional_edits / acs_income / mlp / decision_disagreement
acs_income,mlp,soft,1004,decision_disagreement,0.006174226141478,False,lower,additional_edits / acs_income / mlp / decision_disagreement
acs_income,mlp,erm,1005,decision_disagreement,0.1358889799416958,False,lower,additional_edits / acs_income / mlp / decision_disagreement
acs_income,mlp,soft,1005,decision_disagreement,0.0028676627993206,False,lower,additional_edits / acs_income / mlp / decision_disagreement
acs_income,mlp,erm,1006,decision_disagreement,0.1622547526470519,False,lower,additional_edits / acs_income / mlp / decision_disagreement
acs_income,mlp,soft,1006,decision_disagreement,0.003923563296535,False,lower,additional_edits / acs_income / mlp / decision_disagreement
acs_income,mlp,erm,1007,decision_disagreement,0.1408674172923353,False,lower,additional_edits / acs_income / mlp / decision_disagreement
acs_income,mlp,soft,1007,decision_disagreement,0.0046809228040378,False,lower,additional_edits / acs_income / mlp / decision_disagreement
acs_income,mlp,erm,1008,decision_disagreement,0.1495485756414856,False,lower,additional_edits / acs_income / mlp / decision_disagreement
acs_income,mlp,soft,1008,decision_disagreement,0.0044944009271886,False,lower,additional_edits / acs_income / mlp / decision_disagreement
acs_income,mlp,erm,1009,decision_disagreement,0.1509070531705124,False,lower,additional_edits / acs_income / mlp / decision_disagreement
acs_income,mlp,soft,1009,decision_disagreement,0.0050923984419161,False,lower,additional_edits / acs_income / mlp / decision_disagreement
credit_broad,mlp,erm,1000,decision_disagreement,0.0082145577278115,False,lower,additional_edits / credit_broad / mlp / decision_disagreement
credit_broad,mlp,soft,1000,decision_disagreement,0.0039192654720027,False,lower,additional_edits / credit_broad / mlp / decision_disagreement
credit_broad,mlp,erm,1001,decision_disagreement,0.0246838155756468,False,lower,additional_edits / credit_broad / mlp / decision_disagreement
credit_broad,mlp,soft,1001,decision_disagreement,0.0032074706181867,False,lower,additional_edits / credit_broad / mlp / decision_disagreement
credit_broad,mlp,erm,1002,decision_disagreement,0.0142147403015519,False,lower,additional_edits / credit_broad / mlp / decision_disagreement
credit_broad,mlp,soft,1002,decision_disagreement,0.0079359454341701,False,lower,additional_edits / credit_broad / mlp / decision_disagreement
credit_broad,mlp,erm,1003,decision_disagreement,0.0165667730124657,False,lower,additional_edits / credit_broad / mlp / decision_disagreement
credit_broad,mlp,soft,1003,decision_disagreement,0.0037298727999496,False,lower,additional_edits / credit_broad / mlp / decision_disagreement
credit_broad,mlp,erm,1004,decision_disagreement,0.012506313558492,False,lower,additional_edits / credit_broad / mlp / decision_disagreement
credit_broad,mlp,soft,1004,decision_disagreement,0.0049583358961745,False,lower,additional_edits / credit_broad / mlp / decision_disagreement
credit_broad,mlp,erm,1005,decision_disagreement,0.0193058036247377,False,lower,additional_edits / credit_broad / mlp / decision_disagreement
credit_broad,mlp,soft,1005,decision_disagreement,0.0016050239997804,False,lower,additional_edits / credit_broad / mlp / decision_disagreement
credit_broad,mlp,erm,1006,decision_disagreement,0.0273863250714201,False,lower,additional_edits / credit_broad / mlp / decision_disagreement
credit_broad,mlp,soft,1006,decision_disagreement,0.0025073136049779,False,lower,additional_edits / credit_broad / mlp / decision_disagreement
credit_broad,mlp,erm,1007,decision_disagreement,0.0344094224730188,False,lower,additional_edits / credit_broad / mlp / decision_disagreement
credit_broad,mlp,soft,1007,decision_disagreement,0.0120375627406414,False,lower,additional_edits / credit_broad / mlp / decision_disagreement
credit_broad,mlp,erm,1008,decision_disagreement,0.0156760702391929,False,lower,additional_edits / credit_broad / mlp / decision_disagreement
credit_broad,mlp,soft,1008,decision_disagreement,0.007556240859431,False,lower,additional_edits / credit_broad / mlp / decision_disagreement
credit_broad,mlp,erm,1009,decision_disagreement,0.0095818881468571,False,lower,additional_edits / credit_broad / mlp / decision_disagreement
credit_broad,mlp,soft,1009,decision_disagreement,0.003873825628703,False,lower,additional_edits / credit_broad / mlp / decision_disagreement
acs_income,ft,erm,1000,opposite_005,0.0133099589338448,False,lower,additional_edits / acs_income / ft / opposite_005
acs_income,ft,soft,1000,opposite_005,0.0,False,lower,additional_edits / acs_income / ft / opposite_005
acs_income,ft,erm,1001,opposite_005,0.0090241988569344,False,lower,additional_edits / acs_income / ft / opposite_005
acs_income,ft,soft,1001,opposite_005,0.0,False,lower,additional_edits / acs_income / ft / opposite_005
acs_income,ft,erm,1002,opposite_005,0.0080921567591281,False,lower,additional_edits / acs_income / ft / opposite_005
acs_income,ft,soft,1002,opposite_005,0.0,False,lower,additional_edits / acs_income / ft / opposite_005
acs_income,ft,erm,1003,opposite_005,0.0223829330137787,False,lower,additional_edits / acs_income / ft / opposite_005
acs_income,ft,soft,1003,opposite_005,0.0,False,lower,additional_edits / acs_income / ft / opposite_005
acs_income,ft,erm,1004,opposite_005,0.0188934155385895,False,lower,additional_edits / acs_income / ft / opposite_005
acs_income,ft,soft,1004,opposite_005,0.0,False,lower,additional_edits / acs_income / ft / opposite_005
acs_income,ft,erm,1005,opposite_005,0.0486365408120502,False,lower,additional_edits / acs_income / ft / opposite_005
acs_income,ft,soft,1005,opposite_005,0.0,False,lower,additional_edits / acs_income / ft / opposite_005
acs_income,ft,erm,1006,opposite_005,0.0340632168959923,False,lower,additional_edits / acs_income / ft / opposite_005
acs_income,ft,soft,1006,opposite_005,0.0,False,lower,additional_edits / acs_income / ft / opposite_005
acs_income,ft,erm,1007,opposite_005,0.0168279569606441,False,lower,additional_edits / acs_income / ft / opposite_005
acs_income,ft,soft,1007,opposite_005,0.0,False,lower,additional_edits / acs_income / ft / opposite_005
acs_income,ft,erm,1008,opposite_005,0.0299642536223117,False,lower,additional_edits / acs_income / ft / opposite_005
acs_income,ft,soft,1008,opposite_005,0.0,False,lower,additional_edits / acs_income / ft / opposite_005
acs_income,ft,erm,1009,opposite_005,0.0201255043505053,False,lower,additional_edits / acs_income / ft / opposite_005
acs_income,ft,soft,1009,opposite_005,0.0,False,lower,additional_edits / acs_income / ft / opposite_005
acs_income,mlp,erm,1000,opposite_005,0.0059364025122742,False,lower,additional_edits / acs_income / mlp / opposite_005
acs_income,mlp,soft,1000,opposite_005,0.0,False,lower,additional_edits / acs_income / mlp / opposite_005
acs_income,mlp,erm,1001,opposite_005,0.0027563271067215,False,lower,additional_edits / acs_income / mlp / opposite_005
acs_income,mlp,soft,1001,opposite_005,0.0,False,lower,additional_edits / acs_income / mlp / opposite_005
acs_income,mlp,erm,1002,opposite_005,0.003948481653102,False,lower,additional_edits / acs_income / mlp / opposite_005
acs_income,mlp,soft,1002,opposite_005,0.0,False,lower,additional_edits / acs_income / mlp / opposite_005
acs_income,mlp,erm,1003,opposite_005,0.011139461289108,False,lower,additional_edits / acs_income / mlp / opposite_005
acs_income,mlp,soft,1003,opposite_005,0.0,False,lower,additional_edits / acs_income / mlp / opposite_005
acs_income,mlp,erm,1004,opposite_005,0.0055588888394892,False,lower,additional_edits / acs_income / mlp / opposite_005
acs_income,mlp,soft,1004,opposite_005,0.0002083333333333,False,lower,additional_edits / acs_income / mlp / opposite_005
acs_income,mlp,erm,1005,opposite_005,0.0085292324270447,False,lower,additional_edits / acs_income / mlp / opposite_005
acs_income,mlp,soft,1005,opposite_005,0.0,False,lower,additional_edits / acs_income / mlp / opposite_005
acs_income,mlp,erm,1006,opposite_005,0.0024861398015735,False,lower,additional_edits / acs_income / mlp / opposite_005
acs_income,mlp,soft,1006,opposite_005,0.0,False,lower,additional_edits / acs_income / mlp / opposite_005
acs_income,mlp,erm,1007,opposite_005,0.0064972913049448,False,lower,additional_edits / acs_income / mlp / opposite_005
acs_income,mlp,soft,1007,opposite_005,0.0,False,lower,additional_edits / acs_income / mlp / opposite_005
acs_income,mlp,erm,1008,opposite_005,0.0032679505893133,False,lower,additional_edits / acs_income / mlp / opposite_005
acs_income,mlp,soft,1008,opposite_005,0.0,False,lower,additional_edits / acs_income / mlp / opposite_005
acs_income,mlp,erm,1009,opposite_005,0.0022867614540221,False,lower,additional_edits / acs_income / mlp / opposite_005
acs_income,mlp,soft,1009,opposite_005,0.0,False,lower,additional_edits / acs_income / mlp / opposite_005
credit_broad,mlp,erm,1000,opposite_005,0.0001415050179931,False,lower,additional_edits / credit_broad / mlp / opposite_005
credit_broad,mlp,soft,1000,opposite_005,0.0,False,lower,additional_edits / credit_broad / mlp / opposite_005
credit_broad,mlp,erm,1001,opposite_005,0.0067926218769712,False,lower,additional_edits / credit_broad / mlp / opposite_005
credit_broad,mlp,soft,1001,opposite_005,0.0,False,lower,additional_edits / credit_broad / mlp / opposite_005
credit_broad,mlp,erm,1002,opposite_005,0.0007080184589923,False,lower,additional_edits / credit_broad / mlp / opposite_005
credit_broad,mlp,soft,1002,opposite_005,0.0001414560796888,False,lower,additional_edits / credit_broad / mlp / opposite_005
credit_broad,mlp,erm,1003,opposite_005,0.0060372253760958,False,lower,additional_edits / credit_broad / mlp / opposite_005
credit_broad,mlp,soft,1003,opposite_005,0.0,False,lower,additional_edits / credit_broad / mlp / opposite_005
credit_broad,mlp,erm,1004,opposite_005,0.0006605952110915,False,lower,additional_edits / credit_broad / mlp / opposite_005
credit_broad,mlp,soft,1004,opposite_005,0.0,False,lower,additional_edits / credit_broad / mlp / opposite_005
credit_broad,mlp,erm,1005,opposite_005,0.0051428400974788,False,lower,additional_edits / credit_broad / mlp / opposite_005
credit_broad,mlp,soft,1005,opposite_005,0.0,False,lower,additional_edits / credit_broad / mlp / opposite_005
credit_broad,mlp,erm,1006,opposite_005,0.010382777066214,False,lower,additional_edits / credit_broad / mlp / opposite_005
credit_broad,mlp,soft,1006,opposite_005,0.0,False,lower,additional_edits / credit_broad / mlp / opposite_005
credit_broad,mlp,erm,1007,opposite_005,0.0295833764503061,False,lower,additional_edits / credit_broad / mlp / opposite_005
credit_broad,mlp,soft,1007,opposite_005,0.0,False,lower,additional_edits / credit_broad / mlp / opposite_005
credit_broad,mlp,erm,1008,opposite_005,0.0002357112537067,False,lower,additional_edits / credit_broad / mlp / opposite_005
credit_broad,mlp,soft,1008,opposite_005,0.0,False,lower,additional_edits / credit_broad / mlp / opposite_005
credit_broad,mlp,erm,1009,opposite_005,0.0005192393309287,False,lower,additional_edits / credit_broad / mlp / opposite_005
credit_broad,mlp,soft,1009,opposite_005,0.0,False,lower,additional_edits / credit_broad / mlp / opposite_005
acs_income,ft,erm,1000,direction_adverse_005,0.0176013524455098,False,lower,additional_edits / acs_income / ft / direction_adverse_005
acs_income,ft,soft,1000,direction_adverse_005,0.0358216664356389,False,lower,additional_edits / acs_income / ft / direction_adverse_005
acs_income,ft,erm,1001,direction_adverse_005,0.0332267305623213,False,lower,additional_edits / acs_income / ft / direction_adverse_005
acs_income,ft,soft,1001,direction_adverse_005,0.0194396588711327,False,lower,additional_edits / acs_income / ft / direction_adverse_005
acs_income,ft,erm,1002,direction_adverse_005,0.0127616066518077,False,lower,additional_edits / acs_income / ft / direction_adverse_005
acs_income,ft,soft,1002,direction_adverse_005,0.024776798017217,False,lower,additional_edits / acs_income / ft / direction_adverse_005
acs_income,ft,erm,1003,direction_adverse_005,0.0295546596754872,False,lower,additional_edits / acs_income / ft / direction_adverse_005
acs_income,ft,soft,1003,direction_adverse_005,0.0109875113038542,False,lower,additional_edits / acs_income / ft / direction_adverse_005
acs_income,ft,erm,1004,direction_adverse_005,0.0230573926551162,False,lower,additional_edits / acs_income / ft / direction_adverse_005
acs_income,ft,soft,1004,direction_adverse_005,0.0144966566994725,False,lower,additional_edits / acs_income / ft / direction_adverse_005
acs_income,ft,erm,1005,direction_adverse_005,0.071177105806693,False,lower,additional_edits / acs_income / ft / direction_adverse_005
acs_income,ft,soft,1005,direction_adverse_005,0.0007467144563918,False,lower,additional_edits / acs_income / ft / direction_adverse_005
acs_income,ft,erm,1006,direction_adverse_005,0.0343928917569412,False,lower,additional_edits / acs_income / ft / direction_adverse_005
acs_income,ft,soft,1006,direction_adverse_005,0.0091617325755625,False,lower,additional_edits / acs_income / ft / direction_adverse_005
acs_income,ft,erm,1007,direction_adverse_005,0.0420042971147943,False,lower,additional_edits / acs_income / ft / direction_adverse_005
acs_income,ft,soft,1007,direction_adverse_005,0.0314239320286187,False,lower,additional_edits / acs_income / ft / direction_adverse_005
acs_income,ft,erm,1008,direction_adverse_005,0.0250957114662336,False,lower,additional_edits / acs_income / ft / direction_adverse_005
acs_income,ft,soft,1008,direction_adverse_005,0.0130817771969081,False,lower,additional_edits / acs_income / ft / direction_adverse_005
acs_income,ft,erm,1009,direction_adverse_005,0.0246813468253496,False,lower,additional_edits / acs_income / ft / direction_adverse_005
acs_income,ft,soft,1009,direction_adverse_005,0.0407853953902074,False,lower,additional_edits / acs_income / ft / direction_adverse_005
acs_income,mlp,erm,1000,direction_adverse_005,0.0188871726832874,False,lower,additional_edits / acs_income / mlp / direction_adverse_005
acs_income,mlp,soft,1000,direction_adverse_005,0.0415508054026184,False,lower,additional_edits / acs_income / mlp / direction_adverse_005
acs_income,mlp,erm,1001,direction_adverse_005,0.0216496036225139,False,lower,additional_edits / acs_income / mlp / direction_adverse_005
acs_income,mlp,soft,1001,direction_adverse_005,0.0805095595089631,False,lower,additional_edits / acs_income / mlp / direction_adverse_005
acs_income,mlp,erm,1002,direction_adverse_005,0.0496648448484128,False,lower,additional_edits / acs_income / mlp / direction_adverse_005
acs_income,mlp,soft,1002,direction_adverse_005,0.0256257549654448,False,lower,additional_edits / acs_income / mlp / direction_adverse_005
acs_income,mlp,erm,1003,direction_adverse_005,0.0451586500062707,False,lower,additional_edits / acs_income / mlp / direction_adverse_005
acs_income,mlp,soft,1003,direction_adverse_005,0.0216496036225139,False,lower,additional_edits / acs_income / mlp / direction_adverse_005
acs_income,mlp,erm,1004,direction_adverse_005,0.0419516558083658,False,lower,additional_edits / acs_income / mlp / direction_adverse_005
acs_income,mlp,soft,1004,direction_adverse_005,0.0252012731397802,False,lower,additional_edits / acs_income / mlp / direction_adverse_005
acs_income,mlp,erm,1005,direction_adverse_005,0.0274998844861614,False,lower,additional_edits / acs_income / mlp / direction_adverse_005
acs_income,mlp,soft,1005,direction_adverse_005,0.0760608939437963,False,lower,additional_edits / acs_income / mlp / direction_adverse_005
acs_income,mlp,erm,1006,direction_adverse_005,0.0308415348158709,False,lower,additional_edits / acs_income / mlp / direction_adverse_005
acs_income,mlp,soft,1006,direction_adverse_005,0.0257750978567232,False,lower,additional_edits / acs_income / mlp / direction_adverse_005
acs_income,mlp,erm,1007,direction_adverse_005,0.0346457964854386,False,lower,additional_edits / acs_income / mlp / direction_adverse_005
acs_income,mlp,soft,1007,direction_adverse_005,0.0145066940644288,False,lower,additional_edits / acs_income / mlp / direction_adverse_005
acs_income,mlp,erm,1008,direction_adverse_005,0.0350412879462959,False,lower,additional_edits / acs_income / mlp / direction_adverse_005
acs_income,mlp,soft,1008,direction_adverse_005,0.0345820379281437,False,lower,additional_edits / acs_income / mlp / direction_adverse_005
acs_income,mlp,erm,1009,direction_adverse_005,0.028959649365994,False,lower,additional_edits / acs_income / mlp / direction_adverse_005
acs_income,mlp,soft,1009,direction_adverse_005,0.0847951294338994,False,lower,additional_edits / acs_income / mlp / direction_adverse_005
acs_income,ft,erm,1000,direction_both_adverse_005,0.0070079609593883,False,lower,additional_edits / acs_income / ft / direction_both_adverse_005
acs_income,ft,soft,1000,direction_both_adverse_005,0.0346830300269972,False,lower,additional_edits / acs_income / ft / direction_both_adverse_005
acs_income,ft,erm,1001,direction_both_adverse_005,0.0217765038251582,False,lower,additional_edits / acs_income / ft / direction_both_adverse_005
acs_income,ft,soft,1001,direction_both_adverse_005,0.0179686726469831,False,lower,additional_edits / acs_income / ft / direction_both_adverse_005
acs_income,ft,erm,1002,direction_both_adverse_005,0.0040761056958696,False,lower,additional_edits / acs_income / ft / direction_both_adverse_005
acs_income,ft,soft,1002,direction_both_adverse_005,0.0243399906876989,False,lower,additional_edits / acs_income / ft / direction_both_adverse_005
acs_income,ft,erm,1003,direction_both_adverse_005,0.0132086773995524,False,lower,additional_edits / acs_income / ft / direction_both_adverse_005
acs_income,ft,soft,1003,direction_both_adverse_005,0.0096658679709829,False,lower,additional_edits / acs_income / ft / direction_both_adverse_005
acs_income,ft,erm,1004,direction_both_adverse_005,0.0145953539563275,False,lower,additional_edits / acs_income / ft / direction_both_adverse_005
acs_income,ft,soft,1004,direction_both_adverse_005,0.0136342633847534,False,lower,additional_edits / acs_income / ft / direction_both_adverse_005
acs_income,ft,erm,1005,direction_both_adverse_005,0.032267555842928,False,lower,additional_edits / acs_income / ft / direction_both_adverse_005
acs_income,ft,soft,1005,direction_both_adverse_005,0.0004480286738351,False,lower,additional_edits / acs_income / ft / direction_both_adverse_005
acs_income,ft,erm,1006,direction_both_adverse_005,0.0155768982476318,False,lower,additional_edits / acs_income / ft / direction_both_adverse_005
acs_income,ft,soft,1006,direction_both_adverse_005,0.008564361010449,False,lower,additional_edits / acs_income / ft / direction_both_adverse_005
acs_income,ft,erm,1007,direction_both_adverse_005,0.032129514115791,False,lower,additional_edits / acs_income / ft / direction_both_adverse_005
acs_income,ft,soft,1007,direction_both_adverse_005,0.0304391416723267,False,lower,additional_edits / acs_income / ft / direction_both_adverse_005
acs_income,ft,erm,1008,direction_both_adverse_005,0.0149222426846736,False,lower,additional_edits / acs_income / ft / direction_both_adverse_005
acs_income,ft,soft,1008,direction_both_adverse_005,0.0123575054291504,False,lower,additional_edits / acs_income / ft / direction_both_adverse_005
acs_income,ft,erm,1009,direction_both_adverse_005,0.0140935134029056,False,lower,additional_edits / acs_income / ft / direction_both_adverse_005
acs_income,ft,soft,1009,direction_both_adverse_005,0.0399544510862652,False,lower,additional_edits / acs_income / ft / direction_both_adverse_005
acs_income,mlp,erm,1000,direction_both_adverse_005,0.008978725651333,False,lower,additional_edits / acs_income / mlp / direction_both_adverse_005
acs_income,mlp,soft,1000,direction_both_adverse_005,0.0385347934082725,False,lower,additional_edits / acs_income / mlp / direction_both_adverse_005
acs_income,mlp,erm,1001,direction_both_adverse_005,0.0118084846564618,False,lower,additional_edits / acs_income / mlp / direction_both_adverse_005
acs_income,mlp,soft,1001,direction_both_adverse_005,0.0786410377226882,False,lower,additional_edits / acs_income / mlp / direction_both_adverse_005
acs_income,mlp,erm,1002,direction_both_adverse_005,0.0328684726430226,False,lower,additional_edits / acs_income / mlp / direction_both_adverse_005
acs_income,mlp,soft,1002,direction_both_adverse_005,0.0242108754628804,False,lower,additional_edits / acs_income / mlp / direction_both_adverse_005
acs_income,mlp,erm,1003,direction_both_adverse_005,0.0249834980230631,False,lower,additional_edits / acs_income / mlp / direction_both_adverse_005
acs_income,mlp,soft,1003,direction_both_adverse_005,0.0186256163488385,False,lower,additional_edits / acs_income / mlp / direction_both_adverse_005
acs_income,mlp,erm,1004,direction_both_adverse_005,0.0288215278190327,False,lower,additional_edits / acs_income / mlp / direction_both_adverse_005
acs_income,mlp,soft,1004,direction_both_adverse_005,0.0237841786150416,False,lower,additional_edits / acs_income / mlp / direction_both_adverse_005
acs_income,mlp,erm,1005,direction_both_adverse_005,0.0146123355577998,False,lower,additional_edits / acs_income / mlp / direction_both_adverse_005
acs_income,mlp,soft,1005,direction_both_adverse_005,0.0740985316544177,False,lower,additional_edits / acs_income / mlp / direction_both_adverse_005
acs_income,mlp,erm,1006,direction_both_adverse_005,0.0167480214129652,False,lower,additional_edits / acs_income / mlp / direction_both_adverse_005
acs_income,mlp,soft,1006,direction_both_adverse_005,0.0233372608038443,False,lower,additional_edits / acs_income / mlp / direction_both_adverse_005
acs_income,mlp,erm,1007,direction_both_adverse_005,0.0215788101414549,False,lower,additional_edits / acs_income / mlp / direction_both_adverse_005
acs_income,mlp,soft,1007,direction_both_adverse_005,0.0132479487531115,False,lower,additional_edits / acs_income / mlp / direction_both_adverse_005
acs_income,mlp,erm,1008,direction_both_adverse_005,0.0205109672138722,False,lower,additional_edits / acs_income / mlp / direction_both_adverse_005
acs_income,mlp,soft,1008,direction_both_adverse_005,0.0319948579839864,False,lower,additional_edits / acs_income / mlp / direction_both_adverse_005
acs_income,mlp,erm,1009,direction_both_adverse_005,0.0178081084113876,False,lower,additional_edits / acs_income / mlp / direction_both_adverse_005
acs_income,mlp,soft,1009,direction_both_adverse_005,0.0826395703326214,False,lower,additional_edits / acs_income / mlp / direction_both_adverse_005
acs_income,ft,erm,1000,direction_adverse_decision,0.0001331912626531,False,lower,additional_edits / acs_income / ft / direction_adverse_decision
acs_income,ft,soft,1000,direction_adverse_decision,0.0005749288764794,False,lower,additional_edits / acs_income / ft / direction_adverse_decision
acs_income,ft,erm,1001,direction_adverse_decision,0.0012879792999201,False,lower,additional_edits / acs_income / ft / direction_adverse_decision
acs_income,ft,soft,1001,direction_adverse_decision,0.0002986857825567,False,lower,additional_edits / acs_income / ft / direction_adverse_decision
acs_income,ft,erm,1002,direction_adverse_decision,0.0,False,lower,additional_edits / acs_income / ft / direction_adverse_decision
acs_income,ft,soft,1002,direction_adverse_decision,0.0,False,lower,additional_edits / acs_income / ft / direction_adverse_decision
acs_income,ft,erm,1003,direction_adverse_decision,0.0002874644382397,False,lower,additional_edits / acs_income / ft / direction_adverse_decision
acs_income,ft,soft,1003,direction_adverse_decision,0.0,False,lower,additional_edits / acs_income / ft / direction_adverse_decision
acs_income,ft,erm,1004,direction_adverse_decision,0.0012992006442371,False,lower,additional_edits / acs_income / ft / direction_adverse_decision
acs_income,ft,soft,1004,direction_adverse_decision,0.0,False,lower,additional_edits / acs_income / ft / direction_adverse_decision
acs_income,ft,erm,1005,direction_adverse_decision,0.0019987415844636,False,lower,additional_edits / acs_income / ft / direction_adverse_decision
acs_income,ft,soft,1005,direction_adverse_decision,0.0,False,lower,additional_edits / acs_income / ft / direction_adverse_decision
acs_income,ft,erm,1006,direction_adverse_decision,0.000436807329518,False,lower,additional_edits / acs_income / ft / direction_adverse_decision
acs_income,ft,soft,1006,direction_adverse_decision,0.0,False,lower,additional_edits / acs_income / ft / direction_adverse_decision
acs_income,ft,erm,1007,direction_adverse_decision,0.0011723004415929,False,lower,additional_edits / acs_income / ft / direction_adverse_decision
acs_income,ft,soft,1007,direction_adverse_decision,0.002460279741513,False,lower,additional_edits / acs_income / ft / direction_adverse_decision
acs_income,ft,erm,1008,direction_adverse_decision,0.0005861502207964,False,lower,additional_edits / acs_income / ft / direction_adverse_decision
acs_income,ft,soft,1008,direction_adverse_decision,0.0002874644382397,False,lower,additional_edits / acs_income / ft / direction_adverse_decision
acs_income,ft,erm,1009,direction_adverse_decision,0.0001493428912783,False,lower,additional_edits / acs_income / ft / direction_adverse_decision
acs_income,ft,soft,1009,direction_adverse_decision,0.0001493428912783,False,lower,additional_edits / acs_income / ft / direction_adverse_decision
acs_income,mlp,erm,1000,direction_adverse_decision,0.0001493428912783,False,lower,additional_edits / acs_income / mlp / direction_adverse_decision
acs_income,mlp,soft,1000,direction_adverse_decision,0.0015821619214054,False,lower,additional_edits / acs_income / mlp / direction_adverse_decision
acs_income,mlp,erm,1001,direction_adverse_decision,0.0001493428912783,False,lower,additional_edits / acs_income / mlp / direction_adverse_decision
acs_income,mlp,soft,1001,direction_adverse_decision,0.0048144724682257,False,lower,additional_edits / acs_income / mlp / direction_adverse_decision
acs_income,mlp,erm,1002,direction_adverse_decision,0.0004480286738351,False,lower,additional_edits / acs_income / mlp / direction_adverse_decision
acs_income,mlp,soft,1002,direction_adverse_decision,0.0002986857825567,False,lower,additional_edits / acs_income / mlp / direction_adverse_decision
acs_income,mlp,erm,1003,direction_adverse_decision,0.0011610790972758,False,lower,additional_edits / acs_income / mlp / direction_adverse_decision
acs_income,mlp,soft,1003,direction_adverse_decision,0.0,False,lower,additional_edits / acs_income / mlp / direction_adverse_decision
acs_income,mlp,erm,1004,direction_adverse_decision,0.0010229575503145,False,lower,additional_edits / acs_income / mlp / direction_adverse_decision
acs_income,mlp,soft,1004,direction_adverse_decision,0.0002986857825567,False,lower,additional_edits / acs_income / mlp / direction_adverse_decision
acs_income,mlp,erm,1005,direction_adverse_decision,0.0001493428912783,False,lower,additional_edits / acs_income / mlp / direction_adverse_decision
acs_income,mlp,soft,1005,direction_adverse_decision,0.004058751689691,False,lower,additional_edits / acs_income / mlp / direction_adverse_decision
acs_income,mlp,erm,1006,direction_adverse_decision,0.0,False,lower,additional_edits / acs_income / mlp / direction_adverse_decision
acs_income,mlp,soft,1006,direction_adverse_decision,0.0,False,lower,additional_edits / acs_income / mlp / direction_adverse_decision
acs_income,mlp,erm,1007,direction_adverse_decision,0.0005749288764794,False,lower,additional_edits / acs_income / mlp / direction_adverse_decision
acs_income,mlp,soft,1007,direction_adverse_decision,0.0002874644382397,False,lower,additional_edits / acs_income / mlp / direction_adverse_decision
acs_income,mlp,erm,1008,direction_adverse_decision,0.0,False,lower,additional_edits / acs_income / mlp / direction_adverse_decision
acs_income,mlp,soft,1008,direction_adverse_decision,0.0002986857825567,False,lower,additional_edits / acs_income / mlp / direction_adverse_decision
acs_income,mlp,erm,1009,direction_adverse_decision,0.0,False,lower,additional_edits / acs_income / mlp / direction_adverse_decision
acs_income,mlp,soft,1009,direction_adverse_decision,0.0039384902643018,False,lower,additional_edits / acs_income / mlp / direction_adverse_decision
acs_income,ft,erm,1000,direction_joint_pass,0.3162481286302561,False,higher,additional_edits / acs_income / ft / direction_joint_pass
acs_income,ft,soft,1000,direction_joint_pass,0.964178333564361,False,higher,additional_edits / acs_income / ft / direction_joint_pass
acs_income,ft,erm,1001,direction_joint_pass,0.3078416581780396,False,higher,additional_edits / acs_income / ft / direction_joint_pass
acs_income,ft,soft,1001,direction_joint_pass,0.9805603411288673,False,higher,additional_edits / acs_income / ft / direction_joint_pass
acs_income,ft,erm,1002,direction_joint_pass,0.2489987856343758,False,higher,additional_edits / acs_income / ft / direction_joint_pass
acs_income,ft,soft,1002,direction_joint_pass,0.975223201982783,False,higher,additional_edits / acs_income / ft / direction_joint_pass
acs_income,ft,erm,1003,direction_joint_pass,0.2287331979029554,False,higher,additional_edits / acs_income / ft / direction_joint_pass
acs_income,ft,soft,1003,direction_joint_pass,0.9890124886961458,False,higher,additional_edits / acs_income / ft / direction_joint_pass
acs_income,ft,erm,1004,direction_joint_pass,0.3364144429371046,False,higher,additional_edits / acs_income / ft / direction_joint_pass
acs_income,ft,soft,1004,direction_joint_pass,0.985354000409249,False,higher,additional_edits / acs_income / ft / direction_joint_pass
acs_income,ft,erm,1005,direction_joint_pass,0.2769150991305345,False,higher,additional_edits / acs_income / ft / direction_joint_pass
acs_income,ft,soft,1005,direction_joint_pass,0.999253285543608,False,higher,additional_edits / acs_income / ft / direction_joint_pass
acs_income,ft,erm,1006,direction_joint_pass,0.2487954843213456,False,higher,additional_edits / acs_income / ft / direction_joint_pass
acs_income,ft,soft,1006,direction_joint_pass,0.9908382674244376,False,higher,additional_edits / acs_income / ft / direction_joint_pass
acs_income,ft,erm,1007,direction_joint_pass,0.3454452399458391,False,higher,additional_edits / acs_income / ft / direction_joint_pass
acs_income,ft,soft,1007,direction_joint_pass,0.9683096854460748,False,higher,additional_edits / acs_income / ft / direction_joint_pass
acs_income,ft,erm,1008,direction_joint_pass,0.2300225570242329,False,higher,additional_edits / acs_income / ft / direction_joint_pass
acs_income,ft,soft,1008,direction_joint_pass,0.9869182228030918,False,higher,additional_edits / acs_income / ft / direction_joint_pass
acs_income,ft,erm,1009,direction_joint_pass,0.2775693734201886,False,higher,additional_edits / acs_income / ft / direction_joint_pass
acs_income,ft,soft,1009,direction_joint_pass,0.9592146046097926,False,higher,additional_edits / acs_income / ft / direction_joint_pass
acs_income,mlp,erm,1000,direction_joint_pass,0.3253285694187788,False,higher,additional_edits / acs_income / mlp / direction_joint_pass
acs_income,mlp,soft,1000,direction_joint_pass,0.9566675448040678,False,higher,additional_edits / acs_income / mlp / direction_joint_pass
acs_income,mlp,erm,1001,direction_joint_pass,0.4194782860808218,False,higher,additional_edits / acs_income / mlp / direction_joint_pass
acs_income,mlp,soft,1001,direction_joint_pass,0.9194904404910368,False,higher,additional_edits / acs_income / mlp / direction_joint_pass
acs_income,mlp,erm,1002,direction_joint_pass,0.4315163951960928,False,higher,additional_edits / acs_income / mlp / direction_joint_pass
acs_income,mlp,soft,1002,direction_joint_pass,0.9739423679893452,False,higher,additional_edits / acs_income / mlp / direction_joint_pass
acs_income,mlp,erm,1003,direction_joint_pass,0.3234184697073179,False,higher,additional_edits / acs_income / mlp / direction_joint_pass
acs_income,mlp,soft,1003,direction_joint_pass,0.9738858341445232,False,higher,additional_edits / acs_income / mlp / direction_joint_pass
acs_income,mlp,erm,1004,direction_joint_pass,0.414931373461151,False,higher,additional_edits / acs_income / mlp / direction_joint_pass
acs_income,mlp,soft,1004,direction_joint_pass,0.9745157655830514,False,higher,additional_edits / acs_income / mlp / direction_joint_pass
acs_income,mlp,erm,1005,direction_joint_pass,0.3469212730529324,False,higher,additional_edits / acs_income / mlp / direction_joint_pass
acs_income,mlp,soft,1005,direction_joint_pass,0.9238059147935506,False,higher,additional_edits / acs_income / mlp / direction_joint_pass
acs_income,mlp,erm,1006,direction_joint_pass,0.5012188032009054,False,higher,additional_edits / acs_income / mlp / direction_joint_pass
acs_income,mlp,soft,1006,direction_joint_pass,0.9737768734694416,False,higher,additional_edits / acs_income / mlp / direction_joint_pass
acs_income,mlp,erm,1007,direction_joint_pass,0.340613073155831,False,higher,additional_edits / acs_income / mlp / direction_joint_pass
acs_income,mlp,soft,1007,direction_joint_pass,0.9849120859990828,False,higher,additional_edits / acs_income / mlp / direction_joint_pass
acs_income,mlp,erm,1008,direction_joint_pass,0.4360983684815809,False,higher,additional_edits / acs_income / mlp / direction_joint_pass
acs_income,mlp,soft,1008,direction_joint_pass,0.9637550604055174,False,higher,additional_edits / acs_income / mlp / direction_joint_pass
acs_income,mlp,erm,1009,direction_joint_pass,0.4240172055372201,False,higher,additional_edits / acs_income / mlp / direction_joint_pass
acs_income,mlp,soft,1009,direction_joint_pass,0.9152048705661006,False,higher,additional_edits / acs_income / mlp / direction_joint_pass
