task,architecture,seed,arm,training,n,L_R,violation_005,P_R,decision_disagreement,opposite_005,P_population_effect_gap,P_mean_common_abs,direction_L_R,direction_violation_005,direction_P_R,direction_decision_disagreement,direction_opposite_005,direction_P_mean_common_abs,direction_direction_logit_loss,direction_adverse_magnitude,direction_adverse_decision,direction_common_response,direction_signed_common_response,direction_adverse_0,direction_both_adverse_0,direction_adverse_005,direction_both_adverse_005,direction_adverse_01,direction_both_adverse_01,direction_joint_pass
acs_income,ft,1000,erm,False,1816.375,0.2035568134949528,0.7425709176945363,0.0416488330959029,0.1449594282952034,0.0133099589338448,0.0264530242260173,0.1060126271437864,0.1570047701710137,0.6778779705412029,0.0335640655912968,0.1311049236575945,0.0049060428167909,0.0827717108754218,0.0004901878641605,0.000274965277989,0.0001331912626531,0.0827717108754218,0.0823242261569511,0.0723417949530128,0.0362418441010296,0.0176013524455098,0.0070079609593883,0.0105912562837715,0.004619585561572,0.3162481286302561
acs_income,ft,1001,erm,False,1816.375,0.1994383847253212,0.7809102291210752,0.0388469838887121,0.1333288195557333,0.0090241988569344,0.025481693555634,0.1118002416987213,0.1227845576625836,0.6772179469626562,0.0261947261584723,0.1215236090399954,0.0049878875489283,0.0842106732219602,0.0009969293771675,0.0005282209525609,0.0012879792999201,0.0842106732219602,0.0832377426840821,0.0981060331247794,0.057667925168274,0.0332267305623213,0.0217765038251582,0.0224860888334422,0.0143585351525112,0.3078416581780396
acs_income,ft,1002,erm,False,1816.375,0.1996673377087124,0.7730855568437371,0.040373852881113,0.1315941595171122,0.0080921567591281,0.025167398704108,0.1055668075020907,0.1651070275603649,0.7485948263235223,0.0342517544962549,0.1253886101385844,0.0037167369139331,0.0853507297011025,0.0003645100545951,0.0001668362657287,0.0,0.0853507297011025,0.0850850438865676,0.1025928776348363,0.0526721171143228,0.0127616066518077,0.0040761056958696,0.0065205878152711,0.0021570907978848,0.2489987856343758
acs_income,ft,1003,erm,False,1816.375,0.3051526206306842,0.8183544743840001,0.0574663058010437,0.1510845295454931,0.0223829330137787,0.0365426432009619,0.1061321027557443,0.2203747330717957,0.7651143700356836,0.0442947826016185,0.1358309561159144,0.0066363397903214,0.0875890735640484,0.0013119751590004,0.0004475317444493,0.0002874644382397,0.0875890735640484,0.0868044837546777,0.1148642314888219,0.0603135180130488,0.0295546596754872,0.0132086773995524,0.01643361112502,0.0074369459461243,0.2287331979029554
acs_income,ft,1004,erm,False,1816.375,0.2266598232443069,0.7713709792040802,0.0460845908764218,0.163702407935254,0.0188934155385895,0.0309020551871368,0.1094054136545921,0.1406999152698998,0.6495550215013679,0.0335035927764306,0.15283965362568,0.0015686524381911,0.082918083169943,0.0010018981050811,0.0004747945238463,0.0012992006442371,0.082918083169943,0.0820026793227751,0.0803544148808731,0.0535813113068708,0.0230573926551162,0.0145953539563275,0.0154734717764351,0.0098118849774493,0.3364144429371046
acs_income,ft,1005,erm,False,1816.375,0.2972983957213821,0.7878546771531469,0.0532476081248066,0.1335211485096219,0.0486365408120502,0.039288759492343,0.1023015273531542,0.1911392121205063,0.7026087085511822,0.035368296042427,0.1121285670448697,0.0165128058851338,0.079646420006286,0.0037181745959982,0.0012206293048533,0.0019987415844636,0.079646420006286,0.077518384668577,0.1828589843897392,0.1002534027065387,0.071177105806693,0.032267555842928,0.0452442704827379,0.0203996452831703,0.2769150991305345
acs_income,ft,1006,erm,False,1816.375,0.2286244517677654,0.7803730079730423,0.0431028889793399,0.1071916647303416,0.0340632168959923,0.027324929923412,0.1166339629309005,0.1721532313042572,0.740773781076649,0.0340702623067978,0.1076034141551104,0.0062150309129214,0.0867960614134772,0.0012318334111378,0.0005409467709711,0.000436807329518,0.0867960614134772,0.0858248226136024,0.1330296744427803,0.0685266431535844,0.0343928917569412,0.0155768982476318,0.0207464558048816,0.009549151366741,0.2487954843213456
acs_income,ft,1007,erm,False,1816.375,0.1729002482127653,0.7053241384804084,0.0335557358451345,0.1298228730237628,0.0168279569606441,0.0200873199461989,0.1070400899061395,0.1166331281435947,0.6276859111660642,0.0246569308015333,0.1263543184182707,0.0039985940315649,0.0780333113831601,0.0023034788579175,0.0008125613728052,0.0011723004415929,0.0780333113831601,0.0764625503812062,0.111720031632854,0.0843108949351896,0.0420042971147943,0.032129514115791,0.0278624329194637,0.0194137507673419,0.3454452399458391
acs_income,ft,1008,erm,False,1816.375,0.2195231800469732,0.8077576064172781,0.0394928723979836,0.1224067544138013,0.0299642536223117,0.026050399135881,0.1044972546645018,0.1584910575087233,0.758490086790496,0.030500739978488,0.1208561160381325,0.0032069941979049,0.0826440191884761,0.0009702949388119,0.0004890066946443,0.0005861502207964,0.0826440191884761,0.0817249021999733,0.080790106891675,0.0433614027151544,0.0250957114662336,0.0149222426846736,0.0172556222235423,0.0104609332197997,0.2300225570242329
acs_income,ft,1009,erm,False,1816.375,0.1787118076175169,0.7745004557807049,0.0361821394187152,0.1340392986201782,0.0201255043505053,0.0240073644660984,0.1046102224417475,0.1365309965396374,0.7113800777240584,0.0276711722862436,0.1250160420288408,0.0039537086542967,0.0821857443251459,0.0006514756387972,0.0003931559744712,0.0001493428912783,0.0821857443251459,0.0814613330101634,0.0809757008289513,0.0485740455860337,0.0246813468253496,0.0140935134029056,0.0150007920948929,0.008138775025248,0.2775693734201886
acs_income,ft,1000,soft,False,1816.375,0.0049851507001655,0.0,0.0008303972948772,0.0024929340204551,0.0,0.0053267929677596,0.0956788753138512,0.0037579386097818,0.0,0.0006210244246831,0.0019705143650479,0.0,0.0665013749307743,0.0006948237780613,0.000656406798023,0.0005749288764794,0.0665013749307743,0.0651887366386603,0.0663131178524059,0.0654664490430753,0.0358216664356389,0.0346830300269972,0.0239234110246407,0.023635946586401,0.964178333564361
acs_income,ft,1001,soft,False,1816.375,0.0050026533459157,0.0,0.0008575950111345,0.0033084692510229,0.0,0.0052362072261391,0.1014023313516108,0.0048084653397478,0.0,0.0008532951633951,0.0040103946079985,0.0,0.075828944607235,0.0002636636140057,0.0003155143662901,0.0002986857825567,0.075828944607235,0.0751980209417096,0.0548277439329374,0.0535330464497717,0.0194396588711327,0.0179686726469831,0.0107932830353076,0.0105170399413849,0.9805603411288673
acs_income,ft,1002,soft,False,1816.375,0.00506950482866,7.192174913693901e-05,0.0009320314286976,0.0036906283928887,0.0,0.0050980091933458,0.0962406667599383,0.0041291831411547,0.0,0.0008144579590809,0.0035803785784491,0.0,0.0680235599312783,0.0005771584080957,0.0004314100930563,0.0,0.0680235599312783,0.0671609149814056,0.0560359965463787,0.0540619857894464,0.024776798017217,0.0243399906876989,0.0145639847653748,0.0139666132002613,0.975223201982783
acs_income,ft,1003,soft,False,1816.375,0.0057117241433914,0.0,0.0009156218329121,0.0032294353573752,0.0,0.0047873950281647,0.1012173143502296,0.0041593776516253,0.0,0.0006349793926501,0.0026377520480239,0.0,0.0737963695396491,0.000250487455866,0.0001836562427058,0.0,0.0737963695396491,0.07342929554514,0.0687491728195675,0.0653678549897898,0.0109875113038542,0.0096658679709829,0.0032182155422219,0.0024827224301471,0.9890124886961458
acs_income,ft,1004,soft,False,1816.375,0.004243833134713,7.467144563918757e-05,0.0006671299179185,0.0024851252577221,0.0,0.0033597586188991,0.0865893605675228,0.0033516859283719,0.0001493428912783,0.0005542797096808,0.0019547898596594,0.0,0.0705390522309996,0.0002429578595342,0.0002403490370133,0.0,0.0705390522309996,0.0700584325080055,0.0377708050055941,0.0367864417725388,0.0144966566994725,0.0136342633847534,0.0078961959642765,0.0077580744173151,0.985354000409249
acs_income,ft,1005,soft,False,1816.375,0.0047285633568612,0.0,0.00083064979378,0.0028029964158235,0.0,0.0028532454001184,0.0992125046035318,0.003236270456769,0.0,0.0005605842384823,0.0017745044868313,0.0,0.0752108780255423,1.6834190464505623e-05,4.212418008807731e-05,0.0,0.0752108780255423,0.0751267976398749,0.0294381557183132,0.0275640261975966,0.0007467144563918,0.0004480286738351,0.0,0.0,0.999253285543608
acs_income,ft,1006,soft,False,1816.375,0.0052784284893959,0.0,0.0008260195576218,0.0029545993235464,0.0,0.0056435630378627,0.1022563277558062,0.0042139501685954,0.0,0.000664002594489,0.0034273867725728,0.0,0.0754932498067591,7.160462934057432e-05,0.0001208493499273,0.0,0.0754932498067591,0.0752516691577539,0.0307460635146998,0.0287787709410131,0.0091617325755625,0.008564361010449,0.0033900011221344,0.0030913153395776,0.9908382674244376
acs_income,ft,1007,soft,False,1816.375,0.0054751497462283,0.0006311051881705,0.0008948618982545,0.0026962486448466,0.0,0.0065148332355496,0.0945133724517542,0.0047396655052848,0.0002663825253063,0.0007779110750456,0.0015502857873917,0.0,0.0741575200474504,0.0016262011297358,0.0009379203875131,0.002460279741513,0.0741575200474504,0.0722817526383218,0.0487083544144258,0.0480110284963736,0.0314239320286187,0.0304391416723267,0.0247970256836769,0.0242333181515145,0.9683096854460748
acs_income,ft,1008,soft,False,1816.375,0.0111050824626469,0.0003993610223642,0.0017511111624246,0.0035089574111517,0.0,0.0045159591806238,0.1102523361092333,0.0084318723634483,0.0,0.0013263751794666,0.0033207142363884,0.0,0.0825754925016036,0.000187027100974,0.0001891013041324,0.0002874644382397,0.0825754925016036,0.082197437675806,0.0491097398431256,0.0466691812388452,0.0130817771969081,0.0123575054291504,0.0052865733314851,0.0051372304402067,0.9869182228030918
acs_income,ft,1009,soft,False,1816.375,0.0052067202935478,0.0005034522439585,0.0008132190821029,0.0016012800315445,0.0,0.0053631907411375,0.1033208429150462,0.0039473781391805,0.0,0.0006540751978866,0.0013960126118052,0.0,0.0741127816393884,0.0013321997258932,0.0007744300565047,0.0001493428912783,0.0741127816393884,0.0725640665818656,0.0749503083227254,0.0738521272470034,0.0407853953902074,0.0399544510862652,0.0248652318558452,0.0244284245263272,0.9592146046097926
acs_income,mlp,1000,erm,False,1816.375,0.1329476083925342,0.7299129031254846,0.0325655202682893,0.1428133217931352,0.0059364025122742,0.021981803346666,0.1040565312927796,0.1156255993229014,0.6709568355727391,0.028484725797706,0.1427907726964543,0.0035169013247787,0.0880585480744736,0.000685179992177,0.0002734131577814,0.0001493428912783,0.0880585480744736,0.0875810070741295,0.0532258064516129,0.0301501019822174,0.0188871726832874,0.008978725651333,0.011368211911787,0.0050699023743044,0.3253285694187788
acs_income,mlp,1001,erm,False,1816.375,0.0904383599399129,0.582125704839515,0.0270967162356584,0.1421829161414788,0.0027563271067215,0.0157654978804255,0.1051874578490496,0.0886287762226314,0.5735405525760493,0.0234927258221643,0.1366698318480794,0.0050811237186214,0.0822993006082379,0.0006678053791327,0.0003340836563064,0.0001493428912783,0.0822993006082379,0.0817016360074307,0.0439287779739411,0.0255681833747081,0.0216496036225139,0.0118084846564618,0.0144854353551555,0.0074145032574902,0.4194782860808218
acs_income,mlp,1002,erm,False,1816.375,0.099827597744301,0.6076951980818255,0.031331268749502,0.1663579926783074,0.003948481653102,0.019082114501628,0.1080971492246534,0.0821924268009888,0.5475772502226283,0.0265288794704209,0.1599596012095146,0.0077580744173151,0.0853118821786853,0.0019432348935869,0.0008829540625018,0.0004480286738351,0.0853118821786853,0.0836574129496192,0.080209894965875,0.053177864384232,0.0496648448484128,0.0328684726430226,0.0361652375954639,0.0233484821481613,0.4315163951960928
acs_income,mlp,1003,erm,False,1816.375,0.1368115160550254,0.733944271837622,0.0325517493297612,0.1444964425238352,0.011139461289108,0.0228351711672121,0.1064999381298386,0.1123649554025363,0.6666437097417801,0.0271303667490324,0.1446994690438482,0.009759104140676,0.0857887107523819,0.0025352737801588,0.0008812302566107,0.0011610790972758,0.0857887107523819,0.0841680552489292,0.0708102089820557,0.0381794892091471,0.0451586500062707,0.0249834980230631,0.0327864578176465,0.0186817230704238,0.3234184697073179
acs_income,mlp,1004,erm,False,1816.375,0.1256460631228536,0.6858710238096439,0.028914408118749,0.1222480112320408,0.0055588888394892,0.0209638877460116,0.1008360284146933,0.0914281982399142,0.5690379460633279,0.0226980221699306,0.117343662742061,0.006104081268936,0.0815746969328705,0.002815902138278,0.0009046478179221,0.0010229575503145,0.0815746969328705,0.0798542700433406,0.0713774860228255,0.0487385888829481,0.0419516558083658,0.0288215278190327,0.0305911998257391,0.0211532241562539,0.414931373461151
acs_income,mlp,1005,erm,False,1816.375,0.1348590164919272,0.713728728557658,0.0330626504525131,0.1358889799416958,0.0085292324270447,0.0223472604197651,0.1062209222985938,0.1078330039284919,0.6425210921424179,0.0272726681838593,0.1344851001798304,0.0052529092985339,0.0869613451384355,0.0005149030365226,0.0003253261214134,0.0001493428912783,0.0869613451384355,0.0863813481478631,0.0552605002079249,0.0336894459956302,0.0274998844861614,0.0146123355577998,0.0164156715974573,0.0074481672904413,0.3469212730529324
acs_income,mlp,1006,erm,False,1816.375,0.0967625732190032,0.5855399544670121,0.0289725599699275,0.1622547526470519,0.0024861398015735,0.0198638172654658,0.0983682062041293,0.0743858171274114,0.4862259976862409,0.023256128105308,0.1564358420531556,0.0033900011221344,0.0756013375886578,0.0010264234006379,0.0003978166122078,0.0,0.0756013375886578,0.0748847475531032,0.0735572321564123,0.0436833732681175,0.0308415348158709,0.0167480214129652,0.0166547852432721,0.0076311742146709,0.5012188032009054
acs_income,mlp,1007,erm,False,1816.375,0.1450488519244545,0.73439905677957,0.0332509487834601,0.1408674172923353,0.0064972913049448,0.0237485748735412,0.106116854311258,0.1074419287556878,0.6451630478234622,0.0259914863230209,0.1435877420465843,0.0069629050750477,0.0797351742095732,0.0016980362314436,0.0005468357335015,0.0005749288764794,0.0797351742095732,0.0787391397249169,0.0646401604229181,0.0398818331499512,0.0346457964854386,0.0215788101414549,0.0218354361915956,0.0129324343056298,0.340613073155831
acs_income,mlp,1008,erm,False,1816.375,0.1034641852118001,0.6255800728334178,0.0296620453132546,0.1495485756414856,0.0032679505893133,0.0182648745588995,0.1011529627579474,0.0844729281019158,0.5549531044848804,0.0246156354350931,0.1464769638071705,0.0061265239575701,0.0784074197812125,0.0011085009833093,0.0005122609693352,0.0,0.0784074197812125,0.0774591644916111,0.063106880510625,0.0383225410404166,0.0350412879462959,0.0205109672138722,0.0226466530690376,0.0119094767553152,0.4360983684815809
acs_income,mlp,1009,erm,False,1816.375,0.1035333679203428,0.6311468328936702,0.0307109550853858,0.1509070531705124,0.0022867614540221,0.019725909986868,0.1046290180035987,0.0856952611060383,0.5643797594191816,0.025276307814729,0.1504018776428126,0.0045735229080443,0.0793921480395117,0.0010970460472452,0.0004752222623007,0.0,0.0793921480395117,0.0785146679294325,0.0544878776477422,0.0350931041538776,0.028959649365994,0.0178081084113876,0.0185884869007307,0.0121632771606038,0.4240172055372201
acs_income,mlp,1000,soft,False,1816.375,0.0142622091080471,0.0205414209076693,0.0023966413742637,0.0059976802261879,0.0,0.0080268110789988,0.111524154105417,0.0108424347410058,0.0017816497933137,0.0019473581267315,0.0050566244059605,0.0,0.089208342834753,0.0028120300432615,0.0011219148614078,0.0015821619214054,0.089208342834753,0.0869664275234231,0.0650058243071082,0.0621234306986521,0.0415508054026184,0.0385347934082725,0.0300347647256349,0.0280450294633141,0.9566675448040678
acs_income,mlp,1001,soft,False,1816.375,0.0082099315596136,0.0002051130117901,0.0012393748327663,0.0031435257926776,0.0,0.0101879854610871,0.1147827114193884,0.0074605940144347,0.0002663825253063,0.0011148124994342,0.0031763016294182,0.0,0.0831985786850954,0.013442476127704,0.0036609672898512,0.0048144724682257,0.0831985786850954,0.0758775301216315,0.1170831913500755,0.1133891474516732,0.0805095595089631,0.0786410377226882,0.063957018412862,0.0614974161214824,0.9194904404910368
acs_income,mlp,1002,soft,False,1816.375,0.0123988700680034,0.0179788077331527,0.0017834674745602,0.0037699942123624,0.0,0.0047273083906074,0.1133645253130058,0.0093015378409756,0.0004318770452099,0.0015724781651249,0.0041417979717142,0.0,0.0874481952570876,0.0005022359931339,0.0004065554986226,0.0002986857825567,0.0874481952570876,0.0866364380971494,0.0471070384232031,0.0432655432120768,0.0256257549654448,0.0242108754628804,0.016277550050496,0.0141159560915397,0.9739423679893452
acs_income,mlp,1003,soft,False,1816.375,0.0151564854062274,0.0272415962404,0.0021742262938783,0.0039790746904923,0.0,0.0042412053384979,0.1072053604957982,0.0117625119581651,0.0050507124537592,0.0018429964846325,0.0038539064102378,0.0,0.0779153391745941,0.0004829383528044,0.0003473241860895,0.0,0.0779153391745941,0.0772256089441137,0.0395397268592777,0.0347236248902618,0.0216496036225139,0.0186256163488385,0.0145078780437896,0.0119206980996323,0.9738858341445232
acs_income,mlp,1004,soft,False,1816.375,0.0141034742224465,0.017337710382096,0.0021329028592029,0.006174226141478,0.0002083333333333,0.0066165346201825,0.1002733555673427,0.0091909354714553,0.0002829612771682,0.0015222834407326,0.0068741469651321,0.0,0.0773764791671381,0.0013979149939095,0.0006609360908941,0.0002986857825567,0.0773764791671381,0.0760561569915996,0.038280901728136,0.0361822057907336,0.0252012731397802,0.0237841786150416,0.0193116478058507,0.0184694821575915,0.9745157655830514
acs_income,mlp,1005,soft,False,1816.375,0.010016489881943,0.0014398079706588,0.001534606723179,0.0028676627993206,0.0,0.0110498326286636,0.1062026601424426,0.009455442511855,0.0001331912626531,0.0014110448658348,0.00257485402647,0.0,0.0811269594314583,0.0150603375710401,0.004027070673089,0.004058751689691,0.0811269594314583,0.0730736427588338,0.1024825179060997,0.0997709762250921,0.0760608939437963,0.0740985316544177,0.0644922429371118,0.0626850080697933,0.9238059147935506
acs_income,mlp,1006,soft,False,1816.375,0.010526713797302,0.0041091263172997,0.001698215873019,0.003923563296535,0.0,0.0045086805320145,0.1046679174272908,0.0084568032977925,0.0004480286738351,0.0014495337981965,0.0044180410656369,0.0,0.0805955766705038,0.0005780518527919,0.0004117257088302,0.0,0.0805955766705038,0.0797737436880678,0.0481187746292005,0.0450947873555251,0.0257750978567232,0.0233372608038443,0.0155757209713723,0.0144034205297794,0.9737768734694416
acs_income,mlp,1007,soft,False,1816.375,0.0125497354949388,0.0120368122019853,0.0019345757298742,0.0046809228040378,0.0,0.005380908303202,0.1064331931807248,0.0093723526504573,0.0005812199364882,0.0015452643258669,0.0044504237288779,0.0,0.0829616252075237,0.0003191380166047,0.0002214382207424,0.0002874644382397,0.0829616252075237,0.0825201278499127,0.0320731679347329,0.0296802893758452,0.0145066940644288,0.0132479487531115,0.0079759226507553,0.0069529651004408,0.9849120859990828
acs_income,mlp,1008,soft,False,1816.375,0.0151787777746917,0.0388946047796665,0.0020774455480287,0.0044944009271886,0.0,0.0046915592827877,0.1083927962083491,0.0095922870227797,0.0016629016663388,0.0015840511591694,0.0043162988137607,0.0,0.0781679533654707,0.0010000244748737,0.0006927103410011,0.0002986857825567,0.0781679533654707,0.0767848087948952,0.0493696244810128,0.0460581727690977,0.0345820379281437,0.0319948579839864,0.0266599338600764,0.0239121896803237,0.9637550604055174
acs_income,mlp,1009,soft,False,1816.375,0.0091350472742739,0.000409553960755,0.0016376040650889,0.0050923984419161,0.0,0.0107979319930801,0.1138811689329072,0.0070080122023888,0.0,0.0012330039157747,0.0037112817022051,0.0,0.0813691123313612,0.0130745563231506,0.00410777166831,0.0039384902643018,0.0813691123313612,0.0731546174451666,0.1126791728819915,0.1096670844027667,0.0847951294338994,0.0826395703326214,0.0687019357462998,0.0675002245197642,0.9152048705661006
credit_broad,mlp,1000,erm,False,1923.1818181818185,0.0151210726019645,0.0465334763378719,0.0032992216785246,0.0082145577278115,0.0001415050179931,0.0026674372446783,0.0276060768357748,,,,,,,,,,,,,,,,,,
credit_broad,mlp,1001,erm,False,1923.1818181818185,0.039735256583453,0.2983681854480434,0.0066343272799159,0.0246838155756468,0.0067926218769712,0.0056274779620082,0.03506692453605,,,,,,,,,,,,,,,,,,
credit_broad,mlp,1002,erm,False,1923.1818181818185,0.0200409364033822,0.0911958111953114,0.0040515038660595,0.0142147403015519,0.0007080184589923,0.0036917523414996,0.0306111911103656,,,,,,,,,,,,,,,,,,
credit_broad,mlp,1003,erm,False,1923.1818181818185,0.0381274550349034,0.2930733793939314,0.0061699625171185,0.0165667730124657,0.0060372253760958,0.0042064131054715,0.030564945146634,,,,,,,,,,,,,,,,,,
credit_broad,mlp,1004,erm,False,1923.1818181818185,0.0197394712527813,0.0797569288873391,0.0037708248210462,0.012506313558492,0.0006605952110915,0.0033313727389964,0.0291609014493853,,,,,,,,,,,,,,,,,,
credit_broad,mlp,1005,erm,False,1923.1818181818185,0.0393315117114984,0.302457857016513,0.0067965272939921,0.0193058036247377,0.0051428400974788,0.0063185558033794,0.0314193386501629,,,,,,,,,,,,,,,,,,
credit_broad,mlp,1006,erm,False,1923.1818181818185,0.0560292291055191,0.4030623281027093,0.0091882048921933,0.0273863250714201,0.010382777066214,0.0087936655931772,0.0374741719317032,,,,,,,,,,,,,,,,,,
credit_broad,mlp,1007,erm,False,1923.1818181818185,0.0948073408732579,0.5367814452493206,0.0147729421315912,0.0344094224730188,0.0295833764503061,0.0104481804063641,0.0428137321608736,,,,,,,,,,,,,,,,,,
credit_broad,mlp,1008,erm,False,1923.1818181818185,0.0149141068077322,0.0373646154938392,0.0038070190973857,0.0156760702391929,0.0002357112537067,0.0036329112229292,0.0276633983940902,,,,,,,,,,,,,,,,,,
credit_broad,mlp,1009,erm,False,1923.1818181818185,0.0213548024644499,0.1039084431090082,0.0035707490025267,0.0095818881468571,0.0005192393309287,0.002588856223755,0.027951352581121,,,,,,,,,,,,,,,,,,
credit_broad,mlp,1000,soft,False,1923.1818181818185,0.0087882988913986,0.0016507126472763,0.001397124791008,0.0039192654720027,0.0,0.0015511700249493,0.0309184175814783,,,,,,,,,,,,,,,,,,
credit_broad,mlp,1001,soft,False,1923.1818181818185,0.0096737886075674,0.0016518439536709,0.0017345909651908,0.0032074706181867,0.0,0.001598310799613,0.0301523366397512,,,,,,,,,,,,,,,,,,
credit_broad,mlp,1002,soft,False,1923.1818181818185,0.0096576106745138,0.0032069277267585,0.001526400167615,0.0079359454341701,0.0001414560796888,0.0013190763899389,0.0279539427383348,,,,,,,,,,,,,,,,,,
credit_broad,mlp,1003,soft,False,1923.1818181818185,0.0096963033985911,0.0033510817982326,0.0014517655317431,0.0037298727999496,0.0,0.0011680073440302,0.0263684669204084,,,,,,,,,,,,,,,,,,
credit_broad,mlp,1004,soft,False,1923.1818181818185,0.0084727937397055,0.0036807127420104,0.0016818546790195,0.0049583358961745,0.0,0.0015852296218655,0.0256727761262646,,,,,,,,,,,,,,,,,,
credit_broad,mlp,1005,soft,False,1923.1818181818185,0.0093162086582827,0.0013676049632463,0.0014783219384474,0.0016050239997804,0.0,0.0014308323939575,0.0279605572751446,,,,,,,,,,,,,,,,,,
credit_broad,mlp,1006,soft,False,1923.1818181818185,0.0088507768129306,0.0004714715470783,0.0013007351409223,0.0025073136049779,0.0,0.0011912387394405,0.0266871992601789,,,,,,,,,,,,,,,,,,
credit_broad,mlp,1007,soft,False,1923.1818181818185,0.0085531738205035,0.0007543593641331,0.0014987685088089,0.0120375627406414,0.0,0.0013933457691964,0.0221696420334297,,,,,,,,,,,,,,,,,,
credit_broad,mlp,1008,soft,False,1923.1818181818185,0.0084507936821904,0.0011323096342482,0.0014284233753941,0.007556240859431,0.0,0.001162749425294,0.026408798062207,,,,,,,,,,,,,,,,,,
credit_broad,mlp,1009,soft,False,1923.1818181818185,0.0098012555149196,0.0028313124227174,0.0014544759841511,0.003873825628703,0.0,0.0015348714008741,0.0246354397905623,,,,,,,,,,,,,,,,,,
