task,architecture,seed,arm,checkpoint,source_record,auc,ap,f1,accuracy,brier,bce,eomax,aod,dp,tpr_gap,fpr_gap,group0_tpr,group0_fpr,group0_positive,group0_n,group1_tpr,group1_fpr,group1_positive,group1_n,L_R,violation_005,P_R,decision_disagreement,opposite_005,P_mean_common_abs,P_population_effect_gap,direction_L_R,direction_violation_005,direction_P_R,direction_decision_disagreement,direction_opposite_005,direction_P_mean_common_abs,direction_direction_logit_loss,direction_adverse_magnitude,direction_adverse_decision,direction_common_response,direction_signed_common_response,direction_adverse_0,direction_both_adverse_0,direction_adverse_005,direction_both_adverse_005,direction_adverse_01,direction_both_adverse_01,direction_joint_pass
acs_income,mlp,1000,erm,interfair/studies/learning/runs/acs_income/real_erm/1000/selected.pt,interfair/studies/learning/runs/acs_income/real_erm/1000/DONE.json,0.903593269038352,0.8889661869364174,0.8213961922030825,0.8209362217845781,0.1270521762027878,0.3958215458188833,0.0822341383775263,0.0634579796694645,0.1461429431723043,0.0446818209614027,0.0822341383775263,0.8679141441937259,0.2513440860215054,0.5903177004538578,3305,0.8232323232323232,0.169109947643979,0.4441747572815534,3296,0.1652676582787923,0.7065117783295263,0.0398681024304996,0.1412277336922243,0.0118586188200497,0.1299368419967711,0.0263694797979927,0.2837774835057231,0.8788797148529146,0.0640002597351661,0.1793835348613366,0.0005555555555555,0.2154449580246004,1.405171623070723e-05,7.31139595972894e-06,0.0,0.2154449580246004,0.2154403611381944,0.0016666666666666,0.0,0.0011111111111111,0.0,0.0005555555555555,0.0,0.1211202851470853
acs_income,mlp,1001,erm,interfair/studies/learning/runs/acs_income/real_erm/1001/selected.pt,interfair/studies/learning/runs/acs_income/real_erm/1001/DONE.json,0.9035604679765163,0.8886860768672007,0.8149526911741896,0.8192698076049083,0.1259276033707117,0.3915700102262415,0.0786860327647356,0.0703468990648415,0.1519702972841972,0.0620077653649474,0.0786860327647356,0.8470005503577325,0.2258064516129032,0.56732223903177,3305,0.784992784992785,0.1471204188481675,0.4153519417475728,3296,0.1548584363344247,0.7773515272882626,0.0390673989269431,0.142225771706144,0.0373705192056226,0.1211852638418007,0.0256222642322958,0.1854645171287856,0.7839773205799194,0.0542983349264161,0.156759158996571,0.0002777777777777,0.196501428479941,4.767708958293596e-05,1.206231076843644e-05,0.0,0.196501428479941,0.1964789698631228,0.0016666666666666,0.0005555555555555,0.0008333333333333,0.0005555555555555,0.0005555555555555,0.0002777777777777,0.2157449016423028
acs_income,mlp,1002,erm,interfair/studies/learning/runs/acs_income/real_erm/1002/selected.pt,interfair/studies/learning/runs/acs_income/real_erm/1002/DONE.json,0.9033269097154908,0.8895575275104788,0.8209424083769633,0.8186638388123012,0.1274311873448824,0.3951575639427609,0.0990274728367955,0.0758296512868718,0.1579316789800685,0.0526318297369481,0.0990274728367955,0.879471656576775,0.2728494623655914,0.6063540090771559,3305,0.8268398268398268,0.1738219895287958,0.4484223300970874,3296,0.1205238774762877,0.6941703963980129,0.0343658817905333,0.1350202720121467,0.0118169594972278,0.1176573301945782,0.0218110627690714,0.161978208138899,0.7877064910064369,0.0528640829681361,0.170600673765265,0.0,0.1966469393879705,1.6610949456447896e-05,4.472865051831782e-06,0.0,0.1966469393879705,0.1966398760784515,0.0022222222222222,0.0008333333333333,0.0002777777777777,0.0002777777777777,0.0002777777777777,0.0,0.2120157312157853
acs_income,mlp,1003,erm,interfair/studies/learning/runs/acs_income/real_erm/1003/selected.pt,interfair/studies/learning/runs/acs_income/real_erm/1003/DONE.json,0.9050423960615204,0.8908947341323679,0.8192996108949416,0.8241175579457658,0.1251830612488618,0.3891095124093074,0.0760837133367111,0.0697857044551312,0.1525853553750568,0.0634876955735513,0.0760837133367111,0.8492019812878371,0.2163978494623656,0.5642965204236006,3305,0.7857142857142857,0.1403141361256544,0.4117111650485437,3296,0.1451688802354221,0.7545512110234192,0.0357847047604066,0.1442243337028957,0.0227683340131635,0.1219077784305916,0.0248719204110782,0.2024300074807397,0.8518611261505143,0.0529914876264433,0.171419870059556,0.0008333333333333,0.1917229435471623,9.125709890472924e-05,3.257369448056722e-05,0.0,0.1917229435471623,0.1916723463988025,0.0030555555555555,0.0011111111111111,0.0016666666666666,0.0008333333333333,0.0013888888888888,0.0005555555555555,0.1481388738494856
acs_income,mlp,1004,erm,interfair/studies/learning/runs/acs_income/real_erm/1004/selected.pt,interfair/studies/learning/runs/acs_income/real_erm/1004/DONE.json,0.9036232218287116,0.8887755159341301,0.8110951697752271,0.8204817451901227,0.1277375592000944,0.3959801422432215,0.059376231492428,0.0582018877932827,0.1399227780796968,0.0570275440941374,0.059376231492428,0.8189323059988993,0.1881720430107527,0.534947049924357,3305,0.7619047619047619,0.1287958115183246,0.3950242718446602,3296,0.104403134351539,0.6496406826022956,0.0309480838667581,0.121215795624592,0.0195059162012767,0.1217387539385657,0.0210817668921472,0.1235778148898225,0.6800270709258257,0.047064420603193,0.1552076941586957,0.0011111111111111,0.2041570973888458,9.438650495226704e-05,5.027242800390529e-05,0.0002777777777777,0.2041570973888458,0.2040789242731547,0.005,0.0005555555555555,0.0022222222222222,0.0002777777777777,0.0016666666666666,0.0002777777777777,0.3199729290741743
acs_income,mlp,1005,erm,interfair/studies/learning/runs/acs_income/real_erm/1005/selected.pt,interfair/studies/learning/runs/acs_income/real_erm/1005/DONE.json,0.9033565868666754,0.8897959365870266,0.8139103554868624,0.8176033934252386,0.1275075696682374,0.3966967076347165,0.0650030963238191,0.0562534948637737,0.1377205029155589,0.0475038934037282,0.0650030963238191,0.8425976884975234,0.2231182795698924,0.5636913767019667,3305,0.7950937950937951,0.1581151832460733,0.4259708737864077,3296,0.1459371120673696,0.7628510757317848,0.0361279436836058,0.1203524636779271,0.0296442876638516,0.1247293635351884,0.0242724403887472,0.2111085143794468,0.8433589003188353,0.0570187993779964,0.1545652108524333,0.0008333333333333,0.2148082020945543,2.047864624830679e-05,7.995251314542333e-06,0.0,0.2148082020945543,0.2148002977195138,0.0008333333333333,0.0,0.0008333333333333,0.0,0.0005555555555555,0.0,0.1566410996811646
acs_income,mlp,1006,erm,interfair/studies/learning/runs/acs_income/real_erm/1006/selected.pt,interfair/studies/learning/runs/acs_income/real_erm/1006/DONE.json,0.9035386465418216,0.8886362792320653,0.8177900892582333,0.8206332373882745,0.1265398308624405,0.3930114797438677,0.0820385070089511,0.0669239884075594,0.1492223646137803,0.0518094698061676,0.0820385070089511,0.8519537699504678,0.2338709677419354,0.5736762481089259,3305,0.8001443001443002,0.1518324607329843,0.4244538834951456,3296,0.1183391513257401,0.6834675853017892,0.0358555487351302,0.1361030710749906,0.0348965701307791,0.1247866042330596,0.0197332051863682,0.1299969330838735,0.6897626782169284,0.0496476132761306,0.1636258497262828,0.0016666666666666,0.1933561270209272,0.0002681906843162,2.8133265297918525e-05,0.0,0.1933561270209272,0.1933199572756414,0.0091666666666666,0.0033333333333333,0.0030555555555555,0.0002777777777777,0.0016666666666666,0.0002777777777777,0.3102373217830717
acs_income,mlp,1007,erm,interfair/studies/learning/runs/acs_income/real_erm/1007/selected.pt,interfair/studies/learning/runs/acs_income/real_erm/1007/DONE.json,0.9052345165665576,0.8918234158095765,0.8220802919708029,0.8227541281623997,0.1249802399532667,0.3873599262288626,0.0832186286100321,0.0649099756078787,0.1479782030756577,0.0466013226057254,0.0832186286100321,0.8640616400660429,0.2439516129032258,0.5848714069591529,3305,0.8174603174603174,0.1607329842931937,0.4368932038834951,3296,0.0931312899540603,0.6227888370317715,0.0306113906015665,0.1385309683815991,0.0062075076753668,0.1174685561880842,0.0179458404060798,0.1179935507028653,0.5942284786139687,0.047200281662341,0.1622086867593093,0.0005555555555555,0.1919926711004456,1.3697627706277005e-05,4.285528848200924e-06,0.0,0.1919926711004456,0.1919906089705982,0.0038888888888888,0.0,0.0005555555555555,0.0,0.0,0.0,0.4057715213860314
acs_income,mlp,1008,erm,interfair/studies/learning/runs/acs_income/real_erm/1008/selected.pt,interfair/studies/learning/runs/acs_income/real_erm/1008/DONE.json,0.9034903178064562,0.8885954380804295,0.8200209800689345,0.818057870019694,0.1270225439483699,0.3945897822218331,0.0855788718121938,0.0675398490714798,0.1494530572977101,0.0495008263307658,0.0855788718121938,0.8756191524490919,0.2641129032258064,0.6003025718608169,3305,0.8261183261183261,0.1785340314136125,0.4508495145631068,3296,0.135572703536049,0.73666086926815,0.03578210979161,0.1263502186987718,0.0390530116477573,0.1204979750005931,0.0219368250255526,0.1801603109813941,0.81885715574806,0.0520643726110938,0.1585905071286771,0.0,0.1918104896465597,0.0001799274701983,4.091466092052484e-05,0.0002777777777777,0.1918104896465597,0.1917314378828883,0.0030555555555555,0.0016666666666666,0.0022222222222222,0.0013888888888888,0.0013888888888888,0.0011111111111111,0.1808650664741623
acs_income,mlp,1009,erm,interfair/studies/learning/runs/acs_income/real_erm/1009/selected.pt,interfair/studies/learning/runs/acs_income/real_erm/1009/DONE.json,0.9040431121720974,0.8906869285233353,0.8078770413064361,0.8182093622178458,0.1283363538959635,0.3987701510083323,0.0637131959691493,0.0628586937912934,0.1438727362190267,0.0620041916134376,0.0637131959691493,0.8145294441386901,0.1888440860215053,0.5328290468986384,3305,0.7525252525252525,0.125130890052356,0.3889563106796116,3296,0.1287563655284364,0.6860851074701929,0.0354885345711721,0.1349275172282897,0.018495555924846,0.1275338880635665,0.0202180681343201,0.1859048566672008,0.8104538891896769,0.053987469625249,0.164546110810323,0.0008333333333333,0.2041167155991417,8.410953080747339e-05,2.0746898666507096e-05,0.0,0.2041167155991417,0.2040859789542979,0.0027777777777777,0.0005555555555555,0.0016666666666666,0.0005555555555555,0.0011111111111111,0.0005555555555555,0.189546110810323
acs_income,mlp,1000,fairsmote,interfair/studies/learning/runs/acs_income/fairsmote/1000/selected.pt,interfair/studies/learning/runs/acs_income/fairsmote/1000/DONE.json,0.9010689654728856,0.8855861735110251,0.8149290561381863,0.8182093622178458,0.1279106422534248,0.3964946638739171,0.0217347857906884,0.0138915808397303,0.0904490658460995,0.0060483758887721,0.0217347857906884,0.8222344523940561,0.200268817204301,0.5422087745839637,3305,0.8282828282828283,0.1785340314136125,0.4517597087378641,3296,0.1379627329931906,0.7295940403878921,0.0207707558436167,0.0636189698230142,0.0087970497048194,0.1268483049860697,0.0184064142194672,0.2177680473947433,0.8869069963303856,0.0305653926422426,0.0644012813571557,0.0011111111111111,0.1961350996312532,4.827616984891043e-06,6.886765641601376e-06,0.0,0.1961350996312532,0.196134468949048,0.0013888888888888,0.0,0.0011111111111111,0.0,0.0008333333333333,0.0,0.1130930036696143
acs_income,mlp,1001,fairsmote,interfair/studies/learning/runs/acs_income/fairsmote/1001/selected.pt,interfair/studies/learning/runs/acs_income/fairsmote/1001/DONE.json,0.9009568722083492,0.8857761558608639,0.8239143367043427,0.8206332373882745,0.1294818286285447,0.4032990929429309,0.0204849969036761,0.0174714035893838,0.0867141026394253,0.0144578102750915,0.0204849969036761,0.8585580627407815,0.2325268817204301,0.5767019667170953,3305,0.873015873015873,0.2120418848167539,0.4899878640776699,3296,0.1612511960517829,0.7772164739585984,0.0233707578667895,0.0629000303480742,0.0270803307499786,0.1089017433133912,0.0186850053957022,0.2086194151812129,0.8681078926788185,0.0295854828838627,0.0613739998796847,0.0008333333333333,0.1888394082181675,4.0945383420264805e-05,1.7761219376314625e-05,0.0002777777777777,0.1888394082181675,0.1888126936384658,0.0016666666666666,0.0005555555555555,0.0013888888888888,0.0002777777777777,0.0011111111111111,0.0,0.1318921073211815
acs_income,mlp,1002,fairsmote,interfair/studies/learning/runs/acs_income/fairsmote/1002/selected.pt,interfair/studies/learning/runs/acs_income/fairsmote/1002/DONE.json,0.9019432929362684,0.8867776997267238,0.815462494247584,0.8177548856233904,0.1270007147684409,0.3944089773656164,0.0249387772335754,0.0132121333055973,0.0955853517030683,0.0014854893776192,0.0249387772335754,0.8304898183819482,0.2076612903225806,0.5500756429652043,3305,0.829004329004329,0.1827225130890052,0.4544902912621359,3296,0.0622810536809922,0.456783944413096,0.010989440925617,0.0450993186049604,0.0,0.1189746520485892,0.008262081715087,0.0875487534120872,0.60316459122902,0.0161336245730887,0.046051705468327,0.0,0.1885936612227577,1.3243357877767734e-05,5.973411967629961e-06,0.0,0.1885936612227577,0.1885841691734348,0.0044444444444444,0.0022222222222222,0.0002777777777777,0.0,0.0,0.0,0.3965576309932022
acs_income,mlp,1003,fairsmote,interfair/studies/learning/runs/acs_income/fairsmote/1003/selected.pt,interfair/studies/learning/runs/acs_income/fairsmote/1003/DONE.json,0.9030452983582746,0.8884825286058213,0.8192624199939043,0.8203302529919709,0.1264247422154215,0.3922100930010657,0.0276973202724765,0.0190311954508594,0.1019302726084338,0.0103650706292423,0.0276973202724765,0.8436984039625757,0.2130376344086021,0.5597579425113465,3305,0.8333333333333334,0.1853403141361256,0.4578276699029126,3296,0.0745187835497666,0.5031215711526592,0.0112296021981898,0.0409162768383384,0.0083064792013925,0.1118639213801444,0.0099780692045897,0.1194783039028069,0.7525093244300066,0.0168620411873371,0.0411294591830596,0.0002777777777777,0.1876718780130043,1.9714116395164185e-06,1.6605330670984513e-06,0.0,0.1876718780130043,0.187670508368363,0.0013888888888888,0.0002777777777777,0.0002777777777777,0.0,0.0,0.0,0.2474906755699933
acs_income,mlp,1004,fairsmote,interfair/studies/learning/runs/acs_income/fairsmote/1004/selected.pt,interfair/studies/learning/runs/acs_income/fairsmote/1004/DONE.json,0.9031616180901624,0.8865707365021526,0.8188242369568486,0.8174519012270868,0.126826016745872,0.3939140548341766,0.0209459269267578,0.011557398504886,0.0918950031579102,0.0021688700830142,0.0209459269267578,0.8492019812878371,0.2251344086021505,0.5682299546142209,3305,0.8513708513708513,0.2041884816753926,0.4763349514563106,3296,0.0865719402961858,0.6109343306846611,0.0124759277503544,0.0417227013490261,0.0038833109241158,0.1165771535336321,0.0119642666754464,0.1225126274330889,0.729362630090838,0.016882702277365,0.0403243999278108,0.0,0.1931950052783669,0.0001102062499434,1.40693611877788e-05,0.0,0.1931950052783669,0.1931736281882283,0.0075,0.0027777777777777,0.0011111111111111,0.0,0.0002777777777777,0.0,0.2703595921313842
acs_income,mlp,1005,fairsmote,interfair/studies/learning/runs/acs_income/fairsmote/1005/selected.pt,interfair/studies/learning/runs/acs_income/fairsmote/1005/DONE.json,0.9020326919087224,0.8865715617513654,0.8107936507936508,0.8194212998030601,0.1276874265474152,0.3962495558548159,0.0205856274277993,0.0146392897169524,0.088707166252956,0.0086929520061055,0.0205856274277993,0.7936158503026968,0.1713709677419354,0.513464447806354,3305,0.8023088023088023,0.1507853403141361,0.424757281553398,3296,0.0911923208941441,0.6193392385399832,0.0139703687135143,0.0476479796132749,0.015920233257293,0.1185045135655958,0.0136295221116606,0.1469981828114498,0.8923035853937316,0.020336452407554,0.0485870480659327,0.0,0.1947280982781076,4.077453031179346e-06,3.131289439260011e-06,0.0,0.1947280982781076,0.194724291507433,0.0013888888888888,0.0002777777777777,0.0002777777777777,0.0,0.0002777777777777,0.0,0.1076964146062684
acs_income,mlp,1006,fairsmote,interfair/studies/learning/runs/acs_income/fairsmote/1006/selected.pt,interfair/studies/learning/runs/acs_income/fairsmote/1006/DONE.json,0.9014065315826448,0.8845994635382521,0.8135018495684341,0.8166944402363279,0.1273045037902297,0.3951074565574839,0.0192654675448966,0.0128465290886102,0.0886295036940205,0.0064275906323237,0.0192654675448966,0.8211337369290038,0.2009408602150537,0.5419062027231467,3305,0.8275613275613276,0.181675392670157,0.4532766990291262,3296,0.0869021072976151,0.5970700733086639,0.0135900712447725,0.0505708699164427,0.0217409091595788,0.1074158358149526,0.0108346386691179,0.1125287473410463,0.714595139264874,0.0170862088833536,0.0494345184383083,0.0,0.1753312410601681,9.609407887739488e-05,1.1666301820529273e-05,0.0,0.1753312410601681,0.1753096774836456,0.0044444444444444,0.0025,0.0013888888888888,0.0,0.0002777777777777,0.0,0.285404860735126
acs_income,mlp,1007,fairsmote,interfair/studies/learning/runs/acs_income/fairsmote/1007/selected.pt,interfair/studies/learning/runs/acs_income/fairsmote/1007/DONE.json,0.9010574805072568,0.8866856553059642,0.8130081300813008,0.818815331010453,0.128485588393003,0.3983574448515434,0.0254933006811912,0.0152456953547754,0.0929092982095383,0.0049980900283597,0.0254933006811912,0.8095762245459549,0.1888440860215053,0.5301059001512859,3305,0.8145743145743146,0.1633507853403141,0.4371966019417476,3296,0.1594400415841623,0.7825065617452218,0.025218472287377,0.0717983606299278,0.0147733261489549,0.1232485559147868,0.0221808103471232,0.2327329078361733,0.8692211093063826,0.0353712922971329,0.0753568850388016,0.0002777777777777,0.1868337391884883,2.2389481458985708e-05,1.3365252630993483e-05,0.0,0.1868337391884883,0.1868143292077664,0.0019444444444444,0.0005555555555555,0.0008333333333333,0.0,0.0008333333333333,0.0,0.1307788906936172
acs_income,mlp,1008,fairsmote,interfair/studies/learning/runs/acs_income/fairsmote/1008/selected.pt,interfair/studies/learning/runs/acs_income/fairsmote/1008/DONE.json,0.901347544799176,0.8850800205930077,0.8155339805825242,0.8186638388123012,0.1280105924807132,0.3972820401688642,0.0319716545628553,0.0204216470722282,0.102869383693433,0.008871639581601,0.0319716545628553,0.8299394606494221,0.2063172043010752,0.5491679273827534,3305,0.8210678210678211,0.1743455497382199,0.4462985436893203,3296,0.0895967467412135,0.6099247106654221,0.0141585562750581,0.0465788125628375,0.0031830556101098,0.1294597000453997,0.012331083091576,0.13911754181943,0.8377347650845215,0.0207615340476927,0.0455173554713349,0.0,0.2085743472038007,4.888812059178349e-08,2.8350152665679e-07,0.0,0.2085743472038007,0.2085743472038007,0.0002777777777777,0.0,0.0,0.0,0.0,0.0,0.1622652349154785
acs_income,mlp,1009,fairsmote,interfair/studies/learning/runs/acs_income/fairsmote/1009/selected.pt,interfair/studies/learning/runs/acs_income/fairsmote/1009/DONE.json,0.9020120189705906,0.8871837777270296,0.8207434052757794,0.818815331010453,0.1281899785276912,0.3983051741998161,0.029760597871981,0.0207400601617396,0.0921893130443723,0.0117195224514982,0.029760597871981,0.8497523390203633,0.2318548387096774,0.5715582450832073,3305,0.8614718614718615,0.2020942408376963,0.4793689320388349,3296,0.1230141238814531,0.7176299649350151,0.0183328427612026,0.0575725166933342,0.0152700604461364,0.1094898894091095,0.0141725435076825,0.1797425490648112,0.8665260482464056,0.026004200394529,0.0633396498826926,0.0011111111111111,0.1811766492527725,0.0001910407845341,3.547582961909686e-05,0.0,0.1811766492527725,0.1811176411969019,0.0038888888888888,0.0011111111111111,0.0022222222222222,0.0008333333333333,0.0016666666666666,0.0005555555555555,0.1334739517535944
acs_income,mlp,1000,reweighing,interfair/studies/learning/runs/acs_income/reweighing/1000/selected.pt,interfair/studies/learning/runs/acs_income/reweighing/1000/DONE.json,0.9016273185618912,0.8856052133468642,0.8190939495287322,0.8197242841993637,0.1280965401945804,0.398987881100206,0.0224617181782356,0.0164799058901734,0.0891982947284931,0.0104980936021111,0.0224617181782356,0.8365437534397359,0.2130376344086021,0.5558245083207262,3305,0.847041847041847,0.1905759162303665,0.466626213592233,3296,0.1513935370669414,0.7159512614219372,0.0217663113887282,0.0563019123219915,0.0140251503599742,0.1304287335759043,0.0169740670253295,0.2574595450353373,0.9088231666967456,0.0340234732683488,0.0610891535823858,0.0002777777777777,0.2185094776294133,7.304724637822662e-06,3.327802516676159e-06,0.0,0.2185094776294133,0.2185057406739144,0.0016666666666666,0.0008333333333333,0.0005555555555555,0.0,0.0002777777777777,0.0,0.0911768333032545
acs_income,mlp,1001,reweighing,interfair/studies/learning/runs/acs_income/reweighing/1001/selected.pt,interfair/studies/learning/runs/acs_income/reweighing/1001/DONE.json,0.9019099865359452,0.8858159154649907,0.8147342244327013,0.8194212998030601,0.1268814255871584,0.3946251610052889,0.0213751900016888,0.0169468222287012,0.0874398711866398,0.0125184544557136,0.0213751900016888,0.8128783709411117,0.1915322580645161,0.5331316187594554,3305,0.8253968253968254,0.1701570680628272,0.4456917475728155,3296,0.1391410826498013,0.7779720478870684,0.0190833081703883,0.0484962010842527,0.0142775452926375,0.1195038265383676,0.0181940070556924,0.1949386088221536,0.9096543945136256,0.0246380243619842,0.0456021777055886,0.0005555555555555,0.1936802584085341,2.9534602805645964e-05,1.1379031138954603e-05,0.0,0.1936802584085341,0.193661209541018,0.0016666666666666,0.0008333333333333,0.0011111111111111,0.0002777777777777,0.0005555555555555,0.0,0.0903456054863743
acs_income,mlp,1002,reweighing,interfair/studies/learning/runs/acs_income/reweighing/1002/selected.pt,interfair/studies/learning/runs/acs_income/reweighing/1002/DONE.json,0.9015073236410024,0.8862681759620432,0.8167870036101083,0.8154825026511134,0.1283162892695777,0.3979605993807805,0.0278929516410516,0.0140526956570703,0.0958350469280143,0.000212439673089,0.0278929516410516,0.8475509080902587,0.230510752688172,0.5697428139183056,3305,0.8477633477633477,0.2026178010471204,0.4739077669902912,3296,0.1139409899586203,0.7136644069735865,0.0161730707482985,0.0436426184527046,0.0107831157037417,0.1169095852683174,0.0124974980798201,0.1587604570950714,0.8204523852493533,0.0223724768284424,0.049128466582446,0.0002777777777777,0.1972358407929868,3.0164930079502972e-05,6.497714987395724e-06,0.0,0.1972358407929868,0.1972248008350272,0.0027777777777777,0.0019444444444444,0.0005555555555555,0.0002777777777777,0.0005555555555555,0.0,0.1795476147506466
acs_income,mlp,1003,reweighing,interfair/studies/learning/runs/acs_income/reweighing/1003/selected.pt,interfair/studies/learning/runs/acs_income/reweighing/1003/DONE.json,0.9027517426368048,0.8871024236141954,0.8184910327767471,0.8221481593697925,0.1264803456174656,0.3933599235545997,0.0183823115464729,0.0114753786133206,0.0904556754255834,0.0045684456801682,0.0183823115464729,0.8244358833241607,0.1922043010752688,0.5397881996974281,3305,0.829004329004329,0.1738219895287958,0.4493325242718446,3296,0.1571564049945669,0.7765968315095642,0.0223052349298059,0.0646759725457045,0.0210294374866761,0.1218781126422087,0.0211357449436755,0.2502249279206684,0.9471169463995668,0.0332647368239246,0.0696437165373278,0.0005555555555555,0.1924978370399209,7.024486294734931e-05,1.836848075989249e-05,0.0,0.1924978370399209,0.1924718100249939,0.0030555555555555,0.0008333333333333,0.0011111111111111,0.0002777777777777,0.0011111111111111,0.0,0.0528830536004331
acs_income,mlp,1004,reweighing,interfair/studies/learning/runs/acs_income/reweighing/1004/selected.pt,interfair/studies/learning/runs/acs_income/reweighing/1004/DONE.json,0.9022396050494892,0.8863869552360208,0.806008722338879,0.818057870019694,0.129362854031324,0.4008075404358513,0.0108955412937004,0.0088597106300615,0.0842074196201694,0.0068238799664226,0.0108955412937004,0.7760044028618602,0.1512096774193548,0.4947049924357035,3305,0.7828282828282829,0.1403141361256544,0.410497572815534,3296,0.1054949735378469,0.6678358261702355,0.0168120898388724,0.0497005334521038,0.0214629207183706,0.12059342951555,0.0165305398289151,0.1236124474173744,0.7234423690067978,0.0206978702300676,0.0520850628647055,0.0011111111111111,0.2044390493165898,0.0001054313603895,4.076215270653171e-05,0.0,0.2044390493165898,0.2043776686249642,0.005,0.0019444444444444,0.0022222222222222,0.0005555555555555,0.0016666666666666,0.0002777777777777,0.2762798532154243
acs_income,mlp,1005,reweighing,interfair/studies/learning/runs/acs_income/reweighing/1005/selected.pt,interfair/studies/learning/runs/acs_income/reweighing/1005/DONE.json,0.9012880986170816,0.8864062786906977,0.8147807421036491,0.8169974246326315,0.1288179313101123,0.4008949442475431,0.0143271698032292,0.0108144321684051,0.0789199396325073,0.0143271698032292,0.007301694533581,0.8233351678591084,0.1989247311827957,0.5422087745839637,3305,0.8376623376623377,0.1916230366492146,0.4632888349514563,3296,0.1294960482553153,0.6987545718163727,0.0189109669956009,0.0425483932122832,0.0109674252228751,0.1246361583609217,0.0161231953699746,0.2170777077381275,0.9009479335859952,0.0297817777003648,0.0507103110148589,0.0002777777777777,0.2152897522271815,5.178417794571288e-06,3.0468412004600504e-06,0.0,0.2152897522271815,0.2152897522271815,0.0002777777777777,0.0,0.0002777777777777,0.0,0.0002777777777777,0.0,0.0990520664140047
acs_income,mlp,1006,reweighing,interfair/studies/learning/runs/acs_income/reweighing/1006/selected.pt,interfair/studies/learning/runs/acs_income/reweighing/1006/DONE.json,0.9012815751566045,0.8854252292666331,0.814563406356063,0.8179063778215422,0.1278114952884504,0.3971984726122398,0.0181479761301581,0.015192250650045,0.0856021326909801,0.0122365251699319,0.0181479761301581,0.8189323059988993,0.198252688172043,0.5394856278366112,3305,0.8311688311688312,0.1801047120418848,0.4538834951456311,3296,0.105937234102303,0.6501822935866463,0.0151344087498492,0.0426846254758812,0.011545510854622,0.1276883750752112,0.010906621568836,0.1580598030192147,0.818327016783974,0.0208610157343328,0.0449547313962581,0.0,0.1949641310795209,0.0002025081543701,2.2748804067484503e-05,0.0,0.1949641310795209,0.1949222639778142,0.0061111111111111,0.0041666666666666,0.0025,0.0005555555555555,0.0013888888888888,0.0,0.1813952054382482
acs_income,mlp,1007,reweighing,interfair/studies/learning/runs/acs_income/reweighing/1007/selected.pt,interfair/studies/learning/runs/acs_income/reweighing/1007/DONE.json,0.9028384770972326,0.8887603455735118,0.8141133343516114,0.8156339948492652,0.1265224219630188,0.3918263493349737,0.0211176321567302,0.0206084038659826,0.0828484166385147,0.0200991755752349,0.0211176321567302,0.8233351678591084,0.2116935483870967,0.5479576399394857,3305,0.8434343434343434,0.1905759162303665,0.4651092233009709,3296,0.0811614469190027,0.5982560527120603,0.0107294511400673,0.0298597313249683,0.0039840466514586,0.1157597284764011,0.0112100554490713,0.1182846421609258,0.7637950430126933,0.0144464602046732,0.0277091980990194,0.0,0.1879780254193134,4.645542387527889e-06,1.6889153207522156e-06,0.0,0.1879780254193134,0.187975625462434,0.0013888888888888,0.0002777777777777,0.0002777777777777,0.0,0.0,0.0,0.2362049569873067
acs_income,mlp,1008,reweighing,interfair/studies/learning/runs/acs_income/reweighing/1008/selected.pt,interfair/studies/learning/runs/acs_income/reweighing/1008/DONE.json,0.9015639215516208,0.885346969789761,0.8192481203007519,0.8179063778215422,0.1281256128175229,0.3977896449491799,0.0172106344648989,0.0125942195427607,0.0873506418636076,0.0079778046206224,0.0172106344648989,0.8470005503577325,0.2224462365591397,0.5658093797276853,3305,0.854978354978355,0.2052356020942408,0.4784587378640776,3296,0.140654615024483,0.7430058516707628,0.0198141099707308,0.0491377323707269,0.0330068553740996,0.1188677600631911,0.0175120041455955,0.2017668881097407,0.8370766407988931,0.0274816638729667,0.0534386091559886,0.0002777777777777,0.1876920533486621,0.0002219133578997,5.6459781908781336e-05,0.0,0.1876920533486621,0.1875852127367308,0.0038888888888888,0.0019444444444444,0.0022222222222222,0.0013888888888888,0.0022222222222222,0.0008333333333333,0.1626455814233291
acs_income,mlp,1009,reweighing,interfair/studies/learning/runs/acs_income/reweighing/1009/selected.pt,interfair/studies/learning/runs/acs_income/reweighing/1009/DONE.json,0.902464986014987,0.8879908157760492,0.8034709946970915,0.8147250416603545,0.1292695290354911,0.4016529861865034,0.0170846703822552,0.0124861685240638,0.0860121102184098,0.0078876666658724,0.0170846703822552,0.7771051183269125,0.1626344086021505,0.5004538577912254,3305,0.784992784992785,0.1455497382198952,0.4144417475728155,3296,0.1485028579316547,0.7437334546395915,0.0230913614119754,0.0683920593190009,0.0217184764417855,0.1274259576986037,0.0194803653152968,0.2172361718016654,0.8698975816639596,0.0321292048155062,0.0725649702219815,0.0011111111111111,0.2024405161042205,9.783805114852958e-05,3.409274235904531e-05,0.0,0.2024405161042205,0.2023928533689675,0.0027777777777777,0.0011111111111111,0.0016666666666666,0.0005555555555555,0.0016666666666666,0.0002777777777777,0.1301024183360404
credit_broad,mlp,1000,erm,interfair/studies/learning/runs/credit_broad/real_erm/1000/selected.pt,interfair/studies/learning/runs/credit_broad/real_erm/1000/DONE.json,0.7873732411084688,0.9132093253071788,0.8924613080379431,0.8206195869420386,0.1338727032246855,0.4286678410709754,0.0209779725521854,0.0179608646218396,0.026466641028698,0.0149437566914937,0.0209779725521854,0.9467554076539102,0.6434782608695652,0.8734230445752733,2378,0.961699164345404,0.6644562334217506,0.8998896856039713,3626,0.0411832373084505,0.3139165274541899,0.0065219574154629,0.0146520294789533,0.0066833800352805,0.0280707403525139,0.0042054415226355,0.0401520933615076,0.3072205102740637,0.0063260013917087,0.0157042888765168,0.005320377795391,0.028796890001186,0.0013003118170091,0.001641521563966,0.0032596613031573,0.028796890001186,0.025639506490873,0.1750233086075682,0.11539483744952,0.1051008598971423,0.0656352748921326,0.0638414786270305,0.0388661816587905,0.6236330236477893
credit_broad,mlp,1001,erm,interfair/studies/learning/runs/credit_broad/real_erm/1001/selected.pt,interfair/studies/learning/runs/credit_broad/real_erm/1001/DONE.json,0.7862761997883496,0.9137836989267164,0.8940277498491856,0.8244503664223851,0.1335854842243036,0.4269209069368328,0.0212778226271479,0.0172664834349377,0.0262377085037184,0.0132551442427275,0.0212778226271479,0.9428729894620078,0.6086956521739131,0.8620689655172413,2378,0.9561281337047354,0.629973474801061,0.8883066740209598,3626,0.0206697565411664,0.0697970905948661,0.0034197733097814,0.0090437746390185,0.0008442508058194,0.0203186701171934,0.002150621888731,0.018985921637944,0.0496068768245224,0.0029204100415099,0.0106416854533008,0.0001716885683446,0.020694895633367,2.548887597460824e-05,6.989456574072512e-05,0.0,0.020694895633367,0.0205724854914071,0.0355156169281608,0.0170713790577808,0.0049777824403428,0.0023173346874262,0.00103004297918,0.0001716885683446,0.9458442757089216
credit_broad,mlp,1002,erm,interfair/studies/learning/runs/credit_broad/real_erm/1002/selected.pt,interfair/studies/learning/runs/credit_broad/real_erm/1002/DONE.json,0.7866161280847246,0.915497254932342,0.8915784165405951,0.8209526982011992,0.1341026634759771,0.4275136489650246,0.0422350363279898,0.0290869616943536,0.033007106418136,0.0159388870607174,0.0422350363279898,0.9356627842484748,0.5930434782608696,0.8528174936921783,2378,0.9516016713091922,0.6352785145888594,0.8858246001103144,3626,0.023800682199993,0.1088505613226263,0.004468934520351,0.014893029310217,0.0020772851070747,0.0262706854948414,0.0027014958812697,0.0239418262150993,0.1116866366451994,0.0043057647553094,0.0184517555766449,0.000171512796699,0.0252865041490458,5.718996359184563e-05,0.0001030120954072,0.0,0.0252865041490458,0.0250968176412555,0.0349193729585921,0.019991775522502,0.0090938192238416,0.0047185087965974,0.0023172013559381,0.0011157325092989,0.8799920333768491
credit_broad,mlp,1003,erm,interfair/studies/learning/runs/credit_broad/real_erm/1003/selected.pt,interfair/studies/learning/runs/credit_broad/real_erm/1003/DONE.json,0.7866634476487085,0.9134612962943052,0.8918512578931542,0.820286475682878,0.1339491409018376,0.4277412322677056,0.0277591973244146,0.0223836857841041,0.0299129221392828,0.0170081742437935,0.0277591973244146,0.9412090959511924,0.6260869565217392,0.8650126156433978,2378,0.958217270194986,0.6538461538461539,0.8949255377826807,3626,0.0287860737662343,0.1742037448767799,0.0049007383828563,0.0173612709667129,0.003198579091686,0.0267478114104711,0.0031822920628155,0.0305929487588719,0.2000772850119545,0.0043514430260487,0.0179370356864414,0.0012891082408647,0.0268518926325438,6.090219346570265e-05,0.000173340905433,8.608815426997245e-05,0.0268518926325438,0.0265423012591287,0.0480665664534757,0.0248935380499578,0.0177718923102254,0.0082409712129448,0.0071272700408589,0.002404631553732,0.7851571833020835
credit_broad,mlp,1004,erm,interfair/studies/learning/runs/credit_broad/real_erm/1004/selected.pt,interfair/studies/learning/runs/credit_broad/real_erm/1004/DONE.json,0.7829202930915852,0.9106568805854116,0.8930691077356403,0.8229513657561626,0.1346045900676553,0.4324880957693672,0.0484534655749049,0.0323441037121106,0.0346070826666765,0.0162347418493163,0.0484534655749049,0.9395452024403772,0.5947826086956521,0.8561816652649286,2378,0.9557799442896936,0.6432360742705571,0.8907887479316051,3626,0.030897375891864,0.1967600782053481,0.0049934464898965,0.0150774519452734,0.0029068602972593,0.0258882740153989,0.0037915225576353,0.0263576745189123,0.1405575080512589,0.0042309024353947,0.0146747180685379,0.0009449777976786,0.0254303268264855,0.0003606973565829,0.000633726684956,0.0018038726301271,0.0254303268264855,0.0242012309651687,0.0920142614808747,0.0646988573659334,0.0478606445113531,0.0308530490808213,0.0265543703613382,0.0160716711666695,0.8177685484106716
credit_broad,mlp,1005,erm,interfair/studies/learning/runs/credit_broad/real_erm/1005/selected.pt,interfair/studies/learning/runs/credit_broad/real_erm/1005/DONE.json,0.789106118950761,0.9152247464367862,0.8920992328384976,0.819620253164557,0.1336470423285162,0.426473536847954,0.0180878791373544,0.0170057549892776,0.0262671658802861,0.0159236308412008,0.0180878791373544,0.9478646699944536,0.6556521739130434,0.8772077375946173,2378,0.9637883008356546,0.6737400530503979,0.9034749034749034,3626,0.0389834920021337,0.2919154333230536,0.0062590695099405,0.0152123328710006,0.00622914325368,0.0291997207190658,0.004566168433331,0.0414334075040176,0.3183406974546733,0.0059604150854455,0.0134729922147425,0.0056598278785252,0.0281024312308895,0.0003451926826747,0.000615649844042,0.0011997943796364,0.0281024312308895,0.0269816294267769,0.1113558405475565,0.0623721325249216,0.0534450633459005,0.0265951345781322,0.0258214849290751,0.0132969900902481,0.6444220313792061
credit_broad,mlp,1006,erm,interfair/studies/learning/runs/credit_broad/real_erm/1006/selected.pt,interfair/studies/learning/runs/credit_broad/real_erm/1006/DONE.json,0.7846462500452674,0.9126473119759786,0.8921509886159377,0.8201199200532978,0.1348754213580992,0.4306441318567638,0.0315004036443316,0.0242281216308412,0.0303686996586191,0.0169558396173508,0.0315004036443316,0.9450915141430948,0.6382608695652174,0.8708999158957107,2378,0.9620473537604456,0.669761273209549,0.9012686155543298,3626,0.0360126230189523,0.2481398714940959,0.0060143681490803,0.018368375397976,0.0079632741015343,0.0277407721672517,0.0038952541416529,0.0343236806172954,0.2234173880768468,0.0055568525644389,0.0181093439132502,0.005236669348581,0.0281501164542354,0.000693560485553,0.0009374245234959,0.0024040481436241,0.0281501164542354,0.0263686894790237,0.1056624656997973,0.0662644914286702,0.0597487746461541,0.0352021162130918,0.0376928745041105,0.0202677094215243,0.7388116119167863
credit_broad,mlp,1007,erm,interfair/studies/learning/runs/credit_broad/real_erm/1007/selected.pt,interfair/studies/learning/runs/credit_broad/real_erm/1007/DONE.json,0.7861818825621774,0.9138564808712412,0.8922831186982131,0.820286475682878,0.1340010452442284,0.4279744169875241,0.0236304924460847,0.0192871245687892,0.0270182130088414,0.0149437566914937,0.0236304924460847,0.9467554076539102,0.6434782608695652,0.8734230445752733,2378,0.961699164345404,0.6671087533156499,0.9004412575841148,3626,0.0275381583285242,0.1509747977909218,0.0046783910784465,0.0167539895651247,0.0019352085626562,0.0248221939037396,0.0042059855523102,0.0256098563957381,0.124899183664834,0.0042384314370339,0.0184525452867135,0.0007731983369432,0.0252106179261296,0.0004304427284202,0.0007385750880513,0.0023229203584566,0.0252106179261296,0.0237689650120285,0.0894206754771367,0.0611685312345866,0.0431314540367407,0.0322241044277561,0.0275026174760293,0.0204612579132941,0.8366109539164887
credit_broad,mlp,1008,erm,interfair/studies/learning/runs/credit_broad/real_erm/1008/selected.pt,interfair/studies/learning/runs/credit_broad/real_erm/1008/DONE.json,0.7867527753970458,0.914111318996738,0.890681726502622,0.8194536975349767,0.1354245123551016,0.4322592414657989,0.0427355552992734,0.0345091761544499,0.040942274211528,0.0262827970096265,0.0427355552992734,0.9284525790349416,0.5965217391304348,0.8481917577796467,2378,0.9547353760445684,0.6392572944297082,0.8891340319911748,3626,0.0577607954643795,0.4454397460958678,0.0098210246432469,0.0234330834936167,0.0186484410122242,0.034543215101457,0.006738082085373,0.0486422850988217,0.390886995503962,0.0081614277067821,0.0201645731947614,0.0153724383783954,0.032510643608237,0.0017826069422871,0.0018845493066196,0.0032595413606494,0.032510643608237,0.0289842830307776,0.1668259666388014,0.0952162829587813,0.1087032689261685,0.0601928444977188,0.0748779356315361,0.0421645606881501,0.5553563559590292
credit_broad,mlp,1009,erm,interfair/studies/learning/runs/credit_broad/real_erm/1009/selected.pt,interfair/studies/learning/runs/credit_broad/real_erm/1009/DONE.json,0.7841997722544793,0.9127533524495844,0.8926033430087078,0.8212858094603598,0.1343708836201387,0.4294537779357169,0.0096562213704487,0.007565972523536,0.0191514698303116,0.0096562213704487,0.0054757236766233,0.9478646699944536,0.6417391304347826,0.8738435660218671,2378,0.9575208913649024,0.6472148541114059,0.8929950358521788,3626,0.0221141500408171,0.0889397703798753,0.0033679009657919,0.0060578420390916,0.0006941312428049,0.0224671540507949,0.0022021609828384,0.024087588321816,0.1161476677655554,0.0030715382010904,0.0058360668547008,0.0,0.0217319770542479,5.799011028371274e-05,0.0001396457509814,8.582217645039477e-05,0.0217319770542479,0.0214671038441385,0.038961370728924,0.0244620417639702,0.0114160092252296,0.0072107535126273,0.0055813643358151,0.003520790369106,0.8728649936436494
credit_broad,mlp,1000,fairsmote,interfair/studies/learning/runs/credit_broad/fairsmote/1000/selected.pt,interfair/studies/learning/runs/credit_broad/fairsmote/1000/DONE.json,0.7727225246757845,0.9069605583470268,0.8548017043592265,0.7786475682878081,0.1779727357823457,0.5424704135482079,0.0302963902664052,0.0208968931403926,0.029661490673145,0.0114973960143801,0.0302963902664052,0.8297282307265669,0.408695652173913,0.7279226240538268,2378,0.841225626740947,0.4389920424403183,0.7575841147269718,3626,0.0193077905967125,0.069059197989525,0.0041165326772632,0.0146850063708717,0.0030538728651929,0.0247444638547492,0.0017792633911787,0.0152757049726159,0.0248074536971299,0.0032933448018515,0.0139891645290714,0.0017200820200658,0.0172455227472736,0.0027626873575232,0.005792577289692,0.0106487543656918,0.0172455227472736,0.0057393494135922,0.4424555187496909,0.3893821268246118,0.3412292634193525,0.288073160692982,0.2433311072982671,0.1919016099157361,0.6441904424126098
credit_broad,mlp,1001,fairsmote,interfair/studies/learning/runs/credit_broad/fairsmote/1001/selected.pt,interfair/studies/learning/runs/credit_broad/fairsmote/1001/DONE.json,0.7694080628352306,0.9037135358051602,0.8537653239929948,0.7774816788807462,0.1804675848633994,0.5477645961204746,0.0046106612779381,0.0027343469000692,0.0173137470386058,0.0046106612779381,0.0008580325222004,0.8313921242373822,0.4226086956521739,0.7325483599663583,2378,0.8360027855153204,0.4217506631299735,0.7498621070049641,3626,0.0167384555213106,0.0329610111541378,0.0037791672136278,0.0199562573751714,0.0011849770282707,0.0248228195857609,0.0022401196041979,0.0164939495404062,0.033184878349201,0.0036467482715511,0.0166451593875208,0.0026615116555298,0.013337831002158,0.0014610309438256,0.0040865782157228,0.008141004228749,0.013337831002158,0.0052876147694282,0.4310804536593839,0.3563833377263372,0.3084319953748707,0.2359200817336256,0.1901844200535965,0.1278257047001284,0.6750912128310164
credit_broad,mlp,1002,fairsmote,interfair/studies/learning/runs/credit_broad/fairsmote/1002/selected.pt,interfair/studies/learning/runs/credit_broad/fairsmote/1002/DONE.json,0.7731710948282453,0.9080804217894398,0.842443729903537,0.7633244503664224,0.1859007344337385,0.5628253147616632,0.0269680544343213,0.0162622041027908,0.0240400026534832,0.0055563537712602,0.0269680544343213,0.8092068774265113,0.3947826086956522,0.7089991589571069,2378,0.8147632311977716,0.4217506631299735,0.7330391616105901,3626,0.0245895991267869,0.1266275204238681,0.0052518976302855,0.0242015260218994,0.0055790581712011,0.0343859379970112,0.0028097054748036,0.0261074329381814,0.141467866025976,0.0055502862710031,0.0236869267766493,0.0065237381957233,0.0232338779608431,0.0081581940664696,0.0116122399766043,0.0273763985071246,0.0232338779608431,0.000140812296319,0.563364299125384,0.4993955263780034,0.4782891450419606,0.4193732752385776,0.404608290144449,0.3451656293431622,0.4593394301764976
credit_broad,mlp,1003,fairsmote,interfair/studies/learning/runs/credit_broad/fairsmote/1003/selected.pt,interfair/studies/learning/runs/credit_broad/fairsmote/1003/DONE.json,0.7730693738607695,0.9079031672713544,0.8373493975903614,0.7571618920719521,0.1788113354523314,0.5453312412891342,0.0059462563940939,0.00312074669549,0.0088717731995395,0.0059462563940939,0.0002952369968861,0.8064337215751525,0.4034782608695652,0.7089991589571069,2378,0.8004874651810585,0.403183023872679,0.7178709321566464,3626,0.0410084997135905,0.3128411805760241,0.0087185193650594,0.0419611362180505,0.0126284720130413,0.046773952096501,0.0041285313426436,0.0386531232975922,0.2874358915385119,0.0078629336178654,0.0393939093021522,0.0129589663189865,0.0382021336550584,0.0381677386024647,0.0248008249671063,0.0542321606320611,0.0382021336550584,-0.0112060202254864,0.6284931783036732,0.5696862611187886,0.5726783788499433,0.5067460495352839,0.509063121123322,0.4433129388798564,0.3214673536046388
credit_broad,mlp,1004,fairsmote,interfair/studies/learning/runs/credit_broad/fairsmote/1004/selected.pt,interfair/studies/learning/runs/credit_broad/fairsmote/1004/DONE.json,0.769823155200927,0.9075380845795258,0.8541484716157205,0.7774816788807462,0.1735819094762519,0.5313687963858987,0.0211878676046591,0.013634170053579,0.0232363033636613,0.0060804725024988,0.0211878676046591,0.8330560177481975,0.4191304347826087,0.732968881412952,2378,0.8391364902506964,0.4403183023872679,0.7562051847766134,3626,0.024541183041981,0.1238058547617561,0.0051447342585446,0.0196253366673606,0.00623681738964,0.031932661607099,0.0028235219856965,0.0233700093981146,0.1105695409802669,0.0048432168372775,0.0199108362227813,0.0076388542753526,0.0223496670544708,0.0124712326448182,0.0139704903540674,0.0262591873101882,0.0223496670544708,-0.005446924204835,0.6080195095318117,0.5431124217193481,0.5157302705512936,0.4466130636556387,0.4232501276114321,0.3597162157027211,0.4433364002037165
credit_broad,mlp,1005,fairsmote,interfair/studies/learning/runs/credit_broad/fairsmote/1005/selected.pt,interfair/studies/learning/runs/credit_broad/fairsmote/1005/DONE.json,0.7728271427594228,0.9087803404441954,0.8115438108484005,0.729180546302465,0.1995399320047093,0.5930846646476013,0.021464342159539,0.0161894424440873,0.0002354270646953,0.021464342159539,0.0109145427286356,0.762063227953411,0.3339130434782609,0.6585365853658537,2378,0.7405988857938719,0.3448275862068966,0.6583011583011583,3626,0.0260623335858067,0.1435470691913805,0.0057993714636552,0.0518344676498758,0.0078257498079937,0.0358418077343232,0.0032534358020166,0.0275749696882001,0.1649546411906924,0.0059873545398627,0.051659516208656,0.0158776660748457,0.0210901851121556,0.0071739975042365,0.0106599919897096,0.0484004231400532,0.0210901851121556,1.677965744475464e-05,0.5911949319939973,0.4959601656295813,0.4731898568986762,0.3814725692127332,0.3786502696717136,0.298116264060395,0.4437083264182928
credit_broad,mlp,1006,fairsmote,interfair/studies/learning/runs/credit_broad/fairsmote/1006/selected.pt,interfair/studies/learning/runs/credit_broad/fairsmote/1006/DONE.json,0.7733684206290765,0.907386785382468,0.8489652135623074,0.7714856762158561,0.1820945901837607,0.5534610723308672,0.0055410975517435,0.0031672734904375,0.0182916391615177,0.0055410975517435,0.0007934494291315,0.8214087631724903,0.4156521739130435,0.7232968881412952,2378,0.8269498607242339,0.416445623342175,0.741588527302813,3626,0.0161092680849203,0.0316556515451184,0.0035768016974211,0.0180801656247545,0.0014683851799974,0.0283008701383889,0.002192503270836,0.0149917542872028,0.0175814188919561,0.0032698753357308,0.0159597177486996,0.0008575639834952,0.0194361921139104,0.0043043881808207,0.0071380150831974,0.0121785696785395,0.0194361921139104,0.0052269258024472,0.4571633588698165,0.4065765643576824,0.3422693375908139,0.2868112276386587,0.2543760997787003,0.2118247843498951,0.6520658528898204
credit_broad,mlp,1007,fairsmote,interfair/studies/learning/runs/credit_broad/fairsmote/1007/selected.pt,interfair/studies/learning/runs/credit_broad/fairsmote/1007/DONE.json,0.7720619821907831,0.9067208711668412,0.8650563607085346,0.7906395736175883,0.1578734667166019,0.4929598524287508,0.0194741090992964,0.0119300878259734,0.0214194558781846,0.0043860665526505,0.0194741090992964,0.8591236827509706,0.448695652173913,0.7598822539949538,2378,0.8635097493036211,0.4681697612732095,0.7813017098731384,3626,0.0487712740361671,0.3780023586792492,0.0093794621613782,0.0247118178146936,0.0137574377689116,0.0429903303047127,0.0053858543503179,0.044147770417528,0.3412496170536678,0.0084004714472347,0.0222240191676312,0.0178375418248185,0.0357445841771692,0.0408378535295514,0.0232713691263006,0.0327787688990127,0.0357445841771692,-0.0105359956468596,0.6122670269030065,0.5404598805818155,0.5436832648538503,0.4732410524173622,0.4815222076014251,0.4133881785460898,0.3046088916269486
credit_broad,mlp,1008,fairsmote,interfair/studies/learning/runs/credit_broad/fairsmote/1008/selected.pt,interfair/studies/learning/runs/credit_broad/fairsmote/1008/DONE.json,0.7713404393154759,0.9074117882402022,0.8573911154556316,0.7813124583610926,0.1652281131439113,0.5121746979585632,0.0101417167611392,0.0098280951468019,0.0236647110370527,0.0101417167611392,0.0095144735324645,0.8380476982806434,0.4347826086956521,0.7405382674516401,2378,0.8481894150417827,0.4442970822281167,0.7642029784886928,3626,0.0309941783322278,0.1977239067383659,0.0062038552305131,0.0190073432376047,0.0088905788805155,0.0394592137277857,0.0037025939520673,0.0285876031257094,0.1710622950339955,0.0056669755055942,0.0186211541715603,0.0069456527182748,0.0349028034488358,0.0420511065939676,0.0249430126531191,0.0345699746364695,0.0349028034488358,-0.0148687680947388,0.6626245689374773,0.6145666617686333,0.5932549375368057,0.539880535521998,0.5145353171954485,0.4583222213982866,0.356386638192484
credit_broad,mlp,1009,fairsmote,interfair/studies/learning/runs/credit_broad/fairsmote/1009/selected.pt,interfair/studies/learning/runs/credit_broad/fairsmote/1009/DONE.json,0.7687535560089006,0.9022454222601344,0.8512550696042969,0.7739840106595602,0.1717602698311193,0.5255905794994372,0.0289701303194556,0.0196991195753798,0.0283509853376487,0.010428108831304,0.0289701303194556,0.8241819190238492,0.408695652173913,0.723717409587889,2378,0.8346100278551533,0.4376657824933687,0.7520683949255378,3626,0.0175611146312414,0.0455562741288477,0.0036329702611357,0.0113005131458058,0.0019530316997911,0.0250247969281415,0.0020068942245793,0.0173877264334757,0.0406154890608056,0.0035874076180346,0.0105528621263401,0.0025796274237506,0.0174905207909639,0.0031135275320766,0.0054532283864397,0.008742435088323,0.0174905207909639,0.0066713480867588,0.4095075939458594,0.3490928223006305,0.3039456559104863,0.2414927197619189,0.2104047088155731,0.1624077695077873,0.6739774056035969
credit_broad,mlp,1000,reweighing,interfair/studies/learning/runs/credit_broad/reweighing/1000/selected.pt,interfair/studies/learning/runs/credit_broad/reweighing/1000/DONE.json,0.7855913537177646,0.9138924326233644,0.8910256410256411,0.8187874750166556,0.1349705264275603,0.4305054104963147,0.012145881902184,0.0099306274924367,0.0213988125198025,0.012145881902184,0.0077153730826894,0.9439822518025514,0.6434782608695652,0.8713204373423045,2378,0.9561281337047354,0.6511936339522546,0.892719249862107,3626,0.0507251190850019,0.3967538885549794,0.0073995282099842,0.0147362205066361,0.0112536242769735,0.0295236338017932,0.0041838109061864,0.05275275600819,0.4173625098406261,0.0075644765974413,0.0121856098400955,0.0124484717602891,0.0270972250599727,0.0039054549891354,0.0033504283724778,0.0042908546668749,0.0270972250599727,0.0206086138356579,0.2648953654438262,0.1854249168472674,0.1835379667742936,0.1195272772207307,0.1324052996425153,0.0808343874553872,0.489122124707277
credit_broad,mlp,1001,reweighing,interfair/studies/learning/runs/credit_broad/reweighing/1001/selected.pt,interfair/studies/learning/runs/credit_broad/reweighing/1001/DONE.json,0.7869105072769925,0.91429492425681,0.890769850866586,0.8194536975349767,0.1342974153580714,0.4287226094961427,0.0141332458900903,0.0080964926255895,0.0222593390321372,0.0141332458900903,0.0020597393610887,0.9367720465890182,0.6226086956521739,0.86080740117746,2378,0.9509052924791086,0.6246684350132626,0.8830667402095973,3626,0.0485519578619445,0.3832150781852685,0.0072823379165341,0.0155326899348784,0.0120925865918425,0.0292691340143984,0.0042241085015804,0.0421025272735809,0.3376315916361899,0.0063459543669262,0.0133831895587354,0.0090166823899727,0.0293358337054703,0.0012858477985711,0.0014121517112422,0.002658826515669,0.0293358337054703,0.0266802435332134,0.1746549088636121,0.1014033182323407,0.0948780628116977,0.0497047674920176,0.0547736938509468,0.0306467838574873,0.605878731049088
credit_broad,mlp,1002,reweighing,interfair/studies/learning/runs/credit_broad/reweighing/1002/selected.pt,interfair/studies/learning/runs/credit_broad/reweighing/1002/DONE.json,0.7847347730391151,0.9127763394721466,0.8909638554216868,0.8191205862758161,0.1342781140545578,0.4295366541679439,0.0065101571660972,0.003419996124278,0.0154762561947471,0.0065101571660972,0.0003298350824587,0.9450915141430948,0.6382608695652174,0.8708999158957107,2378,0.9516016713091922,0.6379310344827587,0.8863761720904578,3626,0.0231131037342125,0.1001507931595286,0.0032770058443465,0.0091433996651423,0.0013894546912336,0.0244312950881053,0.0016771281725869,0.0231317941198659,0.1043207286472817,0.0032003823668554,0.0104703956988088,0.0001718213514953,0.0246871203476314,2.393972475993307e-05,3.674802815607422e-05,0.0,0.0246871203476314,0.0246233283681404,0.0195789026081357,0.0091876272493106,0.0026621260441307,0.0015454637780777,0.0008587089563619,0.0004291108822519,0.8932748330519772
credit_broad,mlp,1003,reweighing,interfair/studies/learning/runs/credit_broad/reweighing/1003/selected.pt,interfair/studies/learning/runs/credit_broad/reweighing/1003/DONE.json,0.785732668606125,0.9132382177748232,0.8923385077616425,0.8209526982011992,0.1341417234961183,0.4281759892212062,0.0155691385076692,0.0105620702310051,0.011229986959892,0.0055550019543409,0.0155691385076692,0.949528563505269,0.6521739130434783,0.8776282590412111,2378,0.95508356545961,0.636604774535809,0.8888582460011032,3626,0.0285325860258656,0.1699140362361081,0.0043988601436065,0.0134606389158887,0.0023070229995479,0.0266131457532376,0.0024907846888344,0.0325598380486157,0.2238630548895449,0.0050580070528614,0.0128734176466726,0.0008594641760245,0.0271351970935399,6.30613471792105e-05,0.0001581384101901,8.608815426997245e-05,0.0271351970935399,0.026850293218046,0.0445355148182825,0.0245381923536775,0.0160448807426621,0.0070342899501561,0.0058359106135711,0.0020595710725481,0.7630095546555795
credit_broad,mlp,1004,reweighing,interfair/studies/learning/runs/credit_broad/reweighing/1004/selected.pt,interfair/studies/learning/runs/credit_broad/reweighing/1004/DONE.json,0.7827697235265951,0.910960744459892,0.8926701570680629,0.8224516988674218,0.1346638946895382,0.4322319497330343,0.0069230406765572,0.0057473005251083,0.0154136302760596,0.0069230406765572,0.0045715603736593,0.9439822518025514,0.6226086956521739,0.8662741799831791,2378,0.9509052924791086,0.6180371352785146,0.8816878102592388,3626,0.030800410736184,0.1918414405446293,0.0044405475658417,0.0106235215652935,0.0027003091978092,0.0248736744961402,0.0029893585765956,0.0278500661931334,0.1528915259396689,0.0040605360077102,0.0093545643441817,0.0013738272059942,0.0243320604534111,0.0003967800783683,0.0007024153800259,0.0010309365825512,0.0243320604534111,0.0229688287490562,0.0907316516456137,0.0629900460550659,0.0494969563722544,0.0330032710124462,0.0290523836387044,0.0173640167347314,0.8051745709568389
credit_broad,mlp,1005,reweighing,interfair/studies/learning/runs/credit_broad/reweighing/1005/selected.pt,interfair/studies/learning/runs/credit_broad/reweighing/1005/DONE.json,0.7880886678496557,0.9150216488728468,0.8929815828770533,0.8209526982011992,0.1337628111016946,0.4268855376794518,0.0095006342982354,0.0073337358400336,0.0117620753208882,0.0051668373818318,0.0095006342982354,0.9561841375485304,0.671304347826087,0.8873002523128679,2378,0.961350974930362,0.6618037135278515,0.8990623276337562,3626,0.0379658270437397,0.2818509593489229,0.0053640747775542,0.0088092711902706,0.0043782186378346,0.0294191109800598,0.0030998839991024,0.0412830486964535,0.3119300660987043,0.0055695319449782,0.007723451651902,0.0036902785313094,0.0280714157115371,0.0003508910279497,0.0005870110619277,0.0010296469468064,0.0280714157115371,0.0269850469040526,0.1056149450156159,0.0598871098297848,0.0483149092160656,0.0271218499120012,0.0250621460563023,0.0137352799761602,0.6515966363084608
credit_broad,mlp,1006,reweighing,interfair/studies/learning/runs/credit_broad/reweighing/1006/selected.pt,interfair/studies/learning/runs/credit_broad/reweighing/1006/DONE.json,0.7837053310961158,0.9125907624494612,0.8925900069811509,0.8206195869420386,0.1352970338143813,0.4319686854214913,0.0061990461579818,0.0054914040615765,0.0137610018662523,0.0061990461579818,0.0047837619651712,0.9534109816971714,0.662608695652174,0.8830950378469302,2378,0.9596100278551531,0.6578249336870027,0.8968560397131826,3626,0.0375225457541042,0.2755437478111727,0.0055511995814929,0.0126875542299898,0.0077657237082101,0.0273793026266811,0.0033107451095235,0.0349821962249342,0.2458119625371218,0.0051352836428603,0.0109839601251277,0.0049782383042338,0.0273497680925563,0.0010386901520621,0.0013106945291493,0.0021468934460034,0.0273497680925563,0.0248273918641094,0.1376869733119205,0.0898763332363542,0.077173279450113,0.0477367317080186,0.0483399987002346,0.031343161766009,0.7031994722959044
credit_broad,mlp,1007,reweighing,interfair/studies/learning/runs/credit_broad/reweighing/1007/selected.pt,interfair/studies/learning/runs/credit_broad/reweighing/1007/DONE.json,0.7862311335369362,0.9136227344819668,0.8912477468455838,0.8191205862758161,0.1341149346428385,0.4287284350051791,0.0083281578056998,0.0079698683158357,0.0149873101332911,0.0083281578056998,0.0076115788259716,0.9467554076539102,0.6521739130434783,0.8755256518082423,2378,0.95508356545961,0.6445623342175066,0.8905129619415334,3626,0.031406139296986,0.2027007809224612,0.0041313614735772,0.0058376630447498,0.0029469055506662,0.0257972179399243,0.0034389460309344,0.0292930096320804,0.1776708732085092,0.0038197021068057,0.0056649026409033,0.001287474849191,0.026164785266817,0.0009534081291743,0.001136000542543,0.0019779042295358,0.026164785266817,0.0239289739415295,0.1047767474613034,0.0782521505698441,0.0591871318254806,0.0426173479159839,0.0390964587563009,0.0297351542931219,0.7735370237945052
credit_broad,mlp,1008,reweighing,interfair/studies/learning/runs/credit_broad/reweighing/1008/selected.pt,interfair/studies/learning/runs/credit_broad/reweighing/1008/DONE.json,0.7843938790373526,0.9132379557011538,0.88929183036164,0.8169553630912725,0.1360428091618521,0.4333588797927998,0.0147525711557803,0.0080417220904031,0.0216940821290214,0.0147525711557803,0.0013308730250258,0.9351081530782028,0.6313043478260869,0.8616484440706476,2378,0.9498607242339832,0.629973474801061,0.883342526199669,3626,0.0549441954466649,0.4306775249132567,0.0089324193800814,0.0164276442008727,0.0149707900065787,0.0341113881965917,0.0052301020819712,0.043971234464503,0.3434276069854911,0.0076375719310604,0.0144998930863876,0.0118468738993478,0.0319543122644183,0.0019938329366944,0.0019055273653265,0.0036039774932157,0.0319543122644183,0.0283370091476166,0.1605550813971391,0.0993453985501676,0.1019985239423845,0.0622516999564004,0.0718660320525453,0.0431969520663447,0.6014458866993598
credit_broad,mlp,1009,reweighing,interfair/studies/learning/runs/credit_broad/reweighing/1009/selected.pt,interfair/studies/learning/runs/credit_broad/reweighing/1009/DONE.json,0.782558555948544,0.9119110458978112,0.8928464232116058,0.8216189207195204,0.1347336604232705,0.4306496934895809,0.0238519201937492,0.014567893148721,0.0091136948039507,0.0052838661036928,0.0238519201937492,0.9511924570160843,0.6591304347826087,0.8805719091673675,2378,0.9564763231197771,0.6352785145888594,0.8896856039713182,3626,0.0232060246634691,0.1026252950425751,0.0031920810611751,0.0132263275941447,0.0005691260040174,0.0221897964043915,0.0017351801327751,0.0254273308321744,0.1290206206877134,0.0034678343024317,0.0121864480713699,0.0002569378506461,0.0213920441278081,4.844119718277927e-05,0.0001212238407627,8.564576909900651e-05,0.0213920441278081,0.021167345332166,0.0386201357230925,0.0222342469939934,0.010472983073489,0.0063518688340707,0.0041222544216732,0.0026619046877881,0.860849156265894
hmda_oh,mlp,1000,erm,interfair/studies/learning/runs/hmda_oh/real_erm/1000/selected.pt,interfair/studies/learning/runs/hmda_oh/real_erm/1000/DONE.json,0.8483074472604684,0.9498824893243047,0.9238847720469155,0.87075,0.0995252778929367,0.3336424209149025,0.1538064940763492,0.1105667600632328,0.1585921948255152,0.0673270260501164,0.1538064940763492,0.976942410665501,0.5726744186046512,0.9025412394115024,11215,0.9096153846153846,0.4188679245283019,0.7439490445859872,785,0.2851285128779952,0.8763587568256359,0.0527453224643021,0.0783409275677951,0.0651103004116458,0.0913280974014704,0.0530750893982859,0.2787569553470524,0.852015462434302,0.0484908802615131,0.0773021024471896,0.0700439932468669,0.0752354732628447,0.0817904692777834,0.0143070656838106,0.0194674439962649,0.0752354732628447,0.0480414104560782,0.3957783263412023,0.2331086567906271,0.3140019873808582,0.1674706160088098,0.2679226645611676,0.1408943474008339,0.1159605011359788
hmda_oh,mlp,1001,erm,interfair/studies/learning/runs/hmda_oh/real_erm/1001/selected.pt,interfair/studies/learning/runs/hmda_oh/real_erm/1001/DONE.json,0.8530314589141181,0.9516452380963732,0.9239236314046366,0.8698333333333333,0.0993465188080386,0.3308203117590086,0.1556969431037004,0.0981709667814594,0.1369736277903512,0.0406449904592184,0.1556969431037004,0.9829526827669108,0.6085271317829457,0.9140436914846188,11215,0.9423076923076924,0.4528301886792453,0.7770700636942676,785,0.1992458912051813,0.8198924916694865,0.0378958487566356,0.0535003810887689,0.0520195372839028,0.0719817612334481,0.0394749543835724,0.1844922558918449,0.78881102731919,0.0364538142069385,0.0615288320737296,0.0465812323573649,0.066160828196902,0.0372461546904699,0.008285475198107,0.007989108581764,0.066160828196902,0.0504077331312219,0.301895237821899,0.1757741262089542,0.2303549935161226,0.1230830461276977,0.1905343108723401,0.0986383323308506,0.1809239222610765
hmda_oh,mlp,1002,erm,interfair/studies/learning/runs/hmda_oh/real_erm/1002/selected.pt,interfair/studies/learning/runs/hmda_oh/real_erm/1002/DONE.json,0.8515599017020204,0.9509498795674614,0.924812030075188,0.8716666666666667,0.0993370795559586,0.332153300101248,0.1552874067573497,0.0941527229898144,0.1338783646787883,0.0330180392222791,0.1552874067573497,0.9810949622992022,0.5930232558139535,0.9096745430227374,11215,0.948076923076923,0.4377358490566038,0.7757961783439491,785,0.2051990479518866,0.8248699442221958,0.036898837055515,0.0473941995898897,0.0444545845263852,0.0780811558375777,0.0442664176538181,0.1715843798305819,0.7547560431835219,0.0294138102582807,0.046327443555033,0.040304787449334,0.0639524220725714,0.0557674556641682,0.0098661482312792,0.0093968542134259,0.0639524220725714,0.0449639769118344,0.3027745458198564,0.1948816248003243,0.2361621363050595,0.142420772025767,0.1988788574448242,0.1196710969059297,0.2085490414777066
hmda_oh,mlp,1003,erm,interfair/studies/learning/runs/hmda_oh/real_erm/1003/selected.pt,interfair/studies/learning/runs/hmda_oh/real_erm/1003/DONE.json,0.8498260436901319,0.950696261890272,0.9234838836092878,0.8698333333333333,0.0989953902976127,0.3295181565055292,0.1867248062015504,0.1358656394011375,0.1796110191366772,0.0850064726007245,0.1867248062015504,0.979237241831494,0.5867248062015504,0.9069995541685244,11215,0.8942307692307693,0.4,0.7273885350318471,785,0.1639142115421747,0.7823305518438312,0.0351873415721951,0.0627669555940712,0.0361234344344858,0.0750621975458201,0.0392154599808072,0.1507129244311519,0.7182244925045052,0.0299607736680614,0.0675554738733548,0.0263186416572818,0.0646997722238039,0.0468133279941168,0.0106058063373653,0.0136883819221851,0.0646997722238039,0.0439515820703213,0.324361077574222,0.2262045789185396,0.2549492308848199,0.1694407929846293,0.2146917331281803,0.1412413236518602,0.2218672141025571
hmda_oh,mlp,1004,erm,interfair/studies/learning/runs/hmda_oh/real_erm/1004/selected.pt,interfair/studies/learning/runs/hmda_oh/real_erm/1004/DONE.json,0.8498874677179773,0.9508986355409376,0.9234766410118144,0.8699166666666667,0.0992769484010844,0.3299621746658523,0.1615584320608454,0.1157867393780182,0.1619169049640637,0.0700150466951909,0.1615584320608454,0.9777073543874988,0.5804263565891473,0.9045920641997324,11215,0.9076923076923076,0.4188679245283019,0.7426751592356687,785,0.1559085316269197,0.7689539227393627,0.0307506510314496,0.0532340193235778,0.0316223171038801,0.0759060239882525,0.0404979846990209,0.1367333832002936,0.6933188626438032,0.0285586641299264,0.0566760396874477,0.0231615393418014,0.0699374243008192,0.037265254246731,0.0085439488479402,0.0089548443312844,0.0699374243008192,0.053263834024299,0.2974380534722569,0.2117400180351335,0.2223402397437449,0.1535790157907153,0.187806246382109,0.119150882911313,0.2463627183370866
hmda_oh,mlp,1005,erm,interfair/studies/learning/runs/hmda_oh/real_erm/1005/selected.pt,interfair/studies/learning/runs/hmda_oh/real_erm/1005/DONE.json,0.8513781824783332,0.9510527335703488,0.9240667976424362,0.8711666666666666,0.0988740784872413,0.329664146642967,0.1655093608307737,0.1120256512214358,0.1570763678081278,0.0585419416120979,0.1655093608307737,0.9758496339197902,0.5692829457364341,0.901025412394115,11215,0.9173076923076924,0.4037735849056604,0.7439490445859872,785,0.2021470186516905,0.812260027948492,0.0389863359215459,0.0696415555823682,0.0400863604405166,0.0868926575551807,0.0382496993591833,0.1761087870208602,0.7508968275882184,0.0350235304698305,0.0667739589060144,0.0277970275549835,0.0740551682603798,0.0363245932718339,0.0084012293441491,0.0118250224714476,0.0740551682603798,0.0577759241090632,0.2653644356301225,0.1760961142016779,0.1976488575609061,0.1252387664038229,0.1642809026693237,0.1050467040368292,0.2149367123337245
hmda_oh,mlp,1006,erm,interfair/studies/learning/runs/hmda_oh/real_erm/1006/selected.pt,interfair/studies/learning/runs/hmda_oh/real_erm/1006/DONE.json,0.8503978842963114,0.9503037022311652,0.9240586487408056,0.8700833333333333,0.1001531789284522,0.3363087568036844,0.0861141582565452,0.0572825105649377,0.1067189927048339,0.0284508628733303,0.0861141582565452,0.9822970167194842,0.5993217054263565,0.911814534106108,11215,0.953846153846154,0.5132075471698113,0.8050955414012739,785,0.2148649329614803,0.8299680182614465,0.0352806075202905,0.0540074583960212,0.0406986342978948,0.0721325413258512,0.0386563002666956,0.1931110810037337,0.7791105021465303,0.0304914411344464,0.0525820473980648,0.0402202427632812,0.0655566288638751,0.0921405792198772,0.0131324197938275,0.0174186562424211,0.0655566288638751,0.0402005767768716,0.3575994880727594,0.2327132196678931,0.264478473396741,0.1581376140736633,0.2206050910773584,0.1326835728333129,0.188014265054534
hmda_oh,mlp,1007,erm,interfair/studies/learning/runs/hmda_oh/real_erm/1007/selected.pt,interfair/studies/learning/runs/hmda_oh/real_erm/1007/DONE.json,0.8523364594693097,0.9516317450522802,0.922668762896728,0.8688333333333333,0.0994855720850263,0.3296897656933528,0.1325160889278923,0.0935839777373169,0.1429108535826959,0.0546518665467414,0.1325160889278923,0.9738826357775108,0.5702519379844961,0.899598751671868,11215,0.9192307692307692,0.4377358490566038,0.756687898089172,785,0.1423997193939983,0.7356865970296591,0.0297358788882545,0.0493188030678942,0.0279178467724545,0.0766807006261127,0.0383805325589217,0.1383228237053128,0.6778780367899047,0.0264092430065668,0.0526320511168261,0.0175829099861814,0.0680797878724959,0.0371004885995183,0.0094564537157326,0.012997943984602,0.0680797878724959,0.04951580282852,0.2903523894349889,0.2177250135128977,0.217998885738579,0.1593749157193201,0.1877800335078333,0.1306673523516357,0.2551089905126824
hmda_oh,mlp,1008,erm,interfair/studies/learning/runs/hmda_oh/real_erm/1008/selected.pt,interfair/studies/learning/runs/hmda_oh/real_erm/1008/DONE.json,0.8507421873942089,0.950892890496788,0.9246591956532284,0.8705833333333334,0.1015172939671856,0.3413271314620947,0.1561064794500511,0.0947374188395401,0.1305655812421375,0.0333683582290291,0.1561064794500511,0.9872145120751832,0.624031007751938,0.9203744984395898,11215,0.953846153846154,0.4679245283018868,0.7898089171974523,785,0.1858769221032088,0.7907109865654254,0.036586633162999,0.0536419173266061,0.0303088251093382,0.0712503730111504,0.0389106963539419,0.1447237111953349,0.7058178847146954,0.028924249746681,0.0520405906128997,0.0278372705509686,0.0596665170884676,0.0474298037332273,0.0090140853061392,0.009476933645505,0.0596665170884676,0.0421385632002559,0.3290603543028892,0.2236725771093604,0.2404852378463012,0.1562325650781611,0.1974474983409401,0.1254880177924584,0.2475295311059071
hmda_oh,mlp,1009,erm,interfair/studies/learning/runs/hmda_oh/real_erm/1009/selected.pt,interfair/studies/learning/runs/hmda_oh/real_erm/1009/DONE.json,0.8501236849497458,0.9511213675951764,0.9224357717199452,0.8681666666666666,0.0999000321109506,0.331566855782677,0.18295122129589,0.127859822545762,0.1698277159513959,0.0727684237956339,0.18295122129589,0.9766145776417878,0.5867248062015504,0.9048595630851538,11215,0.903846153846154,0.4037735849056604,0.7350318471337579,785,0.1278128342175155,0.7378698793953882,0.0312627422706108,0.072416412045131,0.0307630795840892,0.0798405231196134,0.0367220487780192,0.1326550698156642,0.7299062215991619,0.0258675958606063,0.0677681926293038,0.0440820841560231,0.0644578249132784,0.0216519291852537,0.0082336894228377,0.0140789192201942,0.0644578249132784,0.0486577221903739,0.3246251303801282,0.1981123327618575,0.2603203683605016,0.1483364102499173,0.2197694030071572,0.1160517394032185,0.2330250950649294
hmda_oh,mlp,1000,fairsmote,interfair/studies/learning/runs/hmda_oh/fairsmote/1000/selected.pt,interfair/studies/learning/runs/hmda_oh/fairsmote/1000/DONE.json,0.8252543014689512,0.9423682848163032,0.8838044914134743,0.81675,0.1330647999991031,0.4201960246868068,0.0186521866315635,0.0096612815675911,0.0795556451635804,0.0006703765036187,0.0186521866315635,0.8647142388809966,0.3846899224806202,0.7763709317877843,11215,0.8653846153846154,0.3660377358490566,0.6968152866242038,785,0.4154048626816067,0.9143982638243392,0.0706342192888686,0.1333499484645575,0.1122590132430527,0.1168934547232317,0.0691760382993197,0.356629326891018,0.878992258256167,0.0576702239242833,0.122645390151082,0.1024900906353752,0.0943443756892562,0.2965009086626377,0.037209431531745,0.0672080038146908,0.0943443756892562,0.023118238449149,0.4962265569320358,0.3420680153916288,0.4354924076820123,0.2960114072365396,0.4078898911970332,0.2736385955309177,0.0840669055437895
hmda_oh,mlp,1001,fairsmote,interfair/studies/learning/runs/hmda_oh/fairsmote/1001/selected.pt,interfair/studies/learning/runs/hmda_oh/fairsmote/1001/DONE.json,0.8253225849202168,0.9422092082363962,0.872992075390876,0.8023333333333333,0.140154130073556,0.4375300050618525,0.0257898200965335,0.0132250547150959,0.0818881672918719,0.0006602893336583,0.0257898200965335,0.8429679816413507,0.3691860465116279,0.7557735176103433,11215,0.8423076923076923,0.3433962264150943,0.6738853503184713,785,0.2295833833449207,0.8428336165558671,0.0487629991490183,0.1190763671705145,0.0772799370351437,0.1022342239796063,0.0509393934911881,0.2086429003283118,0.791377031330456,0.039977822558291,0.1003102849989581,0.0905889212508666,0.0741153572311788,0.0751879774510007,0.016569761242653,0.036122076018527,0.0741153572311788,0.0432110476095501,0.3801930932963353,0.2379950048290846,0.3206389177946949,0.189610894128923,0.290881563074736,0.1691706230593658,0.1656620732298971
hmda_oh,mlp,1002,fairsmote,interfair/studies/learning/runs/hmda_oh/fairsmote/1002/selected.pt,interfair/studies/learning/runs/hmda_oh/fairsmote/1002/DONE.json,0.829455221040147,0.9442241802922272,0.8690289423857182,0.79825,0.1435580391771679,0.4457932576713145,0.0213836477987421,0.014885985109159,0.0634943532745896,0.0083883224195758,0.0213836477987421,0.8300732160419626,0.3333333333333333,0.7386535889433794,11215,0.8384615384615385,0.3547169811320754,0.6751592356687898,785,0.1354613517342111,0.7441377526664154,0.0312575853753541,0.1149474966459616,0.0416558935456668,0.0855782363946977,0.0363522396447582,0.1500459149932037,0.7461783708631478,0.0295266135826445,0.1206572445782147,0.0612151215405478,0.0756923327456552,0.0150191149038544,0.0058362893471554,0.0105897022777741,0.0756923327456552,0.0649782051257488,0.2658613220148196,0.1488458443280469,0.2044073819588876,0.1053496470351839,0.1675611405229781,0.0843868688580827,0.2191214757478771
hmda_oh,mlp,1003,fairsmote,interfair/studies/learning/runs/hmda_oh/fairsmote/1003/selected.pt,interfair/studies/learning/runs/hmda_oh/fairsmote/1003/DONE.json,0.8189464067698469,0.9388247842026264,0.8878627276066537,0.8219166666666666,0.1315993572418112,0.4178535003629545,0.0205557610349437,0.01589255069445,0.0558862533401864,0.0205557610349437,0.0112293403539564,0.8736750081958256,0.3963178294573643,0.7858225590726705,11215,0.8942307692307693,0.4075471698113208,0.729936305732484,785,0.3402892555769686,0.8907219625655086,0.0618421237331359,0.1227450004208594,0.0990565645136892,0.1117901692451354,0.0461606471076169,0.3366281185390795,0.8504877001793818,0.0594818097797505,0.1219951448875085,0.1177904047668884,0.0915969514477928,0.2523536687022562,0.0385782503909608,0.0735062774732247,0.0915969514477928,0.0183235157076571,0.5540379334853551,0.3732053532074493,0.4761827503590589,0.3064481160166534,0.4379880940766362,0.2734915248636027,0.1029475570377296
hmda_oh,mlp,1004,fairsmote,interfair/studies/learning/runs/hmda_oh/fairsmote/1004/selected.pt,interfair/studies/learning/runs/hmda_oh/fairsmote/1004/DONE.json,0.8286484063339516,0.9433835806063248,0.8560392870937483,0.7825833333333333,0.1537009317512461,0.4727140432311353,0.0166959192628345,0.0133413189111933,0.0652924455702241,0.0099867185595521,0.0166959192628345,0.8015517429789094,0.2965116279069767,0.7086045474810522,11215,0.8115384615384615,0.3132075471698113,0.643312101910828,785,0.2614505618463486,0.8678216406882725,0.0548631791027277,0.1504855927979775,0.079733367759043,0.1118956135856966,0.0490882149726416,0.2188715426094754,0.8193647017940311,0.0461860594304274,0.1487990208608834,0.0723817008646492,0.0948758765817201,0.080648645475503,0.0164537015579393,0.0411862859276065,0.0948758765817201,0.0635046172711445,0.3219549632195083,0.2056455927813262,0.2804799543030243,0.1729197211380895,0.2539576835938939,0.1518530097303331,0.1400673914010338
hmda_oh,mlp,1005,fairsmote,interfair/studies/learning/runs/hmda_oh/fairsmote/1005/selected.pt,interfair/studies/learning/runs/hmda_oh/fairsmote/1005/DONE.json,0.8274724924911513,0.9425347389076292,0.8623433242506812,0.7895,0.1484429131257881,0.4607517708773354,0.0580840261257702,0.0476256389221801,0.0241958705214524,0.0580840261257702,0.0371672517185899,0.8149928969511528,0.3250968992248062,0.7248328131966116,11215,0.8730769230769231,0.3622641509433962,0.7006369426751592,785,0.3830529038830337,0.9030535807989448,0.0733663715473392,0.1614337745131895,0.1120196265166239,0.1170049023942334,0.0586475673981336,0.3399414386478692,0.8590007375319018,0.0644766037847144,0.151608966438734,0.1112758192993513,0.0951610525213847,0.2140811737633191,0.0323457649928419,0.0721671570555044,0.0951610525213847,0.0340079371144418,0.4600434899717063,0.2982812505538952,0.3955817734347445,0.2496246776242468,0.3692824194613215,0.2264290877415681,0.104586137985109
hmda_oh,mlp,1006,fairsmote,interfair/studies/learning/runs/hmda_oh/fairsmote/1006/selected.pt,interfair/studies/learning/runs/hmda_oh/fairsmote/1006/DONE.json,0.8276191598391724,0.94331496794293,0.8604244147888864,0.7873333333333333,0.1482611019064414,0.4580245118982921,0.089437984496124,0.082371455619026,0.0034979312851588,0.0753049267419281,0.089437984496124,0.8093104578734565,0.3105620155038759,0.7175211769950959,11215,0.8846153846153846,0.4,0.7210191082802547,785,0.2823347942501144,0.8740541641462419,0.0570985190225294,0.1438503653532994,0.0956007266053029,0.1038784368960562,0.0476113637502502,0.279843982416783,0.8309469716210772,0.0513437768078478,0.1349568234955742,0.0953309618218239,0.0793258077855279,0.0904874000994587,0.0196239565774025,0.0443042269661498,0.0793258077855279,0.042403377179366,0.3935163739716588,0.2454111246344949,0.3402800703470324,0.2103548839498516,0.3076999136870997,0.1866116851529006,0.1311121055110608
hmda_oh,mlp,1007,fairsmote,interfair/studies/learning/runs/hmda_oh/fairsmote/1007/selected.pt,interfair/studies/learning/runs/hmda_oh/fairsmote/1007/DONE.json,0.8219354060749806,0.9394004944371352,0.8714362560516407,0.8008333333333333,0.1442865110466347,0.458290807479135,0.041722006001866,0.0404227625445925,0.1151114152735616,0.041722006001866,0.039123519087319,0.8397989290787892,0.3561046511627907,0.7507802050824788,11215,0.7980769230769231,0.3169811320754717,0.6356687898089172,785,1.165846400803232,0.9704096112680624,0.141105745265436,0.2013962748680554,0.1737786728674365,0.1496469911940013,0.0775637152823188,0.960076285796362,0.9536124453834708,0.1307528499135825,0.1910905842074145,0.1871631367896012,0.1340903971584816,1.0212792952670258,0.0606478522788815,0.1149171798050127,0.1340903971584816,0.0225631340596438,0.5798061788606849,0.309329763089792,0.510311553769431,0.2395433783005338,0.4789863041770852,0.2185793100736225,0.0336217778778872
hmda_oh,mlp,1008,fairsmote,interfair/studies/learning/runs/hmda_oh/fairsmote/1008/selected.pt,interfair/studies/learning/runs/hmda_oh/fairsmote/1008/DONE.json,0.8280198700403427,0.9432408125508964,0.8788912579957356,0.8106666666666666,0.13695504220305,0.4309868202539169,0.0157067743752259,0.0139287857542357,0.0607540515290315,0.0157067743752259,0.0121507971332455,0.8516009179324664,0.3614341085271317,0.7613909942041908,11215,0.8673076923076923,0.3735849056603773,0.7006369426751592,785,0.1324770522342263,0.746775782987672,0.0294489330321362,0.1005278591516345,0.0451710609273132,0.0799733204107472,0.0341075880685895,0.1367440087792778,0.7289538793479644,0.0287117551176682,0.1028270342759088,0.0603556250336085,0.0705378953954819,0.018257832565381,0.0066907970412373,0.014123588437177,0.0705378953954819,0.058094532988768,0.2769569259140998,0.1567129451665213,0.2215388151028206,0.1244557127854769,0.1872068644561924,0.10268902502883,0.2334996902848581
hmda_oh,mlp,1009,fairsmote,interfair/studies/learning/runs/hmda_oh/fairsmote/1009/selected.pt,interfair/studies/learning/runs/hmda_oh/fairsmote/1009/DONE.json,0.8245734204490468,0.9423847615895372,0.8972472343709802,0.8335833333333333,0.1220742173677825,0.3907934843380209,0.0429940032177855,0.0288013735564731,0.0459734602485865,0.0146087438951606,0.0429940032177855,0.9007758714894548,0.4437984496124031,0.8166740971912617,11215,0.9153846153846154,0.4867924528301887,0.7707006369426752,785,0.309443185310687,0.8875494261014085,0.0577393587064182,0.1095729042921536,0.0952087936130715,0.0886980839310326,0.0538460611402636,0.285972970424776,0.8512258263060252,0.0499193250813153,0.1032841334654236,0.1045999036823403,0.0685521227375911,0.1986376624324839,0.0276512984762901,0.0457323756001891,0.0685521227375911,0.0158481489919095,0.5183572289550029,0.3484206088898837,0.4386193286415923,0.2800719559849955,0.3883463358263925,0.2422931876753891,0.1033246663113421
hmda_oh,mlp,1000,reweighing,interfair/studies/learning/runs/hmda_oh/reweighing/1000/selected.pt,interfair/studies/learning/runs/hmda_oh/reweighing/1000/DONE.json,0.8493376705016246,0.9500562459287096,0.9235971575594216,0.8700833333333333,0.0998982188307283,0.3339212329646044,0.0262688313587831,0.015842820813761,0.0752165974255362,0.0054168102687389,0.0262688313587831,0.9746475794995082,0.5658914728682171,0.8994204190815872,11215,0.9692307692307692,0.539622641509434,0.824203821656051,785,0.2759177867071001,0.8664411332016206,0.0357484263503905,0.0408198668460557,0.0541111792939306,0.0778755499837184,0.0365457458508538,0.2559100434981664,0.8227808761107647,0.0323761408772416,0.0365137216978524,0.0488053973663043,0.066113966535317,0.064694365320759,0.0099045526030239,0.010160777839725,0.066113966535317,0.0473946198117545,0.3761549036310633,0.226889186550636,0.2628507667194318,0.1543793491392495,0.2121458239904883,0.1274239292201995,0.1413364490704816
hmda_oh,mlp,1001,reweighing,interfair/studies/learning/runs/hmda_oh/reweighing/1001/selected.pt,interfair/studies/learning/runs/hmda_oh/reweighing/1001/DONE.json,0.8497554959631737,0.950315061263886,0.9241010689990282,0.8698333333333333,0.1007606672639506,0.3352188971297175,0.0097758519818633,0.0082305619365618,0.0662857694568522,0.0066852718912603,0.0097758519818633,0.9836083488143372,0.6022286821705426,0.9134195274186356,11215,0.9769230769230768,0.5924528301886792,0.8471337579617835,785,0.2135422378588226,0.8193187130917969,0.0254100880741045,0.0273064710717047,0.0450793328539227,0.0644630242292307,0.0280263262092167,0.1813047928766575,0.7585731875597372,0.0217329696684843,0.0278039498423767,0.0381614635892165,0.0535666958019347,0.0495775519825959,0.0089991317291632,0.0089400915813753,0.0535666958019347,0.0363137819407259,0.3529703330726758,0.2200507609516341,0.2449717263022015,0.1528106450810768,0.1957416448604244,0.1178468497031783,0.2027308154905496
hmda_oh,mlp,1002,reweighing,interfair/studies/learning/runs/hmda_oh/reweighing/1002/selected.pt,interfair/studies/learning/runs/hmda_oh/reweighing/1002/DONE.json,0.8465508132989702,0.9489345708580822,0.9233553436047932,0.8694166666666666,0.100741581287449,0.3362012152685822,0.067703305543367,0.0364181020037976,0.0869615591039071,0.0051328984642283,0.067703305543367,0.9762867446180744,0.5809108527131783,0.9035220686580472,11215,0.971153846153846,0.5132075471698113,0.8165605095541402,785,0.2392854770561864,0.8319115286250086,0.0293018194530456,0.0365524068197987,0.0438304581937418,0.0747768913027833,0.0343065754628464,0.1986612886910482,0.7675144099947697,0.0256585182158942,0.0329181257803571,0.0573142991406798,0.0617942042372145,0.0594972918082787,0.0094614585285366,0.0082756442621663,0.0617942042372145,0.0439777201361134,0.3305535139184999,0.1871026646094566,0.239687263784783,0.1302776369826617,0.1907404392167029,0.105341889261326,0.19965172116562
hmda_oh,mlp,1003,reweighing,interfair/studies/learning/runs/hmda_oh/reweighing/1003/selected.pt,interfair/studies/learning/runs/hmda_oh/reweighing/1003/DONE.json,0.8480952491100621,0.9493977807472532,0.9250585480093676,0.872,0.0994671614369412,0.3322656099751933,0.0597740236946029,0.0306289442128269,0.081967678637857,0.0014838647310508,0.0597740236946029,0.9803300185772048,0.5843023255813954,0.9074453856442264,11215,0.9788461538461538,0.5245283018867924,0.8254777070063695,785,0.1968871937730286,0.8159948551103778,0.0233200442357452,0.0247650613597413,0.0367100014943297,0.0686763890647674,0.0338509988214104,0.1708648955610773,0.7264531895431467,0.0219704946229854,0.0257304585613781,0.0276695424630812,0.0604107048754478,0.0470051816202331,0.0087553975068243,0.0060938859487152,0.0604107048754478,0.0433891577935499,0.297662644774078,0.205190631654543,0.2203944782883671,0.1474763112670029,0.1844563254664885,0.1222478646029074,0.2269541597498959
hmda_oh,mlp,1004,reweighing,interfair/studies/learning/runs/hmda_oh/reweighing/1004/selected.pt,interfair/studies/learning/runs/hmda_oh/reweighing/1004/DONE.json,0.8482092620507973,0.950124944226157,0.923685753371116,0.8698333333333333,0.1000104366967688,0.3322572988510678,0.0252248793330408,0.0153781105053526,0.0658405059193356,0.0055313416776644,0.0252248793330408,0.9771609660146432,0.5799418604651163,0.9040570664288898,11215,0.9826923076923076,0.5547169811320755,0.8382165605095542,785,0.1528890428872517,0.7682326784224764,0.0192723503543534,0.0215900227875357,0.0248156429834798,0.0635618141040613,0.0307414374555091,0.1353532447972881,0.6935741444439371,0.0178474565899312,0.0245917985560031,0.0185376482436817,0.0580162195183138,0.0304433917297323,0.0065150287788309,0.0042877319135532,0.0580162195183138,0.0453451870688445,0.2794927335761474,0.1997603387278679,0.2018247820795404,0.1365295991706656,0.1614741292313878,0.1028602370842776,0.2577850866095967
hmda_oh,mlp,1005,reweighing,interfair/studies/learning/runs/hmda_oh/reweighing/1005/selected.pt,interfair/studies/learning/runs/hmda_oh/reweighing/1005/DONE.json,0.8494666010233904,0.9501716060919952,0.9238912031364862,0.8705833333333334,0.0993405872494164,0.3312628177208411,0.0375895860757642,0.0216671146841082,0.0793057523619128,0.0057446432924522,0.0375895860757642,0.9749754125232216,0.5658914728682171,0.8996879179670084,11215,0.9692307692307692,0.5283018867924528,0.8203821656050956,785,0.1908603518033232,0.7993983542850194,0.0268300264948527,0.0351279434911959,0.0285887192409116,0.0719553242343255,0.0304232475383611,0.171454403344002,0.736682812166484,0.0238747300096635,0.0353928919056229,0.0212483174091375,0.0618696923180688,0.0295248516418412,0.0067234955815333,0.0058792888644804,0.0618696923180688,0.0488769215172233,0.256887538169235,0.1730180290127964,0.1771192355309266,0.1178209680090728,0.1464635681873238,0.0961746139694894,0.2279220711964411
hmda_oh,mlp,1006,reweighing,interfair/studies/learning/runs/hmda_oh/reweighing/1006/selected.pt,interfair/studies/learning/runs/hmda_oh/reweighing/1006/DONE.json,0.8481664628004588,0.94975295943978,0.9205893987341772,0.8661666666666666,0.1013310683533566,0.3364729086901249,0.0031209283558752,0.0027223407319817,0.0686188595233294,0.0031209283558752,0.0023237531080883,0.96273631297126,0.5343992248062015,0.8839054837271512,11215,0.9596153846153846,0.5320754716981132,0.8152866242038217,785,0.2111354354479939,0.8257059262119857,0.0298185304426052,0.0418363080440561,0.0446406879241313,0.0793257651771415,0.0342221784170223,0.2081562135217209,0.7996113858818631,0.0286819831853507,0.0409735589969981,0.0448440737547669,0.0731592667899234,0.065527618887209,0.0105209292060748,0.0121602928944592,0.0731592667899234,0.053036721779373,0.3081481106464108,0.1917110006480403,0.2311706165510458,0.1381987411473665,0.1918547519829296,0.1129405793596662,0.1669760109775716
hmda_oh,mlp,1007,reweighing,interfair/studies/learning/runs/hmda_oh/reweighing/1007/selected.pt,interfair/studies/learning/runs/hmda_oh/reweighing/1007/DONE.json,0.849186408005875,0.950576482383653,0.9232191514207864,0.8685,0.1010117292925852,0.3355065289305019,0.0068688752376773,0.0045588418453628,0.0624260615474611,0.0022488084530484,0.0068688752376773,0.9810949622992022,0.5993217054263565,0.910833704859563,11215,0.9788461538461538,0.5924528301886792,0.8484076433121019,785,0.1712560872579223,0.7900103851000514,0.0218491596114411,0.0263502769430022,0.024830089017659,0.0638969300363988,0.0287473602224564,0.1613905368568745,0.7290004872728709,0.0210001614890412,0.0270028172429884,0.0244052408534896,0.0548330822970724,0.0599048462877337,0.009770768801001,0.0069160743429553,0.0548330822970724,0.0357697642699131,0.3380515720707073,0.2388842922125356,0.2388596138494287,0.1607716824027825,0.1932822608908391,0.13033853206654,0.228422781649256
hmda_oh,mlp,1008,reweighing,interfair/studies/learning/runs/hmda_oh/reweighing/1008/selected.pt,interfair/studies/learning/runs/hmda_oh/reweighing/1008/DONE.json,0.8477659079907576,0.9496005576264764,0.9238814642649622,0.869,0.1023509049578084,0.3434984787724938,0.0039758160100199,0.0020710950753624,0.0590752262523747,0.0039758160100199,0.0001663741407049,0.9866681237023276,0.6187015503875969,0.9189478377173428,11215,0.9826923076923076,0.6188679245283019,0.8598726114649682,785,0.1559036756305545,0.7762897908747544,0.0175988209155805,0.0179024107059589,0.0203258676466495,0.0552392439738929,0.0288714937562163,0.1329667772979029,0.6899236558432018,0.0162689613980378,0.0203176510100667,0.0193179234330965,0.0461716965532481,0.0439793778808025,0.0069767128103983,0.005478103480823,0.0461716965532481,0.0325980113204325,0.3166763872522098,0.2191060619620598,0.2103502119696388,0.1421456154506647,0.1616991120868967,0.1060264268409045,0.2684393777793886
hmda_oh,mlp,1009,reweighing,interfair/studies/learning/runs/hmda_oh/reweighing/1009/selected.pt,interfair/studies/learning/runs/hmda_oh/reweighing/1009/DONE.json,0.8471536878014012,0.9499037276443536,0.9213791750453676,0.8664166666666666,0.1009775877466949,0.3347149615429697,0.0021384800316064,0.0015756755869601,0.0628855235396179,0.0021384800316064,0.0010128711423138,0.9713692492623756,0.5687984496124031,0.8972804279982167,11215,0.9692307692307692,0.569811320754717,0.8343949044585988,785,0.124814011085535,0.7321934856106905,0.019198687241349,0.0351655573756781,0.024212613036651,0.0676865467705235,0.0259571516655911,0.1395993373079961,0.7233479790538958,0.020811457984968,0.0384548630048099,0.0279720187949108,0.0567960341113081,0.0181450640156576,0.0060917323646175,0.0072137374632132,0.0567960341113081,0.0450543405780478,0.2793260368908087,0.1810437401240157,0.2050263399094237,0.1287460343719925,0.1649505670243178,0.1046853549890838,0.2395948565536478
