block,task,architecture,seed,arm,auc,ap,f1,accuracy,brier,bce,eomax,aod,dp,group0_tpr,group0_fpr,group0_positive,group0_n,group1_tpr,group1_fpr,group1_positive,group1_n,L_population_effect_gap,L_population_effect_gap_unconditional,L_R,L_mean_common_abs,P_population_effect_gap,P_population_effect_gap_unconditional,P_R,P_mean_common_abs,D_population_effect_gap,D_population_effect_gap_unconditional,violation_005,opposite_005,decision_disagreement,source_arrays,source_record,source_arrays_sha256,target_cache_sha256,natural_cohort,probe_cohort,source_task,conformance_005,checkpoint,source_done,arrays,audit_seconds,audit_model_rows,target_used_for_fitting,L_third,sex_aod,sex_dp,sex_eomax,subgroup_aod,subgroup_dp,subgroup_eomax,tpr_gap,fpr_gap,output_kind,direction_adverse_decision,direction_adverse_0,direction_both_adverse_0,direction_adverse_005,direction_both_adverse_005,direction_adverse_01,direction_both_adverse_01,direction_adverse_magnitude,direction_common_response,direction_joint_pass,block_direction,joint,checkpoint_direction,checkpoint_sha256,arrays_direction,arrays_sha256,auc_direction,ap_direction,f1_direction,accuracy_direction,brier_direction,bce_direction,eomax_direction,aod_direction,dp_direction,tpr_gap_direction,fpr_gap_direction,group0_tpr_direction,group0_fpr_direction,group0_positive_direction,group0_n_direction,group1_tpr_direction,group1_fpr_direction,group1_positive_direction,group1_n_direction,L_R_direction,violation_005_direction,P_R_direction,decision_disagreement_direction,opposite_005_direction,P_mean_common_abs_direction,P_population_effect_gap_direction,direction_L_R,direction_violation_005,direction_P_R,direction_decision_disagreement,direction_opposite_005,direction_P_mean_common_abs,direction_direction_logit_loss,direction_signed_common_response,source_sha256,selected_epoch,epochs_completed,training_seconds,admitted,uses_admission_guard,pretrained_weights_loaded,decision_constraints,direction_constraints,protocol,negative_outcomes_retained
hmda_2019_mi,hmda_2019_mi,mlp,1000,erm,0.8305278530188042,0.9484475766355328,0.9228441754916792,0.86825,0.1022008367994632,0.3439938620433929,0.0602241447698627,0.0590895548507859,0.1244429495945744,0.9665986467618946,0.5658914728682171,0.8976524986661925,11246.0,0.9063745019920318,0.5079365079365079,0.773209549071618,754.0,,,0.233423079769676,,0.0461333244124123,,0.0399536673926712,0.0857411891786388,,,0.8393408646284252,0.052488682351918,0.0582087795249098,,,,,,,,0.1606591353715748,interfair/training/mlp/runs/confirmation/hmda_oh/1000/erm/selected.pt,interfair/training/mlp/runs/confirmation/hmda_oh/1000/erm/DONE.json,interfair/training/transformer/auxiliary/transfer/hmda_2019_mi/mlp/1000/erm/audit.npz,,,,,,,,,,,0.0602241447698627,0.0579549649317091,probability,0.0103785757174211,0.3225246520472442,0.1870746831009325,0.2426295239455796,0.130057336993478,0.1986187255410056,0.1036811845299138,0.0083159545083917,0.0754693554920355,0.1602152971238623,,False,,9d3caec05650d9e7e63f7eb5230b3b7692d071bba4b58093df946849ca639d45,,b7bfe9bd6e235a13a0b89f24d5b93ef1e7bf9632806f154e68effd922d7cc352,,,,,,,,,,,,,,,,,,,,,,,,,,,0.2233031193876526,0.8050145312209915,0.0390783658141278,0.0638327220699587,0.0539279750799977,0.0754693554920355,0.0395637514078053,0.059872110555104,774a909ca7b9d87ed29b0585a4c30a358d4019b64c44a87dd18f3467891cf58b,15.0,40.0,13.07789805601351,True,False,False,False,False,random-initialization ERM,True
hmda_2019_mi,hmda_2019_mi,mlp,1001,erm,0.8314522727263196,0.9483784794472891,0.9243836148320714,0.8701666666666666,0.1018117634565784,0.3455714565169578,0.0444335856017451,0.040396933074036,0.1047721771749319,0.9727204381913864,0.5839793281653747,0.9058331851324916,11246.0,0.9282868525896414,0.5476190476190477,0.8010610079575596,754.0,,,0.3230935099596709,,0.0515760900208385,,0.0482741742602096,0.0887015317503955,,,0.8860824107581815,0.0715029627274761,0.0623289046596553,,,,,,,,0.1139175892418185,interfair/training/mlp/runs/confirmation/hmda_oh/1001/erm/selected.pt,interfair/training/mlp/runs/confirmation/hmda_oh/1001/erm/DONE.json,interfair/training/transformer/auxiliary/transfer/hmda_2019_mi/mlp/1001/erm/audit.npz,,,,,,,,,,,0.0444335856017451,0.036360280546327,probability,0.0157688696815157,0.4357043994045091,0.2494651410322781,0.339349531168135,0.1727085653353111,0.2953898973304295,0.1349713985220543,0.0135981976127156,0.0713695777773446,0.1275691432891268,,False,,7897ba334ebd350ea166984bf0e4ae550dccf76421721eeb43e28cbe16a4c2c1,,bea9bb535bc803aae6c8d053c5598cacccc635c6a19bc760d933f9d64c4420c3,,,,,,,,,,,,,,,,,,,,,,,,,,,0.2818834545459348,0.8417932630370696,0.0435022657206219,0.0608285022966075,0.0760362118620012,0.0713695777773446,0.0951728653283273,0.0457953690129512,0ead30108f526af7cc42de18d7fd9be94cdd37ce6fdd03a373b14a1517b7d61e,20.0,40.0,13.083222755987665,True,False,False,False,False,random-initialization ERM,True
hmda_2019_mi,hmda_2019_mi,mlp,1002,erm,0.8314533211382062,0.949176000393714,0.9242695867047822,0.86975,0.1011198522091323,0.3402218502172131,0.0712377640121503,0.0567244560186259,0.1234513798245271,0.9756202341316722,0.5937984496124031,0.9099235283656412,11246.0,0.904382470119522,0.5515873015873016,0.786472148541114,754.0,,,0.1954006763754062,,0.0493071676036941,,0.0350887118272872,0.0800751529552678,,,0.7950444836219119,0.0347692077266617,0.0379398159820367,,,,,,,,0.204955516378088,interfair/training/mlp/runs/confirmation/hmda_oh/1002/erm/selected.pt,interfair/training/mlp/runs/confirmation/hmda_oh/1002/erm/DONE.json,interfair/training/transformer/auxiliary/transfer/hmda_2019_mi/mlp/1002/erm/audit.npz,,,,,,,,,,,0.0712377640121503,0.0422111480251015,probability,0.0100583589214324,0.3328167145122908,0.2238600421298285,0.2618712468932486,0.1677321254150621,0.2251099217495044,0.1365708810595975,0.011156384128147,0.0675936788935142,0.2228392007277179,,False,,16e26090633bd861118865dc8ba91350d71c16d67a79030fea817fdc94465763,,e5b1858945febb118b989d05a6ccfb0847ba4121cef0d62f50b49f447a01cd1f,,,,,,,,,,,,,,,,,,,,,,,,,,,0.1777087686155772,0.7252946989110962,0.0295861893697424,0.037202204420156,0.0357720465896109,0.0675936788935142,0.052574070277748,0.0459816144622388,9dc65175f4c58972278db49e28e3acd2c4d4d40db525939886c1b6e09a1d1202,15.0,40.0,13.252514090039767,True,False,False,False,False,random-initialization ERM,True
hmda_2019_mi,hmda_2019_mi,mlp,1003,erm,0.8314036264147795,0.9484635232424335,0.9241399304213376,0.8691666666666666,0.1016829074244164,0.3416379237326685,0.0298346940880019,0.0196238808203021,0.0832340741488515,0.9760498335302332,0.6046511627906976,0.9121465409923528,11246.0,0.9462151394422312,0.5952380952380952,0.8289124668435013,754.0,,,0.1698266357178343,,0.0382791324514862,,0.030568693308527,0.0758401351159669,,,0.7805119459356011,0.0341927940226529,0.0466561476541533,,,,,,,,0.2194880540643988,interfair/training/mlp/runs/confirmation/hmda_oh/1003/erm/selected.pt,interfair/training/mlp/runs/confirmation/hmda_oh/1003/erm/DONE.json,interfair/training/transformer/auxiliary/transfer/hmda_2019_mi/mlp/1003/erm/audit.npz,,,,,,,,,,,0.0298346940880019,0.0094130675526024,probability,0.0080029597390849,0.3242462416120569,0.2133346588270238,0.2506807705548697,0.1599339581514612,0.2071419562632235,0.1290057819818509,0.008635235273501,0.0728829904336736,0.236220887937268,,False,,53bf7d70159f169d6502c1921d810f77a304d561f1508ae3c735cfc53e2d21da,,7b12f2d398f41d2beedd59a4f31461f5056eedbc4d172ffd2ca010fd1c273476,,,,,,,,,,,,,,,,,,,,,,,,,,,0.1591248579013414,0.7133712925009649,0.0268760606271575,0.048548661780919,0.0358473589054109,0.0728829904336736,0.0382384787434825,0.0563101072720446,5aefc261c6666a768c5230e4f207584fc3e60d4d82a97a269a62214fe07c4d0c,15.0,40.0,13.111817253986374,True,False,False,False,False,random-initialization ERM,True
hmda_2019_mi,hmda_2019_mi,mlp,1004,erm,0.8299941414743777,0.9478263437513552,0.9235476976879736,0.8688333333333333,0.1012162075968513,0.3406222058493696,0.0700078003954539,0.0688817148894951,0.1316530581341978,0.972398238642466,0.5875968992248062,0.9061888671527656,11246.0,0.902390438247012,0.5198412698412699,0.7745358090185677,754.0,,,0.1987799399982865,,0.0448839828363245,,0.0338031412123246,0.0834721686731407,,,0.8287349163597505,0.0475172971280881,0.0465543788274876,,,,,,,,0.1712650836402495,interfair/training/mlp/runs/confirmation/hmda_oh/1004/erm/selected.pt,interfair/training/mlp/runs/confirmation/hmda_oh/1004/erm/DONE.json,interfair/training/transformer/auxiliary/transfer/hmda_2019_mi/mlp/1004/erm/audit.npz,,,,,,,,,,,0.0700078003954539,0.0677556293835363,probability,0.009878325693438,0.2646532058470062,0.1766853900218286,0.2138195972083091,0.1393593295031918,0.1845963445250593,0.1163272895683212,0.0090943802269931,0.0757530990324945,0.1970797254407135,,False,,2ae621ad09dfbcdac0c45d1f46e4ca5f812418d514387c0bd00261c3fd28b46a,,09c96c446b342aea819066e18788ae37a1721a2dcbdca3b6077255f2e027a614,,,,,,,,,,,,,,,,,,,,,,,,,,,0.174098801580518,0.7658452092211608,0.0316526864970457,0.0459523008944121,0.0356870016367702,0.0757530990324945,0.0468995622519653,0.0581929188193936,f17208c527e6282bf36c5a9130adafaad14fed288532e4e86ee0dd4062fab8e2,15.0,40.0,13.231994018016849,True,False,False,False,False,random-initialization ERM,True
hmda_2019_mi,hmda_2019_mi,mlp,1005,erm,0.8293050552883504,0.9481185083756546,0.9257296984876217,0.8715,0.1016566448135643,0.3401191731030508,0.0516779407982932,0.035455064898962,0.100424271099515,0.9819568252604446,0.6144702842377261,0.9187266583674196,11246.0,0.9302788844621512,0.5952380952380952,0.8183023872679045,754.0,,,0.1454762794018374,,0.0301117621409076,,0.0273487500927404,0.0720978893689344,,,0.7405754897302141,0.0279017542885896,0.0392159926681197,,,,,,,,0.2594245102697858,interfair/training/mlp/runs/confirmation/hmda_oh/1005/erm/selected.pt,interfair/training/mlp/runs/confirmation/hmda_oh/1005/erm/DONE.json,interfair/training/transformer/auxiliary/transfer/hmda_2019_mi/mlp/1005/erm/audit.npz,,,,,,,,,,,0.0516779407982932,0.0192321889996308,probability,0.0089707113284745,0.3043539023059661,0.2058259865482945,0.2212081578985404,0.1478426302536324,0.1828051573493135,0.1238432149378562,0.0086559459642111,0.0585083281893077,0.251001076503322,,False,,ba3c1299f8aad436a907e1235382cdf6b5d2a636b87baf082747bd425a8ddaf8,,7bc4de6601153f26bb535cfc55256ff66629ec999c87a835a35402f2df342c0b,,,,,,,,,,,,,,,,,,,,,,,,,,,0.1370924551942413,0.6981579643065967,0.0229347656885356,0.0365648784892014,0.0255931671713083,0.0585083281893077,0.0311483578314066,0.0416445362987509,e4b75293fbe29699d0a5858e23274b7b1cc9ad8426e86ef8604b398ed8c00200,10.0,40.0,13.05030566395726,True,False,False,False,False,random-initialization ERM,True
hmda_2019_mi,hmda_2019_mi,mlp,1006,erm,0.8284360616225753,0.9467610482585224,0.9245402047847818,0.8704166666666666,0.101057379604592,0.3411960200673615,0.1036360280546327,0.0972896555463011,0.1574006154148058,0.9754054344323918,0.5917312661498708,0.9093900053352304,11246.0,0.8844621513944223,0.4880952380952381,0.7519893899204244,754.0,,,0.2068457839343397,,0.0432678454985086,,0.0400380140294116,0.0825619703795659,,,0.8289273770433022,0.0528679108450483,0.0643485936750141,,,,,,,,0.1710726229566977,interfair/training/mlp/runs/confirmation/hmda_oh/1006/erm/selected.pt,interfair/training/mlp/runs/confirmation/hmda_oh/1006/erm/DONE.json,interfair/training/transformer/auxiliary/transfer/hmda_2019_mi/mlp/1006/erm/audit.npz,,,,,,,,,,,0.0909432830379695,0.1036360280546327,probability,0.0152155857648156,0.3404376723483282,0.2086021118207195,0.2679873655736148,0.1573742092099794,0.2216081748835652,0.132889363203854,0.0107611506202073,0.0765487621072652,0.1856098912957898,,False,,4a9d7f1c17165e2fd8167a9f4b11ae267f8253f3dde3631ee250a8ea6ba3d193,,75589b3b881179dd36c1b6deef574493bb2f5a71bbf88c955d146f87f13943c3,,,,,,,,,,,,,,,,,,,,,,,,,,,0.1795903896836703,0.7668300182225164,0.0359394061754566,0.0630865904036596,0.0502841903387312,0.0765487621072652,0.0444752486714207,0.0559704759018906,0fadab34103d4f46c1770cfa6fc046dac05975e0d18a35df036fdb41b9589988,15.0,40.0,13.121864139975514,True,False,False,False,False,random-initialization ERM,True
hmda_2019_mi,hmda_2019_mi,mlp,1007,erm,0.831382797965298,0.9483933871897268,0.9256671518680252,0.8723333333333333,0.1005003468941142,0.3382097850866912,0.0881406176389918,0.0798491940169858,0.1463459333138668,0.976586832778434,0.5834625322997417,0.908945402809888,11246.0,0.8884462151394422,0.5119047619047619,0.7625994694960212,754.0,,,0.139452168232845,,0.0367201609387517,,0.0273824394596509,0.0734798005099116,,,0.743050934552407,0.0249669112161367,0.0446495779501138,,,,,,,,0.256949065447593,interfair/training/mlp/runs/confirmation/hmda_oh/1007/erm/selected.pt,interfair/training/mlp/runs/confirmation/hmda_oh/1007/erm/DONE.json,interfair/training/transformer/auxiliary/transfer/hmda_2019_mi/mlp/1007/erm/audit.npz,,,,,,,,,,,0.0881406176389918,0.0715577703949797,probability,0.0104535247129666,0.2824249288666446,0.2069010365892634,0.2135422055491053,0.1465848947787646,0.1774586697316742,0.1187129832900086,0.007999979532516,0.0693580805303666,0.2973496602046626,,False,,8b8d74e96c24c90b67764e9bfd3d658361f4e45b4f8801621c7f7b75092c8e45,,febbe08a502ae102623f212583d9219728d2bd321a28f4be92201f479e3459bc,,,,,,,,,,,,,,,,,,,,,,,,,,,0.1159665930583389,0.6392109529622672,0.0254986519961447,0.0507645375279159,0.0145495048091706,0.0693580805303666,0.0313850146140634,0.0536403023340821,d45707e4d988ae2821a7b25419d9708b4c5678a4dd1d7ced2f7a644cac8419f8,10.0,40.0,13.10724191594636,True,False,False,False,False,random-initialization ERM,True
hmda_2019_mi,hmda_2019_mi,mlp,1008,erm,0.8317123487683328,0.9482601269758242,0.9267214453894574,0.8729166666666667,0.1011069364322485,0.3420958743089385,0.0768364710225174,0.0607807241240933,0.1132724585599784,0.9849640210503704,0.6284237726098191,0.9236172861461852,11246.0,0.9402390438247012,0.5515873015873016,0.8103448275862069,754.0,,,0.2096176719193434,,0.0370272534589773,,0.0374646731960222,0.070789736327385,,,0.8221116571572866,0.045294796284262,0.0469627147529385,,,,,,,,0.1778883428427133,interfair/training/mlp/runs/confirmation/hmda_oh/1008/erm/selected.pt,interfair/training/mlp/runs/confirmation/hmda_oh/1008/erm/DONE.json,interfair/training/transformer/auxiliary/transfer/hmda_2019_mi/mlp/1008/erm/audit.npz,,,,,,,,,,,0.0447249772256692,0.0768364710225174,probability,0.0089358505849464,0.3792338305751167,0.2126261226587346,0.2877813532027107,0.145603333291699,0.2303684639235807,0.1159019939721124,0.0089976279848782,0.0559272308052611,0.1985437475735724,,False,,5510ac5625a12d7a22673a1b185e25a5b761f7ee9372126883c41b2a88f7a43b,,cf31a946deccde9ddc936b2d667cea9a117f564d88961e9a426eda8a66e1fb0e,,,,,,,,,,,,,,,,,,,,,,,,,,,0.1717193172320936,0.7600425577390423,0.0307975580138689,0.0510497785449397,0.0562453157037555,0.0559272308052611,0.0391777548198554,0.038945661229223,db018527c9686692995fc4a9b2932638682ab1a8ed5272c8cc27f73621e45225,15.0,40.0,13.043268627952784,True,False,False,False,False,random-initialization ERM,True
hmda_2019_mi,hmda_2019_mi,mlp,1009,erm,0.8328885504149357,0.9490406884106342,0.9230167652377926,0.86875,0.1017671755637821,0.3412286436018364,0.1243816906607604,0.1157482834973771,0.1782047115131062,0.9676726452582968,0.5648578811369509,0.8983638627067402,11246.0,0.8605577689243028,0.4404761904761904,0.7201591511936339,754.0,,,0.1700650340892876,,0.0426869861149005,,0.0370018909243718,0.0884561380760489,,,0.7917751343446237,0.0468463250871456,0.0678534339362093,,,,,,,,0.2082248656553763,interfair/training/mlp/runs/confirmation/hmda_oh/1009/erm/selected.pt,interfair/training/mlp/runs/confirmation/hmda_oh/1009/erm/DONE.json,interfair/training/transformer/auxiliary/transfer/hmda_2019_mi/mlp/1009/erm/audit.npz,,,,,,,,,,,0.1071148763339938,0.1243816906607604,probability,0.0144159095762772,0.2844765688400369,0.1531731437096691,0.2334712783330299,0.1160730556076921,0.205610699006458,0.0962943676916932,0.0087761321242949,0.0825081275899394,0.2041377150804993,,False,,c4ab9993e3f11323e51d7a6a70595700e709f144b87966e942d0164914fdc3aa,,32375ec9e3bfc78d70ffe54cd98661b2a0610e2e80eb40474570ff5643f74bf1,,,,,,,,,,,,,,,,,,,,,,,,,,,0.1752153501751495,0.7712963841989922,0.0355441729351536,0.0712134245616837,0.0556823162988159,0.0825081275899394,0.0282968998044313,0.0658813938257465,ae8b008177251b4897d729b2b9126fcffdee47247dcd93cc184bb60ba4b9e254,10.0,40.0,13.054647051962093,True,False,False,False,False,random-initialization ERM,True
,hmda_2019_mi,mlp,1000,no_decision,0.8230314051547665,0.9453223442334476,0.9223595019470218,0.8654166666666666,0.1029070436513325,0.3438223012606312,0.0549833887043189,0.0303737329467875,0.0416242309083901,0.9778756309741168,0.6315245478036176,0.9182820558420772,11246.0,0.9721115537848606,0.6865079365079365,0.876657824933687,754.0,,,0.0061932224598687,,0.0135954341299248,,0.002052446914357,0.0487605012639635,,,0.0003191831952309,0.0,0.0042340561115854,,,,,,,,,interfair/studies/requirements/ablations/confirmation/hmda_oh/1000/no_decision/selected.pt,,interfair/studies/requirements/decision_transfer/hmda_2019_mi/1000/audit.npz,,,,,,,,,,,0.005764077189256,0.0549833887043189,,0.0,0.0045248854618145,0.0041948317512918,0.002882086756594,0.0025561415153945,0.0020631151842722,0.0018967811856028,7.139919803284854e-05,0.0495746290496228,0.997117913243406,,,,1f40e4f0577847bc1df3b15c979a656220b509e1727389229c99540e8573cfa2,,,,,,,,,,,,,,,,,,,,,,,,,,,,,0.0052270123240336,0.0,0.0018976702260758,0.0043630340106665,0.0,0.0495746290496228,7.294904804019213e-05,0.0494318610488902,,,,,,,,,,,
,hmda_2019_mi,mlp,1001,no_decision,0.8122660789223034,0.9421144052715286,0.9229377024195085,0.8651666666666666,0.1060995756936394,0.3527052092005363,0.062126245847176,0.0335230501569807,0.0264145790003259,0.9871120180431748,0.6759689922480621,0.9335763827138538,11246.0,0.9920318725099602,0.7380952380952381,0.9071618037135278,754.0,,,0.0107034071695937,,0.0105747784128443,,0.0029723123457438,0.0441466693791322,,,0.0043353528574324,5.305039787798408e-05,0.0034031820428966,,,,,,,,,interfair/studies/requirements/ablations/confirmation/hmda_oh/1001/no_decision/selected.pt,,interfair/studies/requirements/decision_transfer/hmda_2019_mi/1001/audit.npz,,,,,,,,,,,0.0049198544667854,0.062126245847176,,0.0,0.010844703461472,0.0082717550557294,0.0034098469727212,0.0018296739853626,0.0008316699933466,0.0006653359946773,3.482245348087938e-05,0.0447172931070201,0.9946255164850392,,,,e513b841253d6c201de2805bc56238297dd10f824a041494b00e24c8663c9631,,,,,,,,,,,,,,,,,,,,,,,,,,,,,0.0087702348548736,0.0019646365422396,0.0025793472826205,0.0030012356689087,0.0,0.0447172931070201,1.7321326409087763e-05,0.0446494413704622,,,,,,,,,,,
,hmda_2019_mi,mlp,1002,no_decision,0.8145165998781698,0.9428629345097984,0.923084277451121,0.8659166666666667,0.1057941373599568,0.3534364624922846,0.06640826873385,0.0362664207171743,0.0351346850822525,0.9842122221028892,0.6558139534883721,0.9277076293793348,11246.0,0.9780876494023903,0.7222222222222222,0.8925729442970822,754.0,,,0.0089014550921941,,0.009330882323683,,0.0021224467625287,0.0461458326452914,,,0.0010437319085633,0.0,0.0046267226458623,,,,,,,,,interfair/studies/requirements/ablations/confirmation/hmda_oh/1002/no_decision/selected.pt,,interfair/studies/requirements/decision_transfer/hmda_2019_mi/1002/audit.npz,,,,,,,,,,,0.0061245727004985,0.06640826873385,,0.0,0.0150930700422024,0.0132633960568398,0.0046319551206916,0.0036440352628844,0.0021114214400787,0.00177875344274,7.960539188915278e-05,0.0516508553061054,0.99454982039824,,,,bc1f3ff7bb6893500c99d6606681f3a13275a8620be8a752743cb353921a214d,,,,,,,,,,,,,,,,,,,,,,,,,,,,,0.0088977615497199,0.0008182244810682,0.0017116933137378,0.0049515516839501,0.0,0.0516508553061054,3.674419188486604e-05,0.0514923004700511,,,,,,,,,,,
,hmda_2019_mi,mlp,1003,no_decision,0.8273494409471753,0.9462822675236654,0.9239547372458764,0.8678333333333333,0.1016160207209763,0.3402483301509825,0.0662052417866371,0.0371903404693159,0.0394389564270656,0.9822790248093652,0.6361757105943152,0.9227280810955006,11246.0,0.9741035856573704,0.7023809523809523,0.883289124668435,754.0,,,0.0050642216697767,,0.0130615760385817,,0.0020288704297084,0.0479776158288236,,,9.915340433982055e-05,0.0,0.0035316452017151,,,,,,,,,interfair/studies/requirements/ablations/confirmation/hmda_oh/1003/no_decision/selected.pt,,interfair/studies/requirements/decision_transfer/hmda_2019_mi/1003/audit.npz,,,,,,,,,,,0.0081754391519947,0.0662052417866371,,0.0,0.014001814916643,0.0135095356767742,0.0063870520584211,0.0057250774418134,0.0034829298378471,0.003153623218578,0.0001098624622708,0.0455019160325848,0.9934492282297256,,,,606f73da010c02ce0fa1c8129347d41c84aeb6807fb222e79d9c112df716ce21,,,,,,,,,,,,,,,,,,,,,,,,,,,,,0.0048635796787146,0.0001637197118533,0.0015695411488282,0.0032499895756591,0.0,0.0455019160325848,0.0001409017077673,0.0452823604935017,,,,,,,,,,,
,hmda_2019_mi,mlp,1004,no_decision,0.8209197871248589,0.944833334280006,0.92281238058846,0.8653333333333333,0.1040892535256479,0.3469415276174989,0.0332964193429309,0.0210287115068903,0.046552596832543,0.9848566212007304,0.6651162790697674,0.929841721500978,11246.0,0.9760956175298804,0.6984126984126984,0.883289124668435,754.0,,,0.0085067046118256,,0.0096686753797316,,0.0026449337928576,0.0426157822647142,,,0.0006154451517369,0.0,0.0042601234028276,,,,,,,,,interfair/studies/requirements/ablations/confirmation/hmda_oh/1004/no_decision/selected.pt,,interfair/studies/requirements/decision_transfer/hmda_2019_mi/1004/audit.npz,,,,,,,,,,,0.0087610036708498,0.0332964193429309,,0.0,0.0103597737078444,0.0082558221151584,0.0035763078299139,0.0030357223342386,0.0023355255960331,0.0015158069324577,6.183717454705697e-05,0.0374430472240194,0.9955597757200272,,,,2c6a47ac519d8f248e819188fbc1515b514a10d6eee080de0b44e903b06a7575,,,,,,,,,,,,,,,,,,,,,,,,,,,,,0.0076646920185949,0.0008639164500587,0.001995010900712,0.004240150707227,0.0,0.0374430472240194,3.625180797573894e-05,0.0373202504466417,,,,,,,,,,,
,hmda_2019_mi,mlp,1005,no_decision,0.8223679701128991,0.9444217267918,0.9231580461147596,0.8664166666666666,0.1029172207088073,0.3439152978292542,0.0964008859357695,0.0486337863851084,0.0229013935281912,0.9812050263129632,0.6377260981912145,0.9221056375600214,11246.0,0.9820717131474104,0.7341269841269841,0.8992042440318302,754.0,,,0.0059085400556124,,0.0121204623812874,,0.0023569412047911,0.0496486623606949,,,0.000118015801385,0.0,0.0027051726826458,,,,,,,,,interfair/studies/requirements/ablations/confirmation/hmda_oh/1005/no_decision/selected.pt,,interfair/studies/requirements/decision_transfer/hmda_2019_mi/1005/audit.npz,,,,,,,,,,,0.0008666868344472,0.0964008859357695,,0.0001629726205997,0.0248549890338081,0.0227146825150868,0.0073484549698699,0.0068520672606779,0.0045454267432873,0.0033428666310043,0.0001393133348662,0.0449317123012469,0.99265154503013,,,,a846f6148065c94b9d9d399949ff78ee339745135a5b94d89dcc1e921096b1ff,,,,,,,,,,,,,,,,,,,,,,,,,,,,,0.005063510117709,0.0,0.0018052271392151,0.0030057171512871,0.0,0.0449317123012469,0.0001409149471688,0.0446538478340233,,,,,,,,,,,
,hmda_2019_mi,mlp,1006,no_decision,0.8250591502337423,0.9452903830985896,0.9247886920395396,0.86875,0.1021799496015364,0.3430674599776396,0.0425987449243262,0.0227161091241501,0.0413364775498131,0.9868972183438944,0.6558139534883721,0.9299306420060466,11246.0,0.9840637450199204,0.6984126984126984,0.8885941644562334,754.0,,,0.0050173840073283,,0.0100028827528851,,0.0010542266699773,0.0472423832345644,,,0.0007740448935182,0.0,0.0019108886174741,,,,,,,,,interfair/studies/requirements/ablations/confirmation/hmda_oh/1006/no_decision/selected.pt,,interfair/studies/requirements/decision_transfer/hmda_2019_mi/1006/audit.npz,,,,,,,,,,,0.0028334733239739,0.0425987449243262,,0.0001629726205997,0.006651619609734,0.0061143954921283,0.0037103953718711,0.0032173690407487,0.002558008710957,0.0022253407136183,5.039540173202525e-05,0.0460445314566415,0.9962896046281288,,,,d4cbad52f8b51d73b0e30e7fbe6fb4dc54e49dd5ffd8040f5569c6251c73a9fc,,,,,,,,,,,,,,,,,,,,,,,,,,,,,0.0039776095945545,0.0,0.0008226606359624,0.0009860526622447,0.0,0.0460445314566415,2.5690973787961555e-05,0.0459438336837504,,,,,,,,,,,
,hmda_2019_mi,mlp,1007,no_decision,0.8252700441092509,0.945561359099315,0.9233639494833524,0.8665,0.1022852934486412,0.3420692509827234,0.0720930232558139,0.0378442824178007,0.0323856970542075,0.983675222854688,0.6501291989664083,0.9262849012982394,11246.0,0.9800796812749004,0.7222222222222222,0.8938992042440318,754.0,,,0.0048661990105204,,0.0125063863891155,,0.0019519025027643,0.0442502687068434,,,0.0,0.0,0.0032827955239817,,,,,,,,,interfair/studies/requirements/ablations/confirmation/hmda_oh/1007/no_decision/selected.pt,,interfair/studies/requirements/decision_transfer/hmda_2019_mi/1007/audit.npz,,,,,,,,,,,0.0035955415797875,0.0720930232558139,,0.0003742514970059,0.0239181165771468,0.0225518367530105,0.0106489910099533,0.010482657011284,0.0075421798646746,0.0059713439202712,0.000199259723107,0.0385729086953104,0.9893510089900468,,,,b751afa0e04f5fa58f1930b936ca538f7fd3ca9d076319827c44c09c03b9f19e,,,,,,,,,,,,,,,,,,,,,,,,,,,,,0.0045338485274243,0.0,0.0016208784202483,0.0035358454996984,0.0,0.0385729086953104,0.0001754435017635,0.0381747444209337,,,,,,,,,,,
,hmda_2019_mi,mlp,1008,no_decision,0.819673015709264,0.944326209608394,0.9232010632238464,0.8651666666666666,0.1047303211908663,0.3488253802853862,0.0390365448504982,0.0221406900686054,0.038477577173328,0.991300612179143,0.6950904392764858,0.9403343410990574,11246.0,0.9860557768924304,0.7341269841269841,0.9018567639257294,754.0,,,0.0075032800677861,,0.0090157112532653,,0.0023351690488017,0.0389445252272761,,,0.0006191314811737,0.0,0.0011471691640596,,,,,,,,,interfair/studies/requirements/ablations/confirmation/hmda_oh/1008/no_decision/selected.pt,,interfair/studies/requirements/decision_transfer/hmda_2019_mi/1008/audit.npz,,,,,,,,,,,0.0052448352867127,0.0390365448504982,,0.0,0.004979935825871,0.0044842952079326,0.000828308615277,0.0006619746166077,0.0004990019960079,0.0003326679973386,1.643592165088023e-05,0.0353525246448029,0.998680532249163,,,,425d29ca61de2192dfb4fb4c1d379c70205bc0ee4c840f8d6ebb91bfa172326a,,,,,,,,,,,,,,,,,,,,,,,,,,,,,0.0063060909423742,0.0004911591355599,0.0017554982726789,0.0009800769973591,0.0,0.0353525246448029,6.580454745277995e-06,0.0353198625953564,,,,,,,,,,,
,hmda_2019_mi,mlp,1009,no_decision,0.8295884293722888,0.9473399387905954,0.923690150314556,0.8675833333333334,0.1014503805423705,0.3395315609547675,0.0963824289405684,0.048219241124274,0.0251831361436616,0.9800236279669208,0.6258397932816537,0.9190823403876934,11246.0,0.9800796812749004,0.7222222222222222,0.8938992042440318,754.0,,,0.0048969424246068,,0.015768432855568,,0.0015430391981871,0.053191584188065,,,5.706459712394431e-05,0.0,0.0021007115668127,,,,,,,,,interfair/studies/requirements/ablations/confirmation/hmda_oh/1009/no_decision/selected.pt,,interfair/studies/requirements/decision_transfer/hmda_2019_mi/1009/audit.npz,,,,,,,,,,,5.605330797953112e-05,0.0963824289405684,,0.0,0.031341522672848,0.0299778571355277,0.0176202071829459,0.0169192633534869,0.01145862553932,0.0104740670595823,0.0003679249613418,0.0496539357264722,0.982379792817054,,,,22609dc4db8052526e4c48cb6802b0922eeb41071606cd1508732a98b25e189a,,,,,,,,,,,,,,,,,,,,,,,,,,,,,0.0048142887432994,0.0,0.0011332836823118,0.0023478510040026,0.0,0.0496539357264722,0.0006237331536956,0.048918263357979,,,,,,,,,,,
hmda_2019_mi,hmda_2019_mi,mlp,1000,soft,0.8235786994576356,0.9459475713737484,0.9231281831595982,0.8654166666666666,0.1034655125816615,0.344843577794337,0.0550572166851236,0.0317965756741804,0.0374768087303425,0.9886156159381376,0.6790697674418604,0.9353547928152232,11246.0,0.9800796812749004,0.7341269841269841,0.8978779840848806,754.0,,,0.0091745785342661,,0.0112583270544224,,0.0010772397602827,0.0461120345751093,,,0.0005921709640253,0.0,0.0004933889919201,,,,,,,,0.9994078290359748,interfair/training/mlp/runs/confirmation/hmda_oh/1000/equality_direction/selected.pt,interfair/training/mlp/runs/confirmation/hmda_oh/1000/equality_direction/DONE.json,interfair/training/transformer/auxiliary/transfer/hmda_2019_mi/mlp/1000/soft/audit.npz,,,,,,,,,,,0.0085359346632373,0.0550572166851236,probability,0.0,0.0074788081207022,0.0063196987036489,0.0039640048391982,0.0034717255993294,0.0024347523944621,0.0018967811856028,5.809824091521296e-05,0.0446897464422224,0.9951687173326734,,False,,5d1b7699ca40bcec3b8bf90eafe413cb15990be842a1ffc9e8cc6bbf5638cafe,,46e5320914f9cd91afd10d5fb188d02d23ec89905050763cb873a58d9f7a8136,,,,,,,,,,,,,,,,,,,,,,,,,,,0.0083527554660845,0.0008672778281283,0.0009936529702553,0.0008197186635754,0.0,0.0446897464422224,3.904917564408773e-05,0.0445739279170484,ff4ef30952f0c2cb64c065b57ed762d60202a925b10eb341b5b640042a54bb7e,15.0,40.0,89.93227871903218,True,True,False,True,True,random-initialization equality-and-direction training,True
hmda_2019_mi,hmda_2019_mi,mlp,1001,soft,0.8205976218011148,0.9448633725602604,0.9220859773844172,0.8639166666666667,0.1050125975111893,0.3490178105197314,0.0111826349419206,0.0103439937352644,0.0542584902571902,0.9852862205992912,0.6770025839793282,0.9322425751378268,11246.0,0.9741035856573704,0.6865079365079365,0.8779840848806366,754.0,,,0.0067089417969215,,0.011067283096711,,0.0009640630350722,0.0477935176670608,,,0.0001693518752662,0.0,0.0006090323568147,,,,,,,,0.9998306481247338,interfair/training/mlp/runs/confirmation/hmda_oh/1001/equality_direction/selected.pt,interfair/training/mlp/runs/confirmation/hmda_oh/1001/equality_direction/DONE.json,interfair/training/transformer/auxiliary/transfer/hmda_2019_mi/mlp/1001/soft/audit.npz,,,,,,,,,,,0.0111826349419206,0.0095053525286082,probability,0.0,0.0218327122118478,0.0194744040605811,0.0095175197087103,0.0078642638562258,0.0035200318551359,0.0023141103647833,0.0001079522411461,0.0380902679208933,0.9904824802912896,,False,,21ad9782bd6d72e96037af301cd77027922aa7797c11156b9f28990614b0998e,,d422eb2039386d2d83814db91ba4f6bde14c136f23ec2d4d1bb5e04bb1e62c65,,,,,,,,,,,,,,,,,,,,,,,,,,,0.005339043811536,0.0,0.0007151798180578,0.0004930263311223,0.0,0.0380902679208933,6.234435877933899e-05,0.0378751352772616,424f5092b3d304e0f77a714bfa94ad0b1fb23e0f728505b83a78d0e4469e64eb,20.0,40.0,89.82894544798182,True,True,False,True,True,random-initialization equality-and-direction training,True
hmda_2019_mi,hmda_2019_mi,mlp,1002,soft,0.8098671494393722,0.9413025801095896,0.9230769230769232,0.8649166666666667,0.1082711437673573,0.3607697675567012,0.0549095607235141,0.0301308979299335,0.033261457890598,0.9914080120287831,0.6950904392764858,0.940423261604126,11246.0,0.9860557768924304,0.75,0.9071618037135278,754.0,,,0.009961402334418,,0.009291512376542,,0.0015576524550967,0.0441360198725792,,,0.0012568959748295,0.0,0.0014674494597791,,,,,,,,0.9987431040251704,interfair/training/mlp/runs/confirmation/hmda_oh/1002/equality_direction/selected.pt,interfair/training/mlp/runs/confirmation/hmda_oh/1002/equality_direction/DONE.json,interfair/training/transformer/auxiliary/transfer/hmda_2019_mi/mlp/1002/soft/audit.npz,,,,,,,,,,,0.0053522351363528,0.0549095607235141,probability,0.0,0.0080376946892326,0.0055011012095253,0.0013722554890219,0.0008732534930139,0.0005405854956753,0.0003742514970059,2.1583805403224344e-05,0.0489947912627529,0.9971059619136348,,False,,96e7ed98a1cdf6e17b82b1243d19b1b8c0eda17c81d59c914512e7de357e11d5,,12ea55191cf5b464e597280fd40e46bdca81f9fc952efde54dab0c4baa955135,,,,,,,,,,,,,,,,,,,,,,,,,,,0.0092852795128235,0.0015217825973433,0.0014035076265455,0.0001629726205997,0.0,0.0489947912627529,7.213847902872975e-06,0.0489522237698955,b79d9eaef74f57a532090085b49fdf06c2093d413834f6e6b737a8c4fb62a393,5.0,40.0,90.89341722801328,True,True,False,True,True,random-initialization equality-and-direction training,True
hmda_2019_mi,hmda_2019_mi,mlp,1003,soft,0.8215240451402357,0.9443808792543206,0.9219653179190752,0.865,0.1031039426153074,0.3451242276793249,0.0508305647840532,0.0323108020211676,0.0492999338167275,0.9759424336805927,0.6237726098191214,0.9153476791748176,11246.0,0.9621513944223108,0.6746031746031746,0.8660477453580901,754.0,,,0.0056332209491877,,0.0146518396298616,,0.0008031130609005,0.052339544750437,,,0.0001007505919097,0.0,0.0012104987327414,,,,,,,,0.9998992494080904,interfair/training/mlp/runs/confirmation/hmda_oh/1003/equality_direction/selected.pt,interfair/training/mlp/runs/confirmation/hmda_oh/1003/equality_direction/DONE.json,interfair/training/transformer/auxiliary/transfer/hmda_2019_mi/mlp/1003/soft/audit.npz,,,,,,,,,,,0.013791039258282,0.0508305647840532,probability,0.0,0.0081171262322994,0.007624099901177,0.0040598702595577,0.0035192847638824,0.0019833095630071,0.0018203369424074,5.835170478903064e-05,0.0588107669587584,0.9956126903167356,,False,,b96f25bb93d0bc6b540a4fa8d485d8acebd340976028a1e51df5e0b266eba41e,,b12164a285465a9c130668c29e4c44f174236467ffa705ce85e09166e50f9020,,,,,,,,,,,,,,,,,,,,,,,,,,,0.0061122345870038,0.0003274394237066,0.0007035108167766,0.0014764647065511,0.0,0.0588107669587584,8.495311564223286e-05,0.0586943042495877,26f713e4f4d18fcb551890700b27e7ea1ea6087c6d8d1e6fa8da497177632092,35.0,40.0,90.118913038983,True,True,False,True,True,random-initialization equality-and-direction training,True
hmda_2019_mi,hmda_2019_mi,mlp,1004,soft,0.8166661238222899,0.9434742702350948,0.9228271251193888,0.8653333333333333,0.1055629101150588,0.3511355442680052,0.059173126614987,0.0361738967147088,0.0412475570447447,0.9852862205992912,0.6630490956072351,0.929841721500978,11246.0,0.9721115537848606,0.7222222222222222,0.8885941644562334,754.0,,,0.0102357236383558,,0.0091986969544073,,0.0013396967224544,0.0489110174761521,,,0.0016639833046783,4.918355301987016e-05,0.0010667997940272,,,,,,,,0.9983360166953216,interfair/training/mlp/runs/confirmation/hmda_oh/1004/equality_direction/selected.pt,interfair/training/mlp/runs/confirmation/hmda_oh/1004/equality_direction/DONE.json,interfair/training/transformer/auxiliary/transfer/hmda_2019_mi/mlp/1004/soft/audit.npz,,,,,,,,,,,0.0131746668144305,0.059173126614987,probability,0.0,0.016166152018573,0.0123583970438353,0.0067295580354366,0.0050350916963401,0.0032207304188183,0.0025587558022106,8.691119719078357e-05,0.0427085191628946,0.9921240309685349,,False,,68d45046cda12c3146250b70fdcac5f23a1df32c3502fcb92469f44a2bef91da,,6548f59bc901b8beb9934f1550381dcd8dffbe3bf9bedb4ef559844de4171fcd,,,,,,,,,,,,,,,,,,,,,,,,,,,0.0086344254543371,0.0011464109960284,0.0011423197887377,0.0011531337521676,0.0,0.0427085191628946,3.440668112015085e-05,0.0425363557090891,4f96a7f830399286b589758cf2a66f6d507cb2a7251e1a16356722f315880d4a,10.0,40.0,90.71303062001245,True,True,False,True,True,random-initialization equality-and-direction training,True
hmda_2019_mi,hmda_2019_mi,mlp,1005,soft,0.8133996684502249,0.942915534642043,0.9228214980314028,0.8644166666666667,0.1070595748120183,0.355397370265146,0.0647471391657438,0.0351033870758684,0.0297272805750915,0.9915154118784234,0.697157622739018,0.9408678641294682,11246.0,0.9860557768924304,0.7619047619047619,0.9111405835543768,754.0,,,0.009017128270782,,0.0098996182663236,,0.001786400301999,0.0420254210881774,,,0.0013453699138975,0.0,0.0012207676871418,,,,,,,,0.9986546300861024,interfair/training/mlp/runs/confirmation/hmda_oh/1005/equality_direction/selected.pt,interfair/training/mlp/runs/confirmation/hmda_oh/1005/equality_direction/DONE.json,interfair/training/transformer/auxiliary/transfer/hmda_2019_mi/mlp/1005/soft/audit.npz,,,,,,,,,,,0.0054596349859931,0.0647471391657438,probability,0.0,0.0103093465394287,0.0072737510637135,0.0031187624750499,0.0022870924817032,0.0014138389886892,0.0012475049900199,4.573337117582609e-05,0.0409557249946829,0.9960521818184196,,False,,48a0b5d75b438097a91aa56d22ae9e49a2bf8796ddb3e82422f52356ea5d4116,,016b23d3800bea55e803c70568ff4b6d3f9b0345c6e285520a000a02d8c497e5,,,,,,,,,,,,,,,,,,,,,,,,,,,0.0074423278292098,0.0008290557065306,0.0014749871286453,0.0009853055709911,0.0,0.0409557249946829,1.4512172897877907e-05,0.0408653775246937,8d371266edcc9893e112751c5716f3896f565a854dba2451e7e9524415d794e7,10.0,40.0,89.85851246397942,True,True,False,True,True,random-initialization equality-and-direction training,True
hmda_2019_mi,hmda_2019_mi,mlp,1006,soft,0.8084448272778693,0.9407643763439516,0.9213558031038752,0.8623333333333333,0.1097256957270173,0.3659055103981286,0.0507567368032484,0.0275226213757656,0.034379686311101,0.9863602190956932,0.6873385012919897,0.9349101902898808,11246.0,0.9820717131474104,0.7380952380952381,0.9005305039787799,754.0,,,0.0116635021513472,,0.0096843631505012,,0.001719794445303,0.0440107332513735,,,0.0021890441139127,0.0,0.0011197684261253,,,,,,,,0.9978109558860871,interfair/training/mlp/runs/confirmation/hmda_oh/1006/equality_direction/selected.pt,interfair/training/mlp/runs/confirmation/hmda_oh/1006/equality_direction/DONE.json,interfair/training/transformer/auxiliary/transfer/hmda_2019_mi/mlp/1006/soft/audit.npz,,,,,,,,,,,0.0042885059482828,0.0507567368032484,probability,0.0,0.0180809902527849,0.0123693572581069,0.0031450332668764,0.0023159775603458,0.0011583623257996,0.0009946426139463,4.7977353001375606e-05,0.0429240067126129,0.9957093028283488,,False,,135047969120b23978d53c3e10a187a72e263ac22a75020b155902cf3b1cd95e,,392558f4c7768c1acdda0512c25042e8cba5ef6f58598f3a560974c3a3ecabd5,,,,,,,,,,,,,,,,,,,,,,,,,,,0.0108335688565582,0.0011456639047748,0.001552514998673,0.0015682216575873,0.0,0.0429240067126129,1.6929399141944692e-05,0.042831514113343,06c49048294c70f0488cabe3a9d7889c8ccbd4d2497bd77e774029a3f4675c7d,5.0,40.0,90.38682688598055,True,True,False,True,True,random-initialization equality-and-direction training,True
hmda_2019_mi,hmda_2019_mi,mlp,1007,soft,0.8271777576762271,0.9464425344617656,0.9242179328705904,0.8671666666666666,0.1023471226143087,0.3426065730792737,0.0719638242894057,0.0383358301639586,0.0297935581929278,0.990763612930942,0.6780361757105943,0.9369553619064556,11246.0,0.9860557768924304,0.75,0.9071618037135278,754.0,,,0.0042712875952778,,0.0112355768781137,,0.00080696192393,0.0469082937891981,,,4.6311304589450285e-05,0.0,0.0002594552024776,,,,,,,,0.9999536886954106,interfair/training/mlp/runs/confirmation/hmda_oh/1007/equality_direction/selected.pt,interfair/training/mlp/runs/confirmation/hmda_oh/1007/equality_direction/DONE.json,interfair/training/transformer/auxiliary/transfer/hmda_2019_mi/mlp/1007/soft/audit.npz,,,,,,,,,,,0.0047078360385116,0.0719638242894057,probability,0.0,0.0228653286625742,0.0209651860989017,0.0109557612285207,0.0101341753693829,0.0049631289355231,0.004633822316254,0.0001410575627227,0.0436631221859858,0.9890442387714792,,False,,ac6c5a45e46499209a050484feb16879f6caf45541d2cc794ff95dad6c09f41c,,c527dd6a4dc96c6ebb24ae2ce96cbcc01662ad5466717b82ed3c4df6a1f29592,,,,,,,,,,,,,,,,,,,,,,,,,,,0.0039547400455571,0.0,0.0006938969477651,0.0,0.0,0.0436631221859858,8.878024256059398e-05,0.043381253863103,e08be3236af1a8f20ec1515a5998ad3d97f112a9d08c036be8b6b0e02c9f39ec,35.0,40.0,89.58890584902838,True,True,False,True,True,random-initialization equality-and-direction training,True
hmda_2019_mi,hmda_2019_mi,mlp,1008,soft,0.8258002376493468,0.946107387445551,0.9243088655862728,0.8676666666666667,0.1029894198550588,0.3438250601868439,0.0471022517534145,0.0256659615613556,0.0391436554394112,0.9882934163892172,0.6671834625322998,0.933042859683443,11246.0,0.9840637450199204,0.7142857142857143,0.8938992042440318,754.0,,,0.0053483529713644,,0.0112849239381564,,0.0008664883164167,0.0478566901612708,,,0.0002357305730189,0.0,0.0011038994399325,,,,,,,,0.999764269426981,interfair/training/mlp/runs/confirmation/hmda_oh/1008/equality_direction/selected.pt,interfair/training/mlp/runs/confirmation/hmda_oh/1008/equality_direction/DONE.json,interfair/training/transformer/auxiliary/transfer/hmda_2019_mi/mlp/1008/soft/audit.npz,,,,,,,,,,,0.0042296713692967,0.0471022517534145,probability,0.0,0.0140959399999634,0.012477544891007,0.0065688256234547,0.0060731850055163,0.0038021523229074,0.0032615668272321,9.807499567299664e-05,0.0439681451296063,0.9932682017559455,,False,,36052c68ea6bbaf04ecb0708aff12dd0d39b80047c79d420b74d3b2b2a7cec28,,7c90dfa9b0fd01ea69253bef1785d06bd9e9c697d5cb4347b2f63ca806e39d64,,,,,,,,,,,,,,,,,,,,,,,,,,,0.0046737672231132,0.0001629726205997,0.000697714416864,0.0013086365253746,0.0,0.0439681451296063,7.501989561679752e-05,0.0437727371766167,0118a54fc59a88219b813bd6ac9dd95e21640a702824d6baa4318001407bca7c,30.0,40.0,90.71420598798431,True,True,False,True,True,random-initialization equality-and-direction training,True
hmda_2019_mi,hmda_2019_mi,mlp,1009,soft,0.824045405833485,0.9460349754951192,0.9232153853441334,0.8649166666666667,0.1049514032481083,0.3492317446443311,0.072000738279808,0.0386470694185873,0.0267341739190734,0.993341209322307,0.7018087855297158,0.9431797972612485,11246.0,0.9880478087649402,0.7738095238095238,0.916445623342175,754.0,,,0.005232889858336,,0.0099504517085482,,0.0007154766545375,0.0440227015553935,,,0.0001951124335398,0.0,0.0006618819056347,,,,,,,,0.9998048875664602,interfair/training/mlp/runs/confirmation/hmda_oh/1009/equality_direction/selected.pt,interfair/training/mlp/runs/confirmation/hmda_oh/1009/equality_direction/DONE.json,interfair/training/transformer/auxiliary/transfer/hmda_2019_mi/mlp/1009/soft/audit.npz,,,,,,,,,,,0.0052934005573667,0.072000738279808,probability,0.0001629726205997,0.0263903429368102,0.0232052203527736,0.010811963630553,0.0099922449669776,0.0062283147656679,0.0057360355257991,0.0001618275731645,0.0346045764610286,0.989188036369447,,False,,aee48d98f922f7ef473c6287b1200b07b0f3182d120d04d2cfdeff8694f6331a,,02c7c3a89b97b415f3673eb251c53ebacb4e3f160421954c6b9a125e971b02d4,,,,,,,,,,,,,,,,,,,,,,,,,,,0.0043749097133787,0.0,0.0005839909352876,0.0005405854956753,0.0,0.0346045764610286,8.044320705130656e-05,0.0342816614449081,1af5753902676b04d28965459d08ef904a1c6ca17cac5140dcd950c1568c4f35,25.0,40.0,91.19640059600351,True,True,False,True,True,random-initialization equality-and-direction training,True
hmda_2020_oh,hmda_2020_oh,mlp,1000,erm,0.8317297005580072,0.9578297868879126,0.9396762657632224,0.8931666666666667,0.0864989996405039,0.3006009335778175,0.1430592987362121,0.089318374983214,0.1021796819078545,0.9809326424870466,0.607540173053152,0.9273162939297124,11268.0,0.9453551912568308,0.4644808743169399,0.825136612021858,732.0,,,0.2203229541308062,,0.0380657012287475,,0.0396349696496641,0.0847762541881074,,,0.8301935797662683,0.0485430405030145,0.050803447783029,,,,,,,,0.1698064202337317,interfair/training/mlp/runs/confirmation/hmda_oh/1000/erm/selected.pt,interfair/training/mlp/runs/confirmation/hmda_oh/1000/erm/DONE.json,interfair/training/transformer/auxiliary/transfer/hmda_2020_oh/mlp/1000/erm/audit.npz,,,,,,,,,,,0.0355774512302159,0.1430592987362121,probability,0.0048094443817981,0.2953232598568528,0.1750492106320032,0.2237763606158908,0.1204745736140387,0.1819715061160081,0.0962907432369632,0.0072923485063429,0.0817795452189798,0.1643275765140724,,False,,9d3caec05650d9e7e63f7eb5230b3b7692d071bba4b58093df946849ca639d45,,5effa9741cbedb5649c8a346b603acc0dcd78a80e99ba40cb8adba940d835e46,,,,,,,,,,,,,,,,,,,,,,,,,,,0.2268539753728439,0.801413547298115,0.0417584162194936,0.0574403158799317,0.0436549565183298,0.0817795452189798,0.0367714462810446,0.0679945509373633,774a909ca7b9d87ed29b0585a4c30a358d4019b64c44a87dd18f3467891cf58b,15.0,40.0,13.07789805601351,True,False,False,False,False,random-initialization ERM,True
hmda_2020_oh,hmda_2020_oh,mlp,1001,erm,0.8287234505304464,0.9563489969545932,0.9409999062001688,0.8951666666666667,0.0859367455027875,0.3019904992150362,0.1329442676987713,0.0780330500701167,0.0894786920162712,0.9848704663212436,0.619283065512979,0.9323748668796592,11268.0,0.9617486338797814,0.4863387978142076,0.842896174863388,732.0,,,0.3068508895239165,,0.0426001783776424,,0.0464001391195775,0.0845637961032803,,,0.8831538588188402,0.0670396838128687,0.055101360069408,,,,,,,,0.1168461411811597,interfair/training/mlp/runs/confirmation/hmda_oh/1001/erm/selected.pt,interfair/training/mlp/runs/confirmation/hmda_oh/1001/erm/DONE.json,interfair/training/transformer/auxiliary/transfer/hmda_2020_oh/mlp/1001/erm/audit.npz,,,,,,,,,,,0.0231218324414621,0.1329442676987713,probability,0.0088945044053988,0.3917007886354618,0.211344173753228,0.3088349728468496,0.1425163434524287,0.2636503505380206,0.1123554347050502,0.0109132216541066,0.0741255881729642,0.131288711480313,,False,,7897ba334ebd350ea166984bf0e4ae550dccf76421721eeb43e28cbe16a4c2c1,,ff5d32b373096dd34dca4693a75fe0d39a949e3f9d11236be70974e5cb07eff1,,,,,,,,,,,,,,,,,,,,,,,,,,,0.2846114221723718,0.8435932423701922,0.04501868598022,0.0501538039243128,0.0778266055194538,0.0741255881729642,0.0814815357079947,0.0537875480044067,0ead30108f526af7cc42de18d7fd9be94cdd37ce6fdd03a373b14a1517b7d61e,20.0,40.0,13.083222755987665,True,False,False,False,False,random-initialization ERM,True
hmda_2020_oh,hmda_2020_oh,mlp,1002,erm,0.8299374376612791,0.9571134149845708,0.9400981996726676,0.89325,0.0863657433182641,0.2999526487724611,0.1534377596303876,0.0922037463176429,0.0979794805542462,0.9872538860103628,0.6452410383189122,0.9381434149804756,11268.0,0.9562841530054644,0.4918032786885246,0.8401639344262295,732.0,,,0.1926725192697127,,0.0419083703499322,,0.0365246647135321,0.0786746548756778,,,0.8040307388819354,0.0325752741147143,0.0381168732332541,,,,,,,,0.1959692611180645,interfair/training/mlp/runs/confirmation/hmda_oh/1002/erm/selected.pt,interfair/training/mlp/runs/confirmation/hmda_oh/1002/erm/DONE.json,interfair/training/transformer/auxiliary/transfer/hmda_2020_oh/mlp/1002/erm/audit.npz,,,,,,,,,,,0.0309697330048982,0.1534377596303876,probability,0.0095192035114488,0.2846316249351229,0.1969991677633031,0.222940055817098,0.1504237588699508,0.193894320260419,0.1212021425669327,0.0090395244471121,0.0730392474552392,0.2158903909314493,,False,,16e26090633bd861118865dc8ba91350d71c16d67a79030fea817fdc94465763,,9843b7f441afafc3ffb8561828d1a175e6b776c6261c69e4a2e829868b8699d5,,,,,,,,,,,,,,,,,,,,,,,,,,,0.176663293722804,0.7368258445097017,0.0330876185327451,0.0432267724760282,0.031436595677074,0.0730392474552392,0.0443578088065822,0.0555172337377658,9dc65175f4c58972278db49e28e3acd2c4d4d40db525939886c1b6e09a1d1202,15.0,40.0,13.252514090039767,True,False,False,False,False,random-initialization ERM,True
hmda_2020_oh,hmda_2020_oh,mlp,1003,erm,0.8296233112096487,0.9562622490918562,0.9401253625222192,0.8933333333333333,0.0863142485521376,0.3006026072628854,0.102305348977014,0.0597441785892271,0.0755352456106659,0.9862176165803108,0.6378244746600742,0.936190983315584,11268.0,0.9690346083788708,0.5355191256830601,0.860655737704918,732.0,,,0.1686507017543163,,0.0326570276430223,,0.0309286751625974,0.0743635850548135,,,0.7843292070912138,0.0330421868748713,0.041507447566947,,,,,,,,0.2156707929087862,interfair/training/mlp/runs/confirmation/hmda_oh/1003/erm/selected.pt,interfair/training/mlp/runs/confirmation/hmda_oh/1003/erm/DONE.json,interfair/training/transformer/auxiliary/transfer/hmda_2020_oh/mlp/1003/erm/audit.npz,,,,,,,,,,,0.0171830082014402,0.102305348977014,probability,0.0071218478665086,0.301946887472706,0.2059805958951322,0.2321390834804274,0.1531860711008487,0.1962186027382247,0.1184384606906136,0.0075929002034166,0.0805637717466258,0.2361001440680817,,False,,53bf7d70159f169d6502c1921d810f77a304d561f1508ae3c735cfc53e2d21da,,7f4f87d110dc502bdfa52e1fde5c7588aeecd4ccb161184fb986a7e5c8e4ea2c,,,,,,,,,,,,,,,,,,,,,,,,,,,0.1605478855951941,0.7117444197186114,0.0287714816970233,0.0544851308091778,0.0285507978880647,0.0805637717466258,0.0358095121201484,0.0658896625953889,5aefc261c6666a768c5230e4f207584fc3e60d4d82a97a269a62214fe07c4d0c,15.0,40.0,13.111817253986374,True,False,False,False,False,random-initialization ERM,True
hmda_2020_oh,hmda_2020_oh,mlp,1004,erm,0.8291483106393758,0.9565490175257632,0.9401661269885964,0.89375,0.086034600643142,0.2998812005484131,0.1463454173336845,0.0906943448022556,0.1014187864080494,0.984041450777202,0.6217552533992583,0.9320198793042244,11268.0,0.9489981785063752,0.4754098360655737,0.8306010928961749,732.0,,,0.1946116047976275,,0.0378198371607985,,0.0331295630641289,0.0793905956934921,,,0.8234610701841417,0.0382522553942127,0.0413523359583382,,,,,,,,0.1765389298158582,interfair/training/mlp/runs/confirmation/hmda_oh/1004/erm/selected.pt,interfair/training/mlp/runs/confirmation/hmda_oh/1004/erm/DONE.json,interfair/training/transformer/auxiliary/transfer/hmda_2020_oh/mlp/1004/erm/audit.npz,,,,,,,,,,,0.0350432722708268,0.1463454173336845,probability,0.0074354265614863,0.2403678985554477,0.1574856827247256,0.1859958739155512,0.1221624786223168,0.1574237996150053,0.1018189276089715,0.0075523931355569,0.0771968848264459,0.2113533666990096,,False,,2ae621ad09dfbcdac0c45d1f46e4ca5f812418d514387c0bd00261c3fd28b46a,,765cd235d4c3207b186f981ee0f5f651a823aa387e5ec32e5726b62d67236293,,,,,,,,,,,,,,,,,,,,,,,,,,,0.1668586991391391,0.7573679525276484,0.0318346976377483,0.0451211908809296,0.0264414013942954,0.0771968848264459,0.0427952894735747,0.0625124496152978,f17208c527e6282bf36c5a9130adafaad14fed288532e4e86ee0dd4062fab8e2,15.0,40.0,13.231994018016849,True,False,False,False,False,random-initialization ERM,True
hmda_2020_oh,hmda_2020_oh,mlp,1005,erm,0.8264923088833164,0.9561370438429296,0.9405899072736592,0.89375,0.0866155654551346,0.3011102533159813,0.1081615973305775,0.0591767338087903,0.0698074337889976,0.9901554404145078,0.6600741656365884,0.9427582534611288,11268.0,0.9799635701275046,0.5519125683060109,0.8729508196721312,732.0,,,0.1404542927154894,,0.0361006589788317,,0.027125657509671,0.0698745570531096,,,0.728286432621422,0.0260418978971904,0.0355805395792747,,,,,,,,0.271713567378578,interfair/training/mlp/runs/confirmation/hmda_oh/1005/erm/selected.pt,interfair/training/mlp/runs/confirmation/hmda_oh/1005/erm/DONE.json,interfair/training/transformer/auxiliary/transfer/hmda_2020_oh/mlp/1005/erm/audit.npz,,,,,,,,,,,0.0101918702870031,0.1081615973305775,probability,0.0077112079485528,0.2750786555058161,0.1779391059258846,0.1967905243661208,0.1328598854931295,0.1629054287471668,0.1077834179781183,0.0067760239286856,0.0639709023847821,0.2401033940666959,,False,,ba3c1299f8aad436a907e1235382cdf6b5d2a636b87baf082747bd425a8ddaf8,,e80e5d75e9b28f2e02b83028a6696bd93b1ac24a61504b9e5e60305fc7f90a81,,,,,,,,,,,,,,,,,,,,,,,,,,,0.1387750510022399,0.7126633038146842,0.0250064156033668,0.0405011438623943,0.0245264480066408,0.0639709023847821,0.0252011014059964,0.0508497516851842,e4b75293fbe29699d0a5858e23274b7b1cc9ad8426e86ef8604b398ed8c00200,10.0,40.0,13.05030566395726,True,False,False,False,False,random-initialization ERM,True
hmda_2020_oh,hmda_2020_oh,mlp,1006,erm,0.8298141280576495,0.957106182940424,0.9405754991095698,0.8943333333333333,0.0860987362967667,0.3001273877902242,0.1774740454044999,0.1081538616085987,0.111266781892142,0.9860103626943004,0.6310259579728059,0.9350372736954208,11268.0,0.9471766848816028,0.453551912568306,0.8237704918032787,732.0,,,0.202003418320037,,0.0401702418717487,,0.039372704857018,0.0805166642968923,,,0.8247391229512213,0.0485576605011899,0.055716114893763,,,,,,,,0.1752608770487786,interfair/training/mlp/runs/confirmation/hmda_oh/1006/erm/selected.pt,interfair/training/mlp/runs/confirmation/hmda_oh/1006/erm/DONE.json,interfair/training/transformer/auxiliary/transfer/hmda_2020_oh/mlp/1006/erm/audit.npz,,,,,,,,,,,0.0388336778126976,0.1774740454044999,probability,0.0106091788124174,0.3043526024849687,0.1991349518711286,0.2367411568805829,0.1477152006335529,0.2019594757505077,0.1195784868474486,0.0090587382560243,0.0844089867451644,0.1840289971970438,,False,,4a9d7f1c17165e2fd8167a9f4b11ae267f8253f3dde3631ee250a8ea6ba3d193,,c55cac5ba3618e36e191b16b06a55aa5641a5f30a2f9595b26aa16167e6e7c90,,,,,,,,,,,,,,,,,,,,,,,,,,,0.1821910038681737,0.774811968151309,0.038461324479874,0.0647252430976707,0.0329718029003594,0.0844089867451644,0.0376974556403284,0.0669049405808994,0fadab34103d4f46c1770cfa6fc046dac05975e0d18a35df036fdb41b9589988,15.0,40.0,13.121864139975514,True,False,False,False,False,random-initialization ERM,True
hmda_2020_oh,hmda_2020_oh,mlp,1007,erm,0.8286203386588019,0.9562553714097772,0.9408134642356242,0.8945,0.0857375300079459,0.2988444495447923,0.1320999412348781,0.0810904115510253,0.092603746573788,0.9881865284974092,0.6402966625463535,0.9382321618743344,11268.0,0.9581056466302368,0.5081967213114754,0.8456284153005464,732.0,,,0.1360018471699911,,0.0365554327364232,,0.0259861550132785,0.0685045666671987,,,0.7408161384635269,0.0225673265840067,0.038556598748223,,,,,,,,0.2591838615364731,interfair/training/mlp/runs/confirmation/hmda_oh/1007/erm/selected.pt,interfair/training/mlp/runs/confirmation/hmda_oh/1007/erm/DONE.json,interfair/training/transformer/auxiliary/transfer/hmda_2020_oh/mlp/1007/erm/audit.npz,,,,,,,,,,,0.0300808818671725,0.1320999412348781,probability,0.004492213535289,0.2591998536479987,0.1954026989126281,0.200260215345488,0.1390590532187372,0.1664913376511104,0.1108287489510371,0.0062254349718197,0.0713892370797449,0.2782519156761378,,False,,8b8d74e96c24c90b67764e9bfd3d658361f4e45b4f8801621c7f7b75092c8e45,,45756e9357d74f97046a354f13cb6966cdecc41ca5d71126fdcf6559c134e8c5,,,,,,,,,,,,,,,,,,,,,,,,,,,0.120873225724875,0.6624134663858813,0.0260363748405067,0.0453396966355369,0.0160366388290248,0.0713892370797449,0.0255156436561494,0.0592084625033095,d45707e4d988ae2821a7b25419d9708b4c5678a4dd1d7ced2f7a644cac8419f8,10.0,40.0,13.10724191594636,True,False,False,False,False,random-initialization ERM,True
hmda_2020_oh,hmda_2020_oh,mlp,1008,erm,0.8305288337867661,0.9571723069724446,0.9392738966304702,0.8914166666666666,0.0877275505137361,0.3049389002296145,0.1642383837565098,0.0998619554521574,0.1014595226871977,0.9899481865284974,0.6724351050679852,0.9443556975505856,11268.0,0.9544626593806922,0.5081967213114754,0.842896174863388,732.0,,,0.2076403865175723,,0.037097979434682,,0.0367635415124361,0.0667333826646098,,,0.8201566806093167,0.0447566747183766,0.0417144333382938,,,,,,,,0.1798433193906833,interfair/training/mlp/runs/confirmation/hmda_oh/1008/erm/selected.pt,interfair/training/mlp/runs/confirmation/hmda_oh/1008/erm/DONE.json,interfair/training/transformer/auxiliary/transfer/hmda_2020_oh/mlp/1008/erm/audit.npz,,,,,,,,,,,0.0354855271478051,0.1642383837565098,probability,0.0054179193600205,0.3456621243026828,0.1898456070343072,0.26079630537633,0.1213197318354361,0.2097224788102819,0.0911859719400278,0.0069351179732998,0.0572166105014069,0.2098065484610364,,False,,5510ac5625a12d7a22673a1b185e25a5b761f7ee9372126883c41b2a88f7a43b,,d923ddfb61f259699e58e298db564ec2bfec8db05ed045b5081282101e12c880,,,,,,,,,,,,,,,,,,,,,,,,,,,0.1738384914993659,0.752139737873448,0.0324522195913931,0.0484388252612604,0.056261220258253,0.0572166105014069,0.0332492605109254,0.0442563853599837,db018527c9686692995fc4a9b2932638682ab1a8ed5272c8cc27f73621e45225,15.0,40.0,13.043268627952784,True,False,False,False,False,random-initialization ERM,True
hmda_2020_oh,hmda_2020_oh,mlp,1009,erm,0.8309306107734267,0.9569517741384416,0.9393626022374728,0.8925,0.0864075724887944,0.3004371042912511,0.17057758684742,0.1053653339071137,0.111406449134936,0.9818652849740932,0.6186650185414091,0.9297124600638976,11268.0,0.941712204007286,0.448087431693989,0.8183060109289617,732.0,,,0.1594468992166073,,0.0406941210114172,,0.035702266045693,0.08340745116331,,,0.7779279760620921,0.0396607711989121,0.0546645121239684,,,,,,,,0.2220720239379079,interfair/training/mlp/runs/confirmation/hmda_oh/1009/erm/selected.pt,interfair/training/mlp/runs/confirmation/hmda_oh/1009/erm/DONE.json,interfair/training/transformer/auxiliary/transfer/hmda_2020_oh/mlp/1009/erm/audit.npz,,,,,,,,,,,0.0401530809668073,0.17057758684742,probability,0.009387042561762,0.2700356242178873,0.1636575163462897,0.226112285952176,0.122453130711403,0.1949382652244986,0.0946269325701154,0.0077676249513154,0.0877869319885026,0.2172421203357639,,False,,c4ab9993e3f11323e51d7a6a70595700e709f144b87966e942d0164914fdc3aa,,c0d7948374ad74f253f061efcf33296588de3926a8c89df86d1056f3e446b681,,,,,,,,,,,,,,,,,,,,,,,,,,,0.1687944778068512,0.7569084410751351,0.0371320467671037,0.0632344309859469,0.0438110736941032,0.0877869319885026,0.0260966526486327,0.0729403567388582,ae8b008177251b4897d729b2b9126fcffdee47247dcd93cc184bb60ba4b9e254,10.0,40.0,13.054647051962093,True,False,False,False,False,random-initialization ERM,True
,hmda_2020_oh,mlp,1000,no_decision,0.8294511132951761,0.9564521705666116,0.940541043907436,0.8935833333333333,0.0855539992765751,0.2971885771419617,0.0407336859240646,0.0206835752213451,0.045039776066854,0.9902590673575128,0.6582200247218789,0.9425807596734116,11268.0,0.9908925318761383,0.6174863387978142,0.8975409836065574,732.0,,,0.006104215660954,,0.0133785627947252,,0.0019890280292716,0.0455574034658316,,,0.0004380238538439,0.0,0.0028334897105388,,,,,,,,,interfair/studies/requirements/ablations/confirmation/hmda_oh/1000/no_decision/selected.pt,,interfair/studies/requirements/decision_transfer/hmda_2020_oh/1000/audit.npz,,,,,,,,,,,0.0006334645186255,0.0407336859240646,,0.0,0.0030048473096004,0.0028506215230488,0.001503336692683,0.000778573787179,0.0001570351758793,0.0001570351758793,1.3888070097817838e-05,0.0495972114302649,0.9984966633073168,,,,1f40e4f0577847bc1df3b15c979a656220b509e1727389229c99540e8573cfa2,,,,,,,,,,,,,,,,,,,,,,,,,,,,,0.0052711816068118,0.0,0.0019801218400445,0.00243150080132,0.0,0.0495972114302649,9.191433442707913e-06,0.0495694587137087,,,,,,,,,,,
,hmda_2020_oh,mlp,1001,no_decision,0.8170034579497103,0.9531047911013972,0.9385335124368892,0.8894166666666666,0.0891784690349552,0.3083884404694729,0.0006538501467576,0.0005481386069188,0.0317015543800229,0.9933678756476684,0.6990111248454882,0.951100461483848,11268.0,0.9927140255009108,0.6994535519125683,0.9193989071038252,732.0,,,0.0104562698993233,,0.010799376194583,,0.0028881430821449,0.0418121023081117,,,0.0022433017686224,0.0,0.0032245332244439,,,,,,,,,interfair/studies/requirements/ablations/confirmation/hmda_oh/1001/no_decision/selected.pt,,interfair/studies/requirements/decision_transfer/hmda_2020_oh/1001/audit.npz,,,,,,,,,,,0.0006538501467576,0.00044242706708,,0.0,0.0089517951567949,0.0071010857181767,0.0012361240249588,0.0010818982384073,0.000616903146206,0.0004626773596545,2.106018951469692e-05,0.0454862679150684,0.9979829844553152,,,,e513b841253d6c201de2805bc56238297dd10f824a041494b00e24c8663c9631,,,,,,,,,,,,,,,,,,,,,,,,,,,,,0.0083843317857193,0.0007808915197258,0.0026956394841284,0.0034758122858799,0.0,0.0454862679150684,1.259511844108688e-05,0.0454446232574448,,,,,,,,,,,
,hmda_2020_oh,mlp,1002,no_decision,0.8183859682055034,0.9532632616909128,0.9403733630537754,0.893,0.0892657359752564,0.3117565445821877,0.0185616729822285,0.0092968807354775,0.0297302094426695,0.9927461139896372,0.6699629171817059,0.9463968761093362,11268.0,0.9927140255009108,0.6885245901639344,0.9166666666666666,732.0,,,0.0087856130670228,,0.0112564897439317,,0.002104304941816,0.0442541541236863,,,0.0008035546716885,0.0,0.0029618115082815,,,,,,,,,interfair/studies/requirements/ablations/confirmation/hmda_oh/1002/no_decision/selected.pt,,interfair/studies/requirements/decision_transfer/hmda_2020_oh/1002/audit.npz,,,,,,,,,,,3.208848872660042e-05,0.0185616729822285,,0.0001570351758793,0.0133453067534986,0.0104580817901644,0.0035553675978352,0.0030926902381807,0.001596306743138,0.0007224451729572,5.617059838880048e-05,0.0525067075490429,0.9956599481795488,,,,bc1f3ff7bb6893500c99d6606681f3a13275a8620be8a752743cb353921a214d,,,,,,,,,,,,,,,,,,,,,,,,,,,,,0.0091183328206136,0.0007846842226158,0.0018052907300716,0.0047273176764629,0.0,0.0525067075490429,3.906461719026083e-05,0.0523955947239994,,,,,,,,,,,
,hmda_2020_oh,mlp,1003,no_decision,0.8305756805478799,0.9565453575445836,0.940322130155479,0.8931666666666667,0.0850968508643271,0.2960187429088048,0.0255763372442534,0.0131049008814395,0.0411189091988337,0.9902590673575128,0.6594561186650185,0.9427582534611288,11268.0,0.9908925318761383,0.6338797814207651,0.9016393442622952,732.0,,,0.0049337591752159,,0.0127563647490071,,0.002008584451153,0.0451512263987518,,,0.0001446529889464,0.0,0.0031474074654753,,,,,,,,,interfair/studies/requirements/ablations/confirmation/hmda_oh/1003/no_decision/selected.pt,,interfair/studies/requirements/decision_transfer/hmda_2020_oh/1003/audit.npz,,,,,,,,,,,0.0006334645186255,0.0255763372442534,,0.0001542257865515,0.0180734197968281,0.0171967488373193,0.0078212131585872,0.0069450338558595,0.0044261817827402,0.0041149208203093,0.0001461255930115,0.0449986397816107,0.9917086646273368,,,,606f73da010c02ce0fa1c8129347d41c84aeb6807fb222e79d9c112df716ce21,,,,,,,,,,,,,,,,,,,,,,,,,,,,,0.0050384298324687,0.000470122214076,0.0016776221448631,0.0031627252476833,0.0,0.0449986397816107,0.0002691466297178,0.0447064868223059,,,,,,,,,,,
,hmda_2020_oh,mlp,1004,no_decision,0.8213515233418002,0.9539825444482914,0.9391634980988594,0.8906666666666667,0.0881548874091159,0.305221421693792,0.0364749032401873,0.0183571228074621,0.0412993127207761,0.9929533678756476,0.69221260815822,0.9497692580759672,11268.0,0.9927140255009108,0.6557377049180327,0.9084699453551912,732.0,,,0.0082113232985574,,0.0106849115279332,,0.0026390461417312,0.0396215398331909,,,0.0011053183004945,0.0,0.003576835797895,,,,,,,,,interfair/studies/requirements/ablations/confirmation/hmda_oh/1004/no_decision/selected.pt,,interfair/studies/requirements/decision_transfer/hmda_2020_oh/1004/audit.npz,,,,,,,,,,,0.0002393423747369,0.0364749032401873,,0.0,0.0089227614574045,0.0069045246032097,0.0016473082354852,0.0014930824489336,0.0003107693056498,0.0001565435190983,2.0970051482183992e-05,0.037185862826736,0.9972549205037023,,,,2c6a47ac519d8f248e819188fbc1515b514a10d6eee080de0b44e903b06a7575,,,,,,,,,,,,,,,,,,,,,,,,,,,,,0.0074992196905109,0.0010977712608125,0.0021125858921272,0.0035347502894296,0.0,0.037185862826736,1.292220986693968e-05,0.0371445027797656,,,,,,,,,,,
,hmda_2020_oh,mlp,1005,no_decision,0.8253442229777348,0.955422450822458,0.939668034315554,0.8921666666666667,0.0864585738287242,0.3006381978800934,0.0066127648652116,0.0048148245364781,0.0351917805827615,0.9878756476683938,0.6514215080346106,0.9395633652822152,11268.0,0.9908925318761383,0.644808743169399,0.9043715846994536,732.0,,,0.0058011065256838,,0.011333257773578,,0.0023930401884176,0.0485858241017507,,,0.0002123480384349,0.0,0.0041029373875402,,,,,,,,,interfair/studies/requirements/ablations/confirmation/hmda_oh/1005/no_decision/selected.pt,,interfair/studies/requirements/decision_transfer/hmda_2020_oh/1005/audit.npz,,,,,,,,,,,0.0030168842077447,0.0066127648652116,,0.000308451573103,0.019216886604501,0.0180266369500146,0.0062520169951658,0.0047556335001231,0.0024829939504482,0.0023259587745688,0.0001175703078877,0.0471170154982508,0.993747983004834,,,,a846f6148065c94b9d9d399949ff78ee339745135a5b94d89dcc1e921096b1ff,,,,,,,,,,,,,,,,,,,,,,,,,,,,,0.0050188598719142,0.0,0.0020263092610823,0.004886178928108,0.0,0.0471170154982508,0.0001042219362922,0.0468820220356153,,,,,,,,,,,
,hmda_2020_oh,mlp,1006,no_decision,0.8284022194857592,0.9559456998575928,0.939882085325658,0.8920833333333333,0.0869397889574274,0.3032493947834223,0.0113308611454471,0.0067155735552542,0.0347160390369943,0.9924352331606218,0.6779975278121138,0.9472843450479234,11268.0,0.994535519125683,0.6666666666666666,0.912568306010929,732.0,,,0.0048750248556261,,0.0120129194743171,,0.0010908725929082,0.0456276023582787,,,0.0006853626309601,0.0,0.0022331503211676,,,,,,,,,interfair/studies/requirements/ablations/confirmation/hmda_oh/1006/no_decision/selected.pt,,interfair/studies/requirements/decision_transfer/hmda_2020_oh/1006/audit.npz,,,,,,,,,,,0.0021002859650612,0.0113308611454471,,0.0,0.0052690586912916,0.0048012542097624,0.0020146978121379,0.0018604720255864,0.0012412511468335,0.001087025360282,3.940509970742576e-05,0.0471510455266063,0.9978282670119828,,,,d4cbad52f8b51d73b0e30e7fbe6fb4dc54e49dd5ffd8040f5569c6251c73a9fc,,,,,,,,,,,,,,,,,,,,,,,,,,,,,0.0039466038146952,0.0001570351758793,0.0009407192009068,0.0017569940705488,0.0,0.0471510455266063,2.85332842374422e-05,0.047072505635063,,,,,,,,,,,
,hmda_2020_oh,mlp,1007,no_decision,0.8283182165195779,0.9559199445060304,0.939524938409334,0.8915833333333333,0.0861481687721438,0.2989546369156425,0.0166974001499524,0.0093171117891621,0.0365957273462642,0.9907772020725388,0.6724351050679852,0.9450656727014556,11268.0,0.9927140255009108,0.6557377049180327,0.9084699453551912,732.0,,,0.0048751049949106,,0.011137960045606,,0.0019189908614332,0.0415639496727598,,,9.868456557974868e-05,0.0,0.0027537078121329,,,,,,,,,interfair/studies/requirements/ablations/confirmation/hmda_oh/1007/no_decision/selected.pt,,interfair/studies/requirements/decision_transfer/hmda_2020_oh/1007/audit.npz,,,,,,,,,,,0.0019368234283718,0.0166974001499524,,0.0003112609624309,0.0170237592600121,0.0160904680295004,0.0062005238460375,0.0054785703298614,0.0022721478928938,0.0021179221063423,8.423803657755186e-05,0.0393140709373707,0.9937994761539624,,,,b751afa0e04f5fa58f1930b936ca538f7fd3ca9d076319827c44c09c03b9f19e,,,,,,,,,,,,,,,,,,,,,,,,,,,,,0.0043925645240209,0.0,0.0017453272511136,0.0021286680068727,0.0,0.0393140709373707,9.755007372102028e-05,0.0391457882971426,,,,,,,,,,,
,hmda_2020_oh,mlp,1008,no_decision,0.8218962904714776,0.9537980968939967,0.9387604070305272,0.8896666666666667,0.0884173265155155,0.3067387639825615,0.0203752862266712,0.0104328369183697,0.0359075752020809,0.9950259067357512,0.7088998763906057,0.9539403620873268,11268.0,0.994535519125683,0.6885245901639344,0.918032786885246,732.0,,,0.0074071330736292,,0.0093003635946824,,0.0023568351459222,0.0369621768965795,,,0.0009982089313358,0.0,0.0023956730224303,,,,,,,,,interfair/studies/requirements/ablations/confirmation/hmda_oh/1008/no_decision/selected.pt,,interfair/studies/requirements/decision_transfer/hmda_2020_oh/1008/audit.npz,,,,,,,,,,,0.0004903876100682,0.0203752862266712,,0.0,0.0066452484466881,0.0057142749487232,0.0013393483191632,0.0010308967460602,0.0003112609624309,0.0001570351758793,2.1544332843112358e-05,0.0354719134692815,0.9980334942908812,,,,425d29ca61de2192dfb4fb4c1d379c70205bc0ee4c840f8d6ebb91bfa172326a,,,,,,,,,,,,,,,,,,,,,,,,,,,,,0.0061248710904465,0.0007813831765069,0.0018947764283605,0.0014029217878065,0.0,0.0354719134692815,1.2094877243491962e-05,0.0354293759831553,,,,,,,,,,,
,hmda_2020_oh,mlp,1009,no_decision,0.8247710102551671,0.9544414472559192,0.9409842188813148,0.8946666666666667,0.0858681880095877,0.2994016789122569,0.0367315784852108,0.0189116710625889,0.0456231777789416,0.987979274611399,0.6378244746600742,0.937699680511182,11268.0,0.989071038251366,0.6010928961748634,0.8920765027322405,732.0,,,0.0048104838604499,,0.0185229281788643,,0.0015258925326991,0.0509869616747148,,,0.0002398627676308,0.0,0.0030829116573457,,,,,,,,,interfair/studies/requirements/ablations/confirmation/hmda_oh/1009/no_decision/selected.pt,,interfair/studies/requirements/decision_transfer/hmda_2020_oh/1009/audit.npz,,,,,,,,,,,0.0010917636399671,0.0367315784852108,,0.0004654867489824,0.0277333255354219,0.0268566545759131,0.0159567663953329,0.0151800186839195,0.0102793328828428,0.0098138461338603,0.0002936477046345,0.0509283106353694,0.9835721280770288,,,,22609dc4db8052526e4c48cb6802b0922eeb41071606cd1508732a98b25e189a,,,,,,,,,,,,,,,,,,,,,,,,,,,,,0.0049076441190645,0.0004711055276381,0.0012263137735118,0.002909910632021,0.0,0.0509283106353694,0.0005185604540881,0.0503410901520621,,,,,,,,,,,
hmda_2020_oh,hmda_2020_oh,mlp,1000,soft,0.8280202591418011,0.9562180156395071,0.9397422823769352,0.8916666666666667,0.0869243223334337,0.301334841780919,0.023073753605274,0.0118616311841314,0.0376446865343319,0.9938860103626944,0.6897404202719407,0.9502129925452608,11268.0,0.994535519125683,0.6666666666666666,0.912568306010929,732.0,,,0.0090587155923737,,0.0110377091162726,,0.0010349654284024,0.0433712847001711,,,0.0007859354869813,0.0,0.0004330457605039,,,,,,,,0.9992140645130188,interfair/training/mlp/runs/confirmation/hmda_oh/1000/equality_direction/selected.pt,interfair/training/mlp/runs/confirmation/hmda_oh/1000/equality_direction/DONE.json,interfair/training/transformer/auxiliary/transfer/hmda_2020_oh/mlp/1000/soft/audit.npz,,,,,,,,,,,0.0006495087629887,0.023073753605274,probability,0.0001570351758793,0.0049210968439861,0.003729021113734,0.001710530598706,0.0013992696362751,0.0009309734979648,0.0007739383220854,2.570825311794985e-05,0.0454591727381432,0.9973472583460176,,False,,5d1b7699ca40bcec3b8bf90eafe413cb15990be842a1ffc9e8cc6bbf5638cafe,,460a4371f3cd1410186040f70751acac1078cb96c2cf492aa27562b842be9b8d,,,,,,,,,,,,,,,,,,,,,,,,,,,0.0083828888196195,0.0009422110552763,0.00098006014295,0.0001542257865515,0.0,0.0454591727381432,1.5690078852019766e-05,0.0454082119208773,ff4ef30952f0c2cb64c065b57ed762d60202a925b10eb341b5b640042a54bb7e,15.0,40.0,89.93227871903218,True,True,False,True,True,random-initialization equality-and-direction training,True
hmda_2020_oh,hmda_2020_oh,mlp,1001,soft,0.8225792569074746,0.9547556632833062,0.938853089796486,0.8900833333333333,0.088972036556279,0.3077751230769489,0.0341006572237195,0.0171181863277256,0.0402881800776316,0.9928497409326424,0.6953028430160693,0.9501242456514022,11268.0,0.9927140255009108,0.6612021857923497,0.9098360655737704,732.0,,,0.0064504111288952,,0.0104237570725009,,0.0009188572043939,0.0458764533849001,,,0.0001738047749098,0.0,0.0003939909267653,,,,,,,,0.9998261952250902,interfair/training/mlp/runs/confirmation/hmda_oh/1001/equality_direction/selected.pt,interfair/training/mlp/runs/confirmation/hmda_oh/1001/equality_direction/DONE.json,interfair/training/transformer/auxiliary/transfer/hmda_2020_oh/mlp/1001/soft/audit.npz,,,,,,,,,,,0.0001357154317317,0.0341006572237195,probability,0.0,0.0254595734971437,0.0224672981638395,0.0076341766346404,0.0065981527667055,0.0036091784795102,0.0029894659439763,0.0001224503618353,0.0385617642848551,0.99220878818948,,False,,21ad9782bd6d72e96037af301cd77027922aa7797c11156b9f28990614b0998e,,03d89c4d4961f620a0b4fd2673835de99c368bffb13e042a55f4bd0f487a85fb,,,,,,,,,,,,,,,,,,,,,,,,,,,0.005181805872071,0.0001570351758793,0.0007012702080556,0.0003130870381966,0.0,0.0385617642848551,0.0001062322032681,0.0383179569689616,424f5092b3d304e0f77a714bfa94ad0b1fb23e0f728505b83a78d0e4469e64eb,20.0,40.0,89.82894544798182,True,True,False,True,True,random-initialization equality-and-direction training,True
hmda_2020_oh,hmda_2020_oh,mlp,1002,soft,0.8148242533276853,0.9525572148308998,0.9379476043062422,0.8880833333333333,0.0921458482083012,0.3198948264856154,0.0213884779833432,0.0110430597397109,0.0248549497488899,0.9952331606217616,0.7163164400494437,0.9551828186013488,11268.0,0.994535519125683,0.7377049180327869,0.930327868852459,732.0,,,0.009855136229242,,0.0111642344132207,,0.0015409261672946,0.0424907041412643,,,0.0013014092053403,0.0,0.0019558568370739,,,,,,,,0.9986985907946596,interfair/training/mlp/runs/confirmation/hmda_oh/1002/equality_direction/selected.pt,interfair/training/mlp/runs/confirmation/hmda_oh/1002/equality_direction/DONE.json,interfair/training/transformer/auxiliary/transfer/hmda_2020_oh/mlp/1002/soft/audit.npz,,,,,,,,,,,0.0006976414960786,0.0213884779833432,probability,0.0,0.0045265966876167,0.0034442067924283,0.0008738615701808,0.0007196357836293,0.0,0.0,9.711092598508369e-06,0.0499721555317241,0.9974629571719288,,False,,96e7ed98a1cdf6e17b82b1243d19b1b8c0eda17c81d59c914512e7de357e11d5,,1386f1280dd2c237a18c6c6f5a3ec365243b0585fcb205da688c1c069a017205,,,,,,,,,,,,,,,,,,,,,,,,,,,0.0092157488818557,0.0016631812578903,0.001421303179761,0.0018141059983328,0.0,0.0499721555317241,3.0266350688169308e-06,0.0499534952051612,b79d9eaef74f57a532090085b49fdf06c2093d413834f6e6b737a8c4fb62a393,5.0,40.0,90.89341722801328,True,True,False,True,True,random-initialization equality-and-direction training,True
hmda_2020_oh,hmda_2020_oh,mlp,1003,soft,0.8299792758203914,0.9565250694014054,0.9404022961683856,0.8935833333333333,0.0854541543198215,0.2973486288165347,0.0083265853129099,0.0076807567050341,0.0449670327112321,0.9882901554404144,0.6409147095179234,0.9384096556620518,11268.0,0.9799635701275046,0.6338797814207651,0.8934426229508197,732.0,,,0.0056169568360198,,0.0134190060243197,,0.0007818517575427,0.049483685039899,,,5.463286713286713e-05,0.0,0.0007939690787708,,,,,,,,0.9999453671328672,interfair/training/mlp/runs/confirmation/hmda_oh/1003/equality_direction/selected.pt,interfair/training/mlp/runs/confirmation/hmda_oh/1003/equality_direction/DONE.json,interfair/training/transformer/auxiliary/transfer/hmda_2020_oh/mlp/1003/soft/audit.npz,,,,,,,,,,,0.0083265853129099,0.0070349280971583,probability,0.0001542257865515,0.0093696789041284,0.0087504580253756,0.0055050169709866,0.0055050169709866,0.0031380729518721,0.0031380729518721,9.666055130289191e-05,0.0606752455827263,0.9944949830290132,,False,,b96f25bb93d0bc6b540a4fa8d485d8acebd340976028a1e51df5e0b266eba41e,,bc96b495870a6da36a63afac0121f54e1f3a4f9cba8dae49e2dcc174f4ee4ffc,,,,,,,,,,,,,,,,,,,,,,,,,,,0.0063933098969857,0.0,0.0007018988657473,0.0004626773596545,0.0,0.0606752455827263,0.0001841081047723,0.0604820072787508,26f713e4f4d18fcb551890700b27e7ea1ea6087c6d8d1e6fa8da497177632092,35.0,40.0,90.118913038983,True,True,False,True,True,random-initialization equality-and-direction training,True
hmda_2020_oh,hmda_2020_oh,mlp,1004,soft,0.8181719593525816,0.9533949068662992,0.938864426419467,0.8900833333333333,0.0895686765679458,0.3098358908622421,0.0170891676291988,0.0087160684734705,0.0362785663157527,0.9930569948186528,0.6946847960444994,0.9502129925452608,11268.0,0.9927140255009108,0.6775956284153005,0.9139344262295082,732.0,,,0.0101169676061724,,0.0119782103545024,,0.0012994458497568,0.0459131168217768,,,0.0017529028441159,0.0,0.0006102505622662,,,,,,,,0.998247097155884,interfair/training/mlp/runs/confirmation/hmda_oh/1004/equality_direction/selected.pt,interfair/training/mlp/runs/confirmation/hmda_oh/1004/equality_direction/DONE.json,interfair/training/transformer/auxiliary/transfer/hmda_2020_oh/mlp/1004/soft/audit.npz,,,,,,,,,,,0.0003429693177421,0.0170891676291988,probability,0.0,0.0147737079344347,0.011207594436069,0.0042484161889807,0.0029011313586149,0.0018108049522239,0.0012430772225992,5.777460242983745e-05,0.0430616464722149,0.994810847726086,,False,,68d45046cda12c3146250b70fdcac5f23a1df32c3502fcb92469f44a2bef91da,,cd567b76bea013a924da21cfd67ae4c81124bc2acd0ef0f1e1b1c0c4c68042f4,,,,,,,,,,,,,,,,,,,,,,,,,,,0.0086402915236375,0.0009407360849331,0.0011432501011701,0.0011874402651585,0.0,0.0430616464722149,3.874384397126414e-05,0.0429479864128443,4f96a7f830399286b589758cf2a66f6d507cb2a7251e1a16356722f315880d4a,10.0,40.0,90.71303062001245,True,True,False,True,True,random-initialization equality-and-direction training,True
hmda_2020_oh,hmda_2020_oh,mlp,1005,soft,0.8166966810771041,0.952918849293307,0.9382271468144044,0.8885,0.0907058373310155,0.3134789542305413,0.0115976683080373,0.0067176030885864,0.027818514056926,0.9963730569948188,0.7206427688504327,0.9567802626908058,11268.0,0.994535519125683,0.73224043715847,0.9289617486338798,732.0,,,0.0088771790734903,,0.0103892052779871,,0.0017082954790248,0.0401491298090655,,,0.0007305448928034,0.0,0.0013213646036854,,,,,,,,0.9992694551071966,interfair/training/mlp/runs/confirmation/hmda_oh/1005/equality_direction/selected.pt,interfair/training/mlp/runs/confirmation/hmda_oh/1005/equality_direction/DONE.json,interfair/training/transformer/auxiliary/transfer/hmda_2020_oh/mlp/1005/soft/audit.npz,,,,,,,,,,,0.0018375378691356,0.0115976683080373,probability,0.0,0.0135231854567326,0.0095648081555215,0.0018507094386181,0.001233806292412,0.000616903146206,0.000616903146206,3.216126447949485e-05,0.0418381442698369,0.9976842954691804,,False,,48a0b5d75b438097a91aa56d22ae9e49a2bf8796ddb3e82422f52356ea5d4116,,d408ebb2040edad5199b6f3f036e24dab15b1dcae702fb2d4764dd2b32442960,,,,,,,,,,,,,,,,,,,,,,,,,,,0.007328404107665,0.0004649950922013,0.0014890162985653,0.0011925673870332,0.0,0.0418381442698369,1.2880283644345122e-05,0.0417747245660139,8d371266edcc9893e112751c5716f3896f565a854dba2451e7e9524415d794e7,10.0,40.0,89.85851246397942,True,True,False,True,True,random-initialization equality-and-direction training,True
hmda_2020_oh,hmda_2020_oh,mlp,1006,soft,0.8102925845633036,0.950959855204754,0.9376821651630812,0.88775,0.0940238549203488,0.3270129895600704,0.0166399859504077,0.008800187771206,0.0252797709457218,0.9935751295336788,0.7101359703337453,0.9528753993610224,11268.0,0.994535519125683,0.726775956284153,0.9275956284153004,732.0,,,0.0114230583663182,,0.0113243578636311,,0.0016651177386867,0.0420057146035634,,,0.0030853133019408,0.0,0.0015372137389888,,,,,,,,0.9969146866980592,interfair/training/mlp/runs/confirmation/hmda_oh/1006/equality_direction/selected.pt,interfair/training/mlp/runs/confirmation/hmda_oh/1006/equality_direction/DONE.json,interfair/training/transformer/auxiliary/transfer/hmda_2020_oh/mlp/1006/soft/audit.npz,,,,,,,,,,,0.0009603895920042,0.0166399859504077,probability,0.0001542257865515,0.0170430346610017,0.0128575871744087,0.0032438686394564,0.0020077446144975,0.0016992930413945,0.0010823898951884,5.220670991349639e-05,0.0440360103196274,0.9941545317502668,,False,,135047969120b23978d53c3e10a187a72e263ac22a75020b155902cf3b1cd95e,,19c75c1d246c94b115f64e7e6e292ecc4a1e1cdda1e68174eb5f5ce35b2ed694,,,,,,,,,,,,,,,,,,,,,,,,,,,0.0107653722223373,0.0026015996102766,0.0014938762697707,0.0012468699254893,0.0,0.0440360103196274,1.780027307635489e-05,0.0439338491310629,06c49048294c70f0488cabe3a9d7889c8ccbd4d2497bd77e774029a3f4675c7d,5.0,40.0,90.38682688598055,True,True,False,True,True,random-initialization equality-and-direction training,True
hmda_2020_oh,hmda_2020_oh,mlp,1007,soft,0.8318375488250227,0.9571351198014064,0.9397154904777352,0.8915833333333333,0.0865932817401468,0.3014615914251475,0.0255459414915534,0.0129422847127633,0.0382659147913428,0.9941968911917098,0.69221260815822,0.950834220802272,11268.0,0.994535519125683,0.6666666666666666,0.912568306010929,732.0,,,0.0042221086660267,,0.0122259987933237,,0.0008073320248014,0.044962611226021,,,0.0,0.0,0.0007860404202165,,,,,,,,1.0,interfair/training/mlp/runs/confirmation/hmda_oh/1007/equality_direction/selected.pt,interfair/training/mlp/runs/confirmation/hmda_oh/1007/equality_direction/DONE.json,interfair/training/transformer/auxiliary/transfer/hmda_2020_oh/mlp/1007/soft/audit.npz,,,,,,,,,,,0.0003386279339732,0.0255459414915534,probability,0.0,0.0188435114788849,0.0181238756952555,0.0073358661958123,0.0070246052333814,0.0028984625206456,0.0027414273447663,0.0001087820451633,0.0454174157986161,0.9926641338041876,,False,,ac6c5a45e46499209a050484feb16879f6caf45541d2cc794ff95dad6c09f41c,,58eab2c75ecac6e15378b913372e3d605c7abab01b211180a53fbf8ac8814914,,,,,,,,,,,,,,,,,,,,,,,,,,,0.0039341451408396,0.0,0.0007073460795526,0.0007813831765069,0.0,0.0454174157986161,0.0001180597234694,0.0451999981629781,e08be3236af1a8f20ec1515a5998ad3d97f112a9d08c036be8b6b0e02c9f39ec,35.0,40.0,89.58890584902838,True,True,False,True,True,random-initialization equality-and-direction training,True
hmda_2020_oh,hmda_2020_oh,mlp,1008,soft,0.8279315470009118,0.9556704034506174,0.9399368733754178,0.8921666666666667,0.08675978870366,0.301766467418566,0.0180314359629036,0.0090317622258151,0.0378920139434464,0.9927461139896372,0.6792336217552534,0.9477280795172168,11268.0,0.9927140255009108,0.6612021857923497,0.9098360655737704,732.0,,,0.0053837176682872,,0.0131427689328223,,0.0008496180181025,0.0464646916146566,,,0.0001576503502925,0.0,0.0011712994837608,,,,,,,,0.9998423496497076,interfair/training/mlp/runs/confirmation/hmda_oh/1008/equality_direction/selected.pt,interfair/training/mlp/runs/confirmation/hmda_oh/1008/equality_direction/DONE.json,interfair/training/transformer/auxiliary/transfer/hmda_2020_oh/mlp/1008/soft/audit.npz,,,,,,,,,,,3.208848872660042e-05,0.0180314359629036,probability,0.0003112609624309,0.0135722050577516,0.0121254886360714,0.0064078151966498,0.0053769184505896,0.0028997969396303,0.0025885359771994,9.678820048469476e-05,0.0456669426339292,0.99359218480335,,False,,36052c68ea6bbaf04ecb0708aff12dd0d39b80047c79d420b74d3b2b2a7cec28,,b6448cef86c748da8aca341c27b2a76ece7dc5acb13765b91721eddebe716afb,,,,,,,,,,,,,,,,,,,,,,,,,,,0.0046065274532567,0.0,0.0006938028269387,0.001757977384111,0.0,0.0456669426339292,8.090146490560997e-05,0.0454736665704848,0118a54fc59a88219b813bd6ac9dd95e21640a702824d6baa4318001407bca7c,30.0,40.0,90.71420598798431,True,True,False,True,True,random-initialization equality-and-direction training,True
hmda_2020_oh,hmda_2020_oh,mlp,1009,soft,0.8258279341601846,0.955690693617657,0.9384736282531316,0.8890833333333333,0.0887918237601752,0.308175593667958,0.0204732280964828,0.0107985401125882,0.0341515505973684,0.9952331606217616,0.7144622991347342,0.9549165779197728,11268.0,0.9963570127504554,0.6939890710382514,0.9207650273224044,732.0,,,0.0052464390981492,,0.0098890706018096,,0.0007100894521756,0.0426083865201358,,,0.0002759779699451,0.0,0.0008637574237731,,,,,,,,0.999724022030055,interfair/training/mlp/runs/confirmation/hmda_oh/1009/equality_direction/selected.pt,interfair/training/mlp/runs/confirmation/hmda_oh/1009/equality_direction/DONE.json,interfair/training/transformer/auxiliary/transfer/hmda_2020_oh/mlp/1009/soft/audit.npz,,,,,,,,,,,0.0011238521286937,0.0204732280964828,probability,0.0,0.0232632791161028,0.0207793018520924,0.007817241632085,0.0068778399661365,0.0038312620943762,0.0027975559589881,0.0001112438210743,0.036026620305971,0.9921827583679148,,False,,aee48d98f922f7ef473c6287b1200b07b0f3182d120d04d2cfdeff8694f6331a,,f66d2bd517b5b3fdbba9947346285f02ff7775ace8776bd547deb8f207596cae,,,,,,,,,,,,,,,,,,,,,,,,,,,0.0043437239271989,0.0,0.0005512266031644,0.0007813831765069,0.0,0.036026620305971,6.149156980926885e-05,0.0358046314242826,1af5753902676b04d28965459d08ef904a1c6ca17cac5140dcd950c1568c4f35,25.0,40.0,91.19640059600351,True,True,False,True,True,random-initialization equality-and-direction training,True
