task,architecture,seed,arm,stage,checkpoint,auc,ap,f1,accuracy,brier,bce,eomax,aod,dp,tpr_gap,fpr_gap,group0_tpr,group0_fpr,group0_positive,group0_n,group1_tpr,group1_fpr,group1_positive,group1_n,L_R,violation_005,P_R,decision_disagreement,opposite_005,P_mean_common_abs,P_population_effect_gap,direction_L_R,direction_violation_005,direction_P_R,direction_decision_disagreement,direction_opposite_005,direction_P_mean_common_abs,direction_direction_logit_loss,direction_adverse_magnitude,direction_adverse_decision,direction_common_response,direction_signed_common_response,direction_adverse_0,direction_both_adverse_0,direction_adverse_005,direction_both_adverse_005,direction_adverse_01,direction_both_adverse_01,direction_joint_pass,checkpoint_sha256,source_done,source_sha256,selected_epoch,epochs_completed,training_seconds,initial_state_sha256,task_batch_sha256,regularizer_model_rows,optimizer_updates,admitted,initial_checkpoint,pretrained_weights_loaded,negative_outcomes_retained
hmda_oh,mlp,1000,before,before,interfair/training/mlp/runs/confirmation/hmda_oh/1000/equality_direction/selected.pt,0.8470526389489428,0.9493927753580208,0.9210008164049368,0.8629166666666667,0.1026195132881488,0.3399812708035328,0.0134452245136755,0.0073231140935433,0.0456985781667522,0.001201003673411,0.0134452245136755,0.9915856190580264,0.6695736434108527,0.9323227819884083,11215,0.9903846153846154,0.6830188679245283,0.8866242038216561,785,0.0090399086411108,0.0008566824093474,0.0011006655309931,0.0006892655171121,0.0,0.0466226813903371,0.0111221126980354,0.0081192724339832,0.0003001200480192,0.0009940842143111,0.0001497902935889,0.0,0.0445316640276096,3.0132514590327027e-05,4.377145117481555e-05,0.0001511487303506,0.0445316640276096,0.0444452504717952,0.008456888330719,0.0062218406101663,0.0032930888330073,0.0026204210019356,0.0013453356621434,0.0011941869317927,0.9964067911189736,5d1b7699ca40bcec3b8bf90eafe413cb15990be842a1ffc9e8cc6bbf5638cafe,interfair/training/mlp/runs/confirmation/hmda_oh/1000/equality_direction/DONE.json,ff4ef30952f0c2cb64c065b57ed762d60202a925b10eb341b5b640042a54bb7e,15,40,89.93227871903218,6a435754a0f9bdb30cd26b642d67fe263a501a2867a6177a95c921b6dfaded5b,43217c8caf1391502d6abb6a1c2f10c879e7e830141606ed7f4cc12aa778a064,8673280,3080,True,,False,True
hmda_oh,mlp,1001,before,before,interfair/training/mlp/runs/confirmation/hmda_oh/1001/equality_direction/selected.pt,0.8444227715276122,0.9486617583016624,0.9215921640178616,0.8639166666666667,0.1032744059765257,0.3427461445176087,0.0026089659207254,0.0013259181965286,0.0487813466382318,4.287047233175745e-05,0.0026089659207254,0.992350562780024,0.6690891472868217,0.932857779759251,11215,0.9923076923076924,0.6716981132075471,0.8840764331210191,785,0.0065545203853536,0.0002365627768992,0.000956768967725,0.0007047814907977,0.0,0.0487614853466209,0.0129426485923838,0.005059707515425,0.0003012087543602,0.0007107274075109,0.0009006396591367,0.0,0.0374488654076785,9.801603135816858e-05,0.0001834517384996,0.0,0.0374488654076785,0.0370826531376695,0.0289123117728742,0.0263610523869487,0.0151107293378298,0.0127013290333682,0.0058672823420704,0.0048114186422978,0.98458806190781,21ad9782bd6d72e96037af301cd77027922aa7797c11156b9f28990614b0998e,interfair/training/mlp/runs/confirmation/hmda_oh/1001/equality_direction/DONE.json,424f5092b3d304e0f77a714bfa94ad0b1fb23e0f728505b83a78d0e4469e64eb,20,40,89.82894544798182,83121a2109dfa871f8d5091ec4bc034169e0655954a91fac8fc6b0bb252a511f,f779593edac436b1448254758d719be6536dca4355098267ab922765d9976b70,8673280,3080,True,,False,True
hmda_oh,mlp,1002,before,before,interfair/training/mlp/runs/confirmation/hmda_oh/1002/equality_direction/selected.pt,0.8349543253415206,0.9455503048787842,0.919242751018452,0.8595833333333334,0.1082850573149397,0.358642515065498,0.0319036126956266,0.0173290202714703,0.0344499944626026,0.0027544278473139,0.0319036126956266,0.9914763413834552,0.685077519379845,0.935086937137762,11215,0.9942307692307693,0.7169811320754716,0.9006369426751593,785,0.0100826479677925,0.0012068624698412,0.0016004016118318,0.0023496955655944,0.0,0.0448409808665805,0.0080202758461725,0.0092234620852855,0.0009009093895574,0.0013760494903715,0.0023279624356207,0.0,0.0482426066400745,7.944043197057951e-06,2.007590555119076e-05,0.0,0.0482426066400745,0.0482031147213802,0.0069313162317301,0.0052686801978728,0.0018804992371153,0.0014270530460633,0.0,0.0,0.9972185913733272,96e7ed98a1cdf6e17b82b1243d19b1b8c0eda17c81d59c914512e7de357e11d5,interfair/training/mlp/runs/confirmation/hmda_oh/1002/equality_direction/DONE.json,b79d9eaef74f57a532090085b49fdf06c2093d413834f6e6b737a8c4fb62a393,5,40,90.89341722801328,48ad497ceedad0349edc212ff91f21f8623573feeb63cd90e1c8718a01f0cb8d,96c64cffb0cf3b5004d8ac2d1f4572c3d78891b88d0167c54ab5c8db462700c0,8673280,3080,True,,False,True
hmda_oh,mlp,1003,before,before,interfair/training/mlp/runs/confirmation/hmda_oh/1003/equality_direction/selected.pt,0.844258544943586,0.94878470356795,0.9198188987877902,0.86275,0.1017508899665631,0.3369347238077511,0.0124031007751937,0.0092950542501423,0.0559930257190807,0.0061870077250909,0.0124031007751937,0.9765052999672168,0.6124031007751938,0.9094962104324564,11215,0.9826923076923076,0.6,0.8535031847133758,785,0.0056604329658522,0.0002210299776361,0.0008080067979991,0.0014687494779092,0.0,0.0531521558602802,0.0140568285732228,0.0058420371157418,0.0001497902935889,0.0006784280125938,0.0003022974607013,0.0,0.0570104951341626,0.0001660528174611,8.813826092330365e-05,0.0,0.0570104951341626,0.056834362229677,0.0105762869966269,0.009674558631149,0.005099532167907,0.0049483834375564,0.0037440878809565,0.0035940278569469,0.994750677538504,b96f25bb93d0bc6b540a4fa8d485d8acebd340976028a1e51df5e0b266eba41e,interfair/training/mlp/runs/confirmation/hmda_oh/1003/equality_direction/DONE.json,26f713e4f4d18fcb551890700b27e7ea1ea6087c6d8d1e6fa8da497177632092,35,40,90.11891303898301,6b0ac52be72cec71f6001e38f73e486a636236ab127eba2a3f31688f8ea7ff3c,fe04086c68436f384a1f296706eebfc1c593f667f49365055bb793768ac4ab6c,8673280,3080,True,,False,True
hmda_oh,mlp,1004,before,before,interfair/training/mlp/runs/confirmation/hmda_oh/1004/equality_direction/selected.pt,0.8408445277717632,0.9473261978230711,0.920585967617579,0.8626666666666667,0.1041012601164944,0.3450322768162723,0.0043696065525814,0.0027960227310791,0.0502721843754525,0.0012224389095768,0.0043696065525814,0.9877609004480384,0.6560077519379846,0.9267053053945608,11215,0.9865384615384616,0.660377358490566,0.8764331210191083,785,0.0101945665099658,0.0014630577769495,0.0013705590433403,0.0010116310417891,4.859322610428106e-05,0.0495534612281247,0.0117274609285278,0.0085914143938789,0.0005994309047765,0.0011394474536122,0.0007407407407407,0.0,0.0413864484915486,3.4305418781463735e-05,6.996678477909186e-05,0.0,0.0413864484915486,0.0412483816925996,0.0153383420805228,0.0125667723482365,0.0055399236675248,0.0045684942251956,0.0021032972638957,0.0018031772158765,0.9938606454276986,68d45046cda12c3146250b70fdcac5f23a1df32c3502fcb92469f44a2bef91da,interfair/training/mlp/runs/confirmation/hmda_oh/1004/equality_direction/DONE.json,4f96a7f830399286b589758cf2a66f6d507cb2a7251e1a16356722f315880d4a,10,40,90.71303062001243,ae3a1abc5049011a6b9a65c00a6da2e34a31fa97b328b67f1c7303d2d80d2b41,5b6e65a3859da3ee9198bf8ad1ee6e81744eea0f9987634f9c2978588c69045d,8673280,3080,True,,False,True
hmda_oh,mlp,1005,before,before,interfair/training/mlp/runs/confirmation/hmda_oh/1005/equality_direction/selected.pt,0.8383569545385385,0.9467742936917454,0.9189059730804234,0.8589166666666667,0.1069232173938501,0.3527474209579561,0.0228005704256252,0.0116520441630744,0.0382460932952056,0.0005035179005237,0.0228005704256252,0.9918041744071686,0.690406976744186,0.936335265269728,11215,0.9923076923076924,0.7132075471698113,0.8980891719745223,785,0.0091569454545593,0.0012342062461661,0.0018072502403341,0.002166417553222,0.0,0.0430807255828628,0.0084516230454943,0.0074071030731052,0.0007503099047065,0.0014453377587761,0.0026248261492753,0.0,0.0407453963554444,1.663730741919402e-05,5.0935677633820095e-05,0.0001511487303506,0.0407453963554444,0.0406449333661849,0.014255337389493,0.0101086959034587,0.0039126866654225,0.0024853638889386,0.0017296202371852,0.0009068923821039,0.9953370034298707,48a0b5d75b438097a91aa56d22ae9e49a2bf8796ddb3e82422f52356ea5d4116,interfair/training/mlp/runs/confirmation/hmda_oh/1005/equality_direction/DONE.json,8d371266edcc9893e112751c5716f3896f565a854dba2451e7e9524415d794e7,10,40,89.85851246397942,646e692b60b511afb6fc5de2360f013ba66f3c499e20d75f696f4bdca330fb30,262f6995eb4278942b57774459f09fe7d15639b11d54b5f95dbbaff1e4250a2c,8673280,3080,True,,False,True
hmda_oh,mlp,1006,before,before,interfair/training/mlp/runs/confirmation/hmda_oh/1006/equality_direction/selected.pt,0.8318394367476583,0.9438094219886626,0.9176572501082824,0.8574166666666667,0.1094997418499299,0.363702143978113,0.0068416230256466,0.0057500494826931,0.0445013644714908,0.0068416230256466,0.0046584759397396,0.9854660692820456,0.6763565891472868,0.92857779759251,11215,0.9923076923076924,0.6716981132075471,0.8840764331210191,785,0.0119064479305554,0.0044326847692586,0.0017719347178872,0.0015797337754117,5.176519308417021e-05,0.0446500299213789,0.0082823653871007,0.0111231535401777,0.0038258555868519,0.0015870807459725,0.0008224581246606,0.0,0.042091060733917,1.4534216657922595e-05,4.936949658156549e-05,0.0001511487303506,0.042091060733917,0.0419947378313362,0.0152107954277366,0.010088589082454,0.0042288983307954,0.0030218859006722,0.0010580411124546,0.0006045949214026,0.9920963948127032,135047969120b23978d53c3e10a187a72e263ac22a75020b155902cf3b1cd95e,interfair/training/mlp/runs/confirmation/hmda_oh/1006/equality_direction/DONE.json,06c49048294c70f0488cabe3a9d7889c8ccbd4d2497bd77e774029a3f4675c7d,5,40,90.38682688598055,88901f5dc51a3dc8d02c520b3143ef7e4709575be68b534c30119c3d1aafee84,6ed361305444ffb063028cb301c78289301bf926f424742e7ab3cf44d2bb97f5,8673280,3080,True,,False,True
hmda_oh,mlp,1007,before,before,interfair/training/mlp/runs/confirmation/hmda_oh/1007/equality_direction/selected.pt,0.84553748333038,0.9494309276665952,0.9218937755347272,0.8645833333333334,0.1023887873531097,0.3403479044501433,0.0056183267514992,0.0041863772994065,0.0468196881451422,0.0027544278473139,0.0056183267514992,0.9914763413834552,0.6623062015503876,0.9308961212661614,11215,0.9942307692307693,0.6679245283018868,0.8840764331210191,785,0.0043325670206571,0.0,0.0008220799938023,0.0010514226754965,0.0,0.0476552966941218,0.0103575948949856,0.004010341895116,0.0,0.0006967201473461,0.0009722484182496,0.0,0.0435120344276625,9.565133564234476e-05,0.0001472506952003,0.0,0.0435120344276625,0.0432179253986641,0.0239536814322665,0.0218697824420645,0.0095873781462067,0.0092861693918464,0.0054641794914929,0.0047926003667623,0.9904126218537932,ac6c5a45e46499209a050484feb16879f6caf45541d2cc794ff95dad6c09f41c,interfair/training/mlp/runs/confirmation/hmda_oh/1007/equality_direction/DONE.json,e08be3236af1a8f20ec1515a5998ad3d97f112a9d08c036be8b6b0e02c9f39ec,35,40,89.58890584902838,963e1898fd735a49519f81a4a3a1e71642eb742fb760552d5c8fc474f50f6137,e2e1c8382fb978c6400f4defefd1aeec8f2c21d87ec3d5e85b346f7ead7ee3f1,8673280,3080,True,,False,True
hmda_oh,mlp,1008,before,before,interfair/training/mlp/runs/confirmation/hmda_oh/1008/equality_direction/selected.pt,0.8468108276242877,0.9492030157982504,0.9224776377801288,0.8656666666666667,0.1013646007528921,0.3374492327620275,0.0199484422992539,0.0112967962359983,0.0431127556076796,0.0026451501727428,0.0199484422992539,0.9915856190580264,0.6555232558139535,0.9297369594293358,11215,0.9942307692307693,0.6754716981132075,0.8866242038216561,785,0.0053427464165565,5.186991026505524e-05,0.0008660218106625,0.0014468235591273,0.0,0.0486601805053067,0.013413350932648,0.0046231617789369,0.0,0.0006819703099738,0.0017938875669898,0.0,0.0434559048376843,7.959411936871527e-05,0.0001223101105538,0.0,0.0434559048376843,0.0432117434385957,0.0148023497449719,0.0126285324283043,0.0080778083096201,0.0074764795072406,0.0053813831858905,0.0047087153548188,0.99192219169038,36052c68ea6bbaf04ecb0708aff12dd0d39b80047c79d420b74d3b2b2a7cec28,interfair/training/mlp/runs/confirmation/hmda_oh/1008/equality_direction/DONE.json,0118a54fc59a88219b813bd6ac9dd95e21640a702824d6baa4318001407bca7c,30,40,90.71420598798431,09b32dd4f709d155a29c89387384219b2ca931130cfe0df05c771f7805a6ecd9,adae3485017f0c981578516c0bdd753fd8060d86a39e8c51bbfcd57834d0e7f7,8673280,3080,True,,False,True
hmda_oh,mlp,1009,before,before,interfair/training/mlp/runs/confirmation/hmda_oh/1009/equality_direction/selected.pt,0.8466668463288032,0.9491347455653418,0.9205012914952644,0.8615,0.104036217921989,0.3453376521105121,0.0232850665496562,0.0133036590029956,0.0367427609179016,0.0033222514563351,0.0232850665496562,0.994754671620588,0.689922480620155,0.9386535889433794,11215,0.9980769230769232,0.7132075471698113,0.9019108280254776,785,0.0052771255640385,0.0002025391009507,0.000737978325885,0.0006762151313627,5.176519308417021e-05,0.044473806217358,0.0099632732240795,0.0043335062937347,0.0,0.000577694006299,0.0009711597119085,0.0,0.0347169996502027,9.44674142502629e-05,0.0001635807942741,0.0005204303943799,0.0347169996502027,0.0343899767771178,0.0238874364733407,0.0229870763292831,0.011558614685708,0.0111073459073381,0.006077524600941,0.0053261357745519,0.988441385314292,aee48d98f922f7ef473c6287b1200b07b0f3182d120d04d2cfdeff8694f6331a,interfair/training/mlp/runs/confirmation/hmda_oh/1009/equality_direction/DONE.json,1af5753902676b04d28965459d08ef904a1c6ca17cac5140dcd950c1568c4f35,25,40,91.19640059600351,3871ab26e2ba1e0f14670c06f71f2e81fd8271234d05bbad3d16ee1594a939f8,49093b96b7340e94d2e8625e36fa94536edba37b859843b5894bf029ec9bf13e,8673280,3080,True,,False,True
hmda_oh,mlp,1000,rerepair,rerepair,interfair/studies/requirements/maintenance/confirmation/1000/rerepair/selected.pt,0.8488889887340743,0.950102638492416,0.9224768875192604,0.8658333333333333,0.101037294980995,0.3355600946087924,0.0115913412315343,0.0067577344507411,0.0544249483886173,0.0019241276699478,0.0115913412315343,0.9903835646377444,0.6531007751937985,0.9283102987070888,11215,0.9923076923076924,0.6415094339622641,0.8738853503184714,785,0.0130608523971218,0.0078018380338579,0.001605803468715,0.0007781826083752,0.0,0.0497262048649763,0.0130522831077881,0.0115185896481179,0.0032218099109491,0.0014269995371056,0.0006007893415382,0.0,0.0392976209434822,0.0002374150256898,0.0002967203413208,0.0003012087543602,0.0392976209434822,0.0387095703882951,0.041715827105221,0.0334544171001223,0.0204785589087617,0.0163428044861381,0.0110311125924404,0.0090089834669648,0.9764496912042986,b699d9e1c7f020046f0834296ff2bd76a7e3979c5246c886acd1cde3bfd199ad,interfair/studies/requirements/maintenance/confirmation/1000/rerepair/DONE.json,2d1f0867dfac8194a8298fe4307ad2ce5ae73df2f922c6d3d2f30a8587e78dec,10,10,22.6160360549693,c53060b4d61afb3b9536c0e6d497039b5eee03511049017d713cce8daf800304,299d8f3d0587b8b23a147194723a4d080dcf5034d46d1f7a8c427bfd52c5fe07,2168320,770,True,interfair/studies/requirements/maintenance/confirmation/1000/update/selected.pt,True,True
hmda_oh,mlp,1001,rerepair,rerepair,interfair/studies/requirements/maintenance/confirmation/1001/rerepair/selected.pt,0.8481617788576054,0.9499345198325292,0.9219563959097048,0.8651666666666666,0.1009536415703344,0.3355563329175653,0.0043282365105117,0.0040180015373971,0.0484888584726438,0.0043282365105117,0.0037077665642825,0.9879794557971806,0.6453488372093024,0.924921979491752,11215,0.9923076923076924,0.6490566037735849,0.8764331210191083,785,0.0110396993471781,0.0034685938546201,0.001467382814332,0.001107178189953,4.725004725004725e-05,0.0500082017959009,0.0138073120496387,0.0102253838855823,0.0032923201790623,0.0013314051059043,0.0013500105399037,0.0,0.0412114462960196,0.0001529741743271,0.0002672303930404,0.0001511487303506,0.0412114462960196,0.040680370148271,0.0358214654384354,0.0311772871438419,0.0183088071177207,0.0145578767309802,0.0109548289555672,0.0090103419037265,0.9785489327272264,ad04299f9d32f3450bb21a5d3848787b89633b9aab045109ed399ea34a013c8c,interfair/studies/requirements/maintenance/confirmation/1001/rerepair/DONE.json,f8dc885be7b3ca405dde496a1693ed1fc62ba4eae46d4a98044d4ce7cc3ddd3c,10,10,22.648205978039186,51ac159007af8932e083677d3070f2a1b24c5d78c4ba4784a814efb3ed2a56f5,24b843d514186b8bdd9b3ce64e5a31f09455e6d25b7129f3b9b5b620b4e161a1,2168320,770,True,interfair/studies/requirements/maintenance/confirmation/1001/update/selected.pt,True,True
hmda_oh,mlp,1002,rerepair,rerepair,interfair/studies/requirements/maintenance/confirmation/1002/rerepair/selected.pt,0.8426743511151935,0.9483757261905876,0.9208640015394236,0.8629166666666667,0.1038594510714841,0.3446076151012647,0.0027983490665165,0.0018370493321466,0.0479407981235322,0.0027983490665165,0.0008757495977768,0.9895093432411758,0.6632751937984496,0.9294694605439144,11215,0.9923076923076924,0.6641509433962264,0.8815286624203822,785,0.0148203786546213,0.0173919837103802,0.0019692536253136,0.0014898700250485,9.712513583492896e-05,0.047859871486109,0.0106157991193332,0.013869374167911,0.0144823729814843,0.0018846160330788,0.0010498904918845,0.0,0.0443769072703056,9.956929768383615e-05,0.0001742788587126,0.0001511487303506,0.0443769072703056,0.0440343907277268,0.0301049418274599,0.0231793486425142,0.0120736015483827,0.0094460683102425,0.0077888758080905,0.0059116426899983,0.9738952942485029,120cdd89f04c012cd2ebc7cfa1d68b74cd8be36f5caf1891adc5ae559199a029,interfair/studies/requirements/maintenance/confirmation/1002/rerepair/DONE.json,e61916db4678bc56cc3f4c36add3a5617646125196f1efc2ccbc96c60da1820f,10,10,22.049198983993847,4f1df9a1162960b25c39b1c3f567e661d912888a674c12c44a37d95b5f4a072b,6f89fc684a710b317ccd71ca070b7e8ce186e3c726f7cda59fc516beb1caa922,2168320,770,True,interfair/studies/requirements/maintenance/confirmation/1002/update/selected.pt,True,True
hmda_oh,mlp,1003,rerepair,rerepair,interfair/studies/requirements/maintenance/confirmation/1003/rerepair/selected.pt,0.8496461891640734,0.95041561105401,0.9228766991227224,0.8666666666666667,0.1003536006027295,0.3341823202437594,0.0089348398420359,0.0067734940785291,0.047011083313692,0.0046121483150223,0.0089348398420359,0.9896186209157468,0.6438953488372093,0.9259919750334372,11215,0.9942307692307693,0.6528301886792452,0.8789808917197452,785,0.0086224890018627,0.0006954569959734,0.0010509967114029,0.0008796856201477,0.0,0.0511357740086034,0.0127738827472069,0.0076560062387224,0.0003012087543602,0.0009418066766268,0.0007497606592067,0.0,0.0424554921291502,0.0003346891106579,0.0002988200401775,0.0,0.0424554921291502,0.0418591938607399,0.0383834330166433,0.035753722365821,0.0203197584813653,0.0185160320199889,0.0112421430745731,0.0094479857771625,0.9793790327642744,0d2c49ecf4658d5f9d416754fa6ea94599948dba853df5d218359352cea52d4d,interfair/studies/requirements/maintenance/confirmation/1003/rerepair/DONE.json,9d00333da886c638d9b2c5090d6e7451276ffecaf6143a37bc6549d47da9249f,10,10,22.329382049967535,e54123a070de49047f45a6a981322fd121e0bbebfd95a9d1ab2513dba3346c55,b0bb54fccba984f1165913883b044d297d674e57f2f78e815eb520c9e968009e,2168320,770,True,interfair/studies/requirements/maintenance/confirmation/1003/update/selected.pt,True,True
hmda_oh,mlp,1004,rerepair,rerepair,interfair/studies/requirements/maintenance/confirmation/1004/rerepair/selected.pt,0.8458159226441732,0.9493094641435356,0.9223127742682162,0.86575,0.1021057157775657,0.3391068334850685,0.0003921387322107,0.0002289785367943,0.0530238448847226,0.0003921387322107,6.581834137786569e-05,0.9888536771937492,0.6453488372093024,0.9256353098528756,11215,0.9884615384615384,0.6452830188679245,0.8726114649681529,785,0.0136014782033365,0.0108382828071253,0.0017147870413536,0.0013244874048109,0.0,0.0516679279993469,0.0127577908720061,0.0117912172999351,0.0079581538359828,0.0014830917764171,0.0016490516662404,0.0,0.0443242673763134,0.0001154809378984,0.0002158665240187,0.0,0.0443242673763134,0.0438978331154754,0.0293374012770831,0.0227318253373747,0.0158209555483624,0.011396817869709,0.0086946794838534,0.0061466862169511,0.9765220993700148,a0c2854988303e5c9fdffca64e736304ea5979623255c3b959155ad3e55ae294,interfair/studies/requirements/maintenance/confirmation/1004/rerepair/DONE.json,876dcbb360338d4aafb65ccabad86650a98f2610939abc8954e9c076caf6157c,10,10,22.143510635010898,b9832cd3c5fcd6e3de654fa2734e0792ae70edf91aaf445b93a8b19cadf519b8,1a276a279b5a376ee847358aef1e9a523f5d88c678137f5ab9e547ad79ec695d,2168320,770,True,interfair/studies/requirements/maintenance/confirmation/1004/update/selected.pt,True,True
hmda_oh,mlp,1005,rerepair,rerepair,interfair/studies/requirements/maintenance/confirmation/1005/rerepair/selected.pt,0.8447327775084079,0.9489405129878746,0.921749192420809,0.86475,0.1027154921006079,0.3407854267317912,0.0301228609039051,0.0181324483314613,0.0383869419652365,0.0061420357590175,0.0301228609039051,0.9880887334717516,0.6453488372093024,0.9250111457868926,11215,0.9942307692307693,0.6754716981132075,0.8866242038216561,785,0.0126212853727915,0.0077394409748244,0.0015998068163667,0.0014727122746239,4.6006624953993374e-05,0.0492013874102603,0.0109882205631191,0.0110808951024453,0.0054073835889231,0.0013825597322649,0.0012021181439176,0.0,0.0447411009045544,0.0001077059438968,0.0001962981594374,0.0,0.0447411009045544,0.0443520124359465,0.0261213451655769,0.0219107158648172,0.0135837206304691,0.0107323411965243,0.0078842278816028,0.0062292127921329,0.9810088957806076,e83127c86688c6d554cf190777d3b2da031275d37383ae6d0124670f9ff07cd2,interfair/studies/requirements/maintenance/confirmation/1005/rerepair/DONE.json,62d922947575d0d2910ce6d8561e2262209c2650d817c8dde3370ca6c3c0af81,10,10,21.488863937964197,1517e4e82b0e4e9af7dc036583abe9b10b134b904fb07fce258334c5bce820d8,91b1fca2c0e405e9a4783c6b55be0fe8b06c81933922fe7a7149d2501a6b6bc8,2168320,770,True,interfair/studies/requirements/maintenance/confirmation/1005/update/selected.pt,True,True
hmda_oh,mlp,1006,rerepair,rerepair,interfair/studies/requirements/maintenance/confirmation/1006/rerepair/selected.pt,0.8420538063828512,0.9477624206373684,0.921300750432942,0.8636666666666667,0.104126637229713,0.3455154885491972,0.0028137340939008,0.0025328473937809,0.0480299644186726,0.002251960693661,0.0028137340939008,0.9900557316140312,0.6613372093023255,0.9295586268390548,11215,0.9923076923076924,0.6641509433962264,0.8815286624203822,785,0.0174660190338666,0.0345104323330439,0.0022641126335738,0.0014836862106387,0.0002467284239536,0.0467814506273645,0.0117645978290975,0.0164904961766075,0.033754419832421,0.002160677167261,0.0007494909287861,0.0,0.0430241702263667,9.615060946386492e-05,0.0001832485493839,0.0,0.0430241702263667,0.0426651768188858,0.0299494173037451,0.0220605355123818,0.0127710706475365,0.0097592528343544,0.0072883426109286,0.0048062448410132,0.9545279260767124,516fb8a864ca4ff4fcc02f54758ad871150638d6ed08f2be6ea3c3943c5bafd2,interfair/studies/requirements/maintenance/confirmation/1006/rerepair/DONE.json,5d863183fa31158eede4232773010bbd17bccbe472c08210d1a187a6a388e3d2,10,10,21.69598421495175,f838c8a5a549c18fd5f989c97b077fddecc6688f2090fb830deb9d6879988e5c,f8fc726c7c8d448dbc09a150380bfd36d8a0af5db7185d5de6813a1c93811c9a,2168320,770,True,interfair/studies/requirements/maintenance/confirmation/1006/update/selected.pt,True,True
hmda_oh,mlp,1007,rerepair,rerepair,interfair/studies/requirements/maintenance/confirmation/1007/rerepair/selected.pt,0.8481547862414972,0.950318594800702,0.9239913022469196,0.8689166666666667,0.1005337635459663,0.3346314282045017,0.0038911258122273,0.0030864141566621,0.0520049637797421,0.0038911258122273,0.0022817025010969,0.9884165664954648,0.627906976744186,0.922068658047258,11215,0.9923076923076924,0.630188679245283,0.870063694267516,785,0.0080441139441308,0.0002040353339836,0.0010054565074729,0.0006411066647413,0.0,0.0524079303908943,0.0131433297564813,0.0073424718357459,0.0001497902935889,0.0008986454550965,0.0002995805871779,0.0,0.0450369106450165,0.000271172765255,0.0003585793254928,0.0,0.0450369106450165,0.044321070099723,0.0479562568533864,0.0436135570435737,0.0230259526081888,0.020409067455697,0.0119551755135805,0.0110515492504997,0.9768242570982222,07ed48368c3a3626d55fb081c2e4e92f309b76c99bbf47ad42b1ddf1ecf77cd0,interfair/studies/requirements/maintenance/confirmation/1007/rerepair/DONE.json,4be2c337f7cf9d986f4aac1d883acf4aa70d34114471e104a68274a602c07179,10,10,21.17582606099313,52f741ce875d4c099398e46cde68079750cd7626625463d4249fc6f5ed8af25f,8e06c5156d03a423311c9fa76b5ad073b84ba15a645959ba845f61e8a6bc0a90,2168320,770,True,interfair/studies/requirements/maintenance/confirmation/1007/update/selected.pt,True,True
hmda_oh,mlp,1008,rerepair,rerepair,interfair/studies/requirements/maintenance/confirmation/1008/rerepair/selected.pt,0.8479292688223133,0.9497316188760928,0.9227571539056458,0.8668333333333333,0.100455968951286,0.3345590190414033,0.0021793184145092,0.0013184068010442,0.0541069030046769,0.0004574951875793,0.0021793184145092,0.9869959567260408,0.6317829457364341,0.921622826571556,11215,0.9865384615384616,0.6339622641509434,0.867515923566879,785,0.0089447725746463,0.0009951092048572,0.0011101544002638,0.0007929008346834,0.0,0.0541929790621432,0.0163312070166436,0.0077135955571813,0.0007516683414682,0.0009886253743544,0.0012693818623248,0.0,0.04900980660199,0.0003011095620749,0.000328283680471,0.0,0.04900980660199,0.048354464697616,0.0313289655503752,0.0289299436011414,0.0188166817441908,0.0164881798477288,0.0114700953333211,0.0094575353718113,0.9804316499143408,ee0468b726fa35a56e5cb1ffabf925b18f5f566fc2351f65341dbf32f35cca97,interfair/studies/requirements/maintenance/confirmation/1008/rerepair/DONE.json,2949d37bcc87bb856c1be160f5c280ebc91cfcea162da15f3a11c00c1ab8c43b,10,10,20.94093983998755,c6466833c5c8981d0fdc62142a53e1eb8cdab186d042bbf26a443d14d756307d,e29e55ecdf3761e28c1722bd0340b48d97484b3b00cb6b7c55ba796640557db2,2168320,770,True,interfair/studies/requirements/maintenance/confirmation/1008/update/selected.pt,True,True
hmda_oh,mlp,1009,rerepair,rerepair,interfair/studies/requirements/maintenance/confirmation/1009/rerepair/selected.pt,0.8489074581201121,0.95027196375616,0.9227795496279114,0.8668333333333333,0.1004304777723804,0.3337804527743588,0.0220162351908731,0.0136639853862622,0.0437374876118482,0.0053117355816514,0.0220162351908731,0.9869959567260408,0.6308139534883721,0.921444493981275,11215,0.9923076923076924,0.6528301886792452,0.8777070063694268,785,0.0106448145558839,0.0042172141539759,0.0012885398087153,0.0005194831732557,0.0,0.0514973964845211,0.013574279748055,0.0091737786061831,0.0016504003183435,0.0011227099406022,0.0005991611743559,0.0,0.0468257704829315,0.0001855873443237,0.0002694017850282,0.0004512687783698,0.0468257704829315,0.0462885817138743,0.0348895914127801,0.0311359441525163,0.0168142304074881,0.0142700427204502,0.0099932384076245,0.0083371346118135,0.9815353692741684,816c98b5c6f74419b7ce6f3e23a357381364b28abb13cffedd2b1d69b89903fb,interfair/studies/requirements/maintenance/confirmation/1009/rerepair/DONE.json,968f27ed7ddcd79bf5484038e8d183e8e2a9b831c369892c2c9ae3bc8aba4c7c,10,10,20.612801191979088,26543a0e1c22f9776cd609824d48a5910b94b235e6f7b200573def7294136f46,a8e4f550f4c6ceb84a124f3dc34fd3308a90ebcc650bf7385898a8ab30351b60,2168320,770,True,interfair/studies/requirements/maintenance/confirmation/1009/update/selected.pt,True,True
hmda_oh,mlp,1000,task_control,task_control,interfair/studies/requirements/maintenance/confirmation/1000/task_control/selected.pt,0.8523172353247076,0.9512906233450772,0.9223833790670324,0.868,0.0988120852479679,0.3281805760544176,0.1820846131344157,0.1195702942608605,0.1586302466839509,0.0570559753873053,0.1820846131344157,0.9762867446180744,0.5896317829457365,0.9051270619705752,11215,0.9192307692307692,0.4075471698113208,0.7464968152866241,785,0.0748742050410751,0.4785357923714578,0.0242847581184232,0.0573548834504649,0.0056845843599064,0.0707742914251666,0.030509318291386,0.0824489469189989,0.4554820631651135,0.0219786227103469,0.0614999136094538,0.002995995926249,0.0579997116701248,0.0066683036182075,0.003509642018139,0.0080980059899172,0.0579997116701248,0.051045473265893,0.1806179074523606,0.1423629685580095,0.1204793934175659,0.0926717079367082,0.0947436311571586,0.0712810730598992,0.4721351848927133,a7e582adafed8d3cf15768d074891644e6a5a8c781b30c4530d38698bcba0588,interfair/studies/requirements/maintenance/confirmation/1000/task_control/DONE.json,00cdcae4bbdc688604f2c10c02376800b0d5a496aae0b9c2a8502d1fcb1b8470,10,10,22.384717117995024,c53060b4d61afb3b9536c0e6d497039b5eee03511049017d713cce8daf800304,299d8f3d0587b8b23a147194723a4d080dcf5034d46d1f7a8c427bfd52c5fe07,2168320,770,False,interfair/studies/requirements/maintenance/confirmation/1000/update/selected.pt,True,True
hmda_oh,mlp,1001,task_control,task_control,interfair/studies/requirements/maintenance/confirmation/1001/task_control/selected.pt,0.8501525655642115,0.9507512716062664,0.9226015303119482,0.8685,0.0990690618825378,0.3294396208842752,0.1800442445517039,0.1181676381085058,0.1582099724266011,0.0562910316653078,0.1800442445517039,0.975521800896077,0.5838178294573644,0.9034329023629069,11215,0.9192307692307692,0.4037735849056604,0.7452229299363057,785,0.0698969296024322,0.4632203663648024,0.0225749978358372,0.0475365393649216,0.0047059764028196,0.0702041238199629,0.0316241273478342,0.0747108357877871,0.4462653668443809,0.0206888991878951,0.0573904698075093,0.0045777335521068,0.0596488081166506,0.0059536043446794,0.0031927961867736,0.0071935607509159,0.0596488081166506,0.0533384172950182,0.1633420214196407,0.1276684889145082,0.1154141324364386,0.0890380366011604,0.0911865913605147,0.0657901356947699,0.484413571398871,81de14f74558da2aa766c9d3023373091bfd3c1bf1665f443cebf327f933b4b6,interfair/studies/requirements/maintenance/confirmation/1001/task_control/DONE.json,f9046685c9a6e96703b34ede2a0be7dbc535792c83095b2e1bea14f5ea3b5f58,10,10,22.61605564702768,51ac159007af8932e083677d3070f2a1b24c5d78c4ba4784a814efb3ed2a56f5,24b843d514186b8bdd9b3ce64e5a31f09455e6d25b7129f3b9b5b620b4e161a1,2168320,770,False,interfair/studies/requirements/maintenance/confirmation/1001/update/selected.pt,True,True
hmda_oh,mlp,1002,task_control,task_control,interfair/studies/requirements/maintenance/confirmation/1002/task_control/selected.pt,0.8482296405320267,0.9505067019586618,0.9219809709685288,0.86675,0.1004254849818054,0.3325011668940966,0.1642131051630831,0.1115853611186498,0.1513941462611209,0.0589576170742164,0.1642131051630831,0.9801114632280624,0.6094961240310077,0.9119037004012484,11215,0.921153846153846,0.4452830188679245,0.7605095541401274,785,0.0777867156687046,0.4383859292646447,0.0229966858697133,0.0542369827514814,0.0047904504290869,0.0642088695945922,0.0334994208330369,0.0985240328010735,0.4635409149154777,0.0248902207213195,0.0608481520059901,0.002245695806201,0.0611675616475141,0.0068381260383804,0.0032211713960593,0.0047956275080232,0.0611675616475141,0.0547764860376831,0.1634541555928415,0.1310987047476088,0.1130895689707002,0.0847018118257837,0.0868347948593086,0.0634697369999262,0.4561787961065021,5711030e605e4abbde82b6adb42e6523e7c5c82e230531a8b715baba1265eeab,interfair/studies/requirements/maintenance/confirmation/1002/task_control/DONE.json,4547906d6e7f6579a48341141652a588dce811e178103b5707b06209177ba4bb,5,10,22.187437675020192,4f1df9a1162960b25c39b1c3f567e661d912888a674c12c44a37d95b5f4a072b,6f89fc684a710b317ccd71ca070b7e8ce186e3c726f7cda59fc516beb1caa922,2168320,770,False,interfair/studies/requirements/maintenance/confirmation/1002/update/selected.pt,True,True
hmda_oh,mlp,1003,task_control,task_control,interfair/studies/requirements/maintenance/confirmation/1003/task_control/selected.pt,0.8504114699504643,0.95084815159511,0.9223129117907366,0.8683333333333333,0.0989081070675145,0.3291688673009295,0.1428678513968114,0.0991750090604595,0.1469363994422846,0.0554821667241075,0.1428678513968114,0.9727898590317998,0.5692829457364341,0.8985287561301828,11215,0.9173076923076924,0.4264150943396226,0.7515923566878981,785,0.0580124431210222,0.4262709231154279,0.0188092414361408,0.0433201832161571,0.0035412344207604,0.0697727237019972,0.0269413786565712,0.0595476170542806,0.4228729302142977,0.0164183498122731,0.0472273634835175,0.0036774139453661,0.0581525432633999,0.0065703764049539,0.0032609409954832,0.0080920229973706,0.0581525432633999,0.0516984501580048,0.1810196073502481,0.1433404649705427,0.1228387425843142,0.0948724662998467,0.0930285554447784,0.0702778209725757,0.4954431328529878,be299e208ea6acb48dc21c5fed9b4dd9d566affffe70f9cfcab54cb629a49894,interfair/studies/requirements/maintenance/confirmation/1003/task_control/DONE.json,449155155cdd91c98f981085a58ba1ef158877a8da7299d401a8536ec3ecee20,5,10,22.83666649297811,e54123a070de49047f45a6a981322fd121e0bbebfd95a9d1ab2513dba3346c55,b0bb54fccba984f1165913883b044d297d674e57f2f78e815eb520c9e968009e,2168320,770,False,interfair/studies/requirements/maintenance/confirmation/1003/update/selected.pt,True,True
hmda_oh,mlp,1004,task_control,task_control,interfair/studies/requirements/maintenance/confirmation/1004/task_control/selected.pt,0.849565940569689,0.9508038659853416,0.922481000245158,0.86825,0.0996252225277487,0.3303653011626762,0.1782086441421676,0.1244723566700767,0.1670124463653376,0.0707360691979859,0.1782086441421676,0.9765052999672168,0.5857558139534884,0.9045920641997324,11215,0.9057692307692308,0.4075471698113208,0.7375796178343949,785,0.0736845062149813,0.5025616812345882,0.0241787737779372,0.057032565387438,0.0048426427888983,0.0716850655998408,0.0302789349085654,0.0714083484419746,0.4524673089142137,0.0216984304701012,0.0584766887356787,0.0029287419925004,0.0640215146291206,0.0062148192691378,0.0035238781325645,0.0063000431126422,0.0640215146291206,0.0570321338009171,0.1874168622653009,0.1509297015550713,0.1300853297878879,0.0992908193207408,0.0998134872344369,0.0725462803666708,0.4652963615424289,b5b088268642846bc22602648de30f734e374090dfc86cbcb6928520dc54d77c,interfair/studies/requirements/maintenance/confirmation/1004/task_control/DONE.json,71a597eb20ff7feb176d9f6af955269d71bee4dbffdb7674f9e19a40ea5e65c0,10,10,22.672238803992514,b9832cd3c5fcd6e3de654fa2734e0792ae70edf91aaf445b93a8b19cadf519b8,1a276a279b5a376ee847358aef1e9a523f5d88c678137f5ab9e547ad79ec695d,2168320,770,False,interfair/studies/requirements/maintenance/confirmation/1004/update/selected.pt,True,True
hmda_oh,mlp,1005,task_control,task_control,interfair/studies/requirements/maintenance/confirmation/1005/task_control/selected.pt,0.8489509011351081,0.9504634600436236,0.9235144145910964,0.87,0.0997580827570962,0.3309319598732391,0.1818798449612403,0.121828097795634,0.1630124577241013,0.0617763506300278,0.1818798449612403,0.9771609660146432,0.5818798449612403,0.9044137316094516,11215,0.9153846153846154,0.4,0.7414012738853503,785,0.071116191505711,0.4569172130994416,0.0226189079159904,0.0560349340780863,0.0059548395252127,0.0698704502330671,0.0284266675252845,0.0843931652975252,0.5032419724065804,0.0225242258657943,0.0602906635543562,0.0039091815686371,0.0639235518687734,0.0080269735854418,0.003446049243466,0.0060802722271227,0.0639235518687734,0.0570978638858132,0.1461870589924594,0.1182805261259626,0.107133806414877,0.0848741952221144,0.0863666252723232,0.0660384059026502,0.4287123795091774,054b946b4681cd68bb93dc6012860e7f076291bcccf574f7146d70cb995a6926,interfair/studies/requirements/maintenance/confirmation/1005/task_control/DONE.json,3e53545d62c3c7a131bb8c1db8ee81942459baff36bc9645fb5a1fe2fc145359,10,10,22.177067356999032,1517e4e82b0e4e9af7dc036583abe9b10b134b904fb07fce258334c5bce820d8,91b1fca2c0e405e9a4783c6b55be0fe8b06c81933922fe7a7149d2501a6b6bc8,2168320,770,False,interfair/studies/requirements/maintenance/confirmation/1005/update/selected.pt,True,True
hmda_oh,mlp,1006,task_control,task_control,interfair/studies/requirements/maintenance/confirmation/1006/task_control/selected.pt,0.8481324542675136,0.9497434901983166,0.9236704595399716,0.86975,0.0999775859990108,0.3319088437182972,0.1724221149627028,0.1080521971634374,0.1456999980122163,0.043682279364172,0.1724221149627028,0.9802207409026336,0.5988372093023255,0.9100312082032992,11215,0.9365384615384617,0.4264150943396226,0.7643312101910829,785,0.0837889979560406,0.5351942377404401,0.0248358807925967,0.0567384263277619,0.0070125518258478,0.0666219415650514,0.0313794138678791,0.0887203614233898,0.5207080299570275,0.0244952015837323,0.057055998791101,0.0062237692604276,0.0624742829841407,0.0134046612683689,0.0050337197812185,0.0069871646092267,0.0624742829841407,0.0525162502619889,0.2038546417802613,0.162609761242183,0.1498015542045569,0.1164674708214982,0.1203380458416502,0.0905430531719374,0.3961434329737332,ff40bb8cd5a3b7b433c9adade3f1f58477d16d7edaa361f593bc7e5cc04dde44,interfair/studies/requirements/maintenance/confirmation/1006/task_control/DONE.json,034328b26342dc1a708e9113064fe968cde117b03e3a1d76b3d1cca59f0974e7,10,10,22.45560798200313,f838c8a5a549c18fd5f989c97b077fddecc6688f2090fb830deb9d6879988e5c,f8fc726c7c8d448dbc09a150380bfd36d8a0af5db7185d5de6813a1c93811c9a,2168320,770,True,interfair/studies/requirements/maintenance/confirmation/1006/update/selected.pt,True,True
hmda_oh,mlp,1007,task_control,task_control,interfair/studies/requirements/maintenance/confirmation/1007/task_control/selected.pt,0.8497298341719959,0.951054632597009,0.9241082350638548,0.87075,0.0991077871273297,0.3304341892840132,0.1427928916191312,0.093488819068478,0.138044191270222,0.0441847465178248,0.1427928916191312,0.9788001311332096,0.5843023255813954,0.9061970575122604,11215,0.9346153846153846,0.4415094339622641,0.7681528662420383,785,0.0602241185568178,0.4310581399877462,0.0176187510355249,0.038947898811356,0.0038974456359511,0.0643338944628942,0.0264401429945216,0.0609913574437049,0.4041831479636439,0.0164632635740502,0.0428865517866492,0.0028636654714339,0.0560328589428544,0.0053474784820411,0.0028275436507314,0.0042741084073021,0.0560328589428544,0.0504359229658156,0.1632958540889694,0.1310082748099368,0.1056804299547941,0.0830155384987719,0.0848088866049205,0.0642957071030072,0.5249372047866502,c02f74be0fb34b35b084d084f83b16703d2b953aa28e7558017cc9578b40a87d,interfair/studies/requirements/maintenance/confirmation/1007/task_control/DONE.json,a94c0a1722dd00fd78a60faac8b8ce513af9c8dc349844b75fbbb86c8430db28,5,10,22.17633936495986,52f741ce875d4c099398e46cde68079750cd7626625463d4249fc6f5ed8af25f,8e06c5156d03a423311c9fa76b5ad073b84ba15a645959ba845f61e8a6bc0a90,2168320,770,False,interfair/studies/requirements/maintenance/confirmation/1007/update/selected.pt,True,True
hmda_oh,mlp,1008,task_control,task_control,interfair/studies/requirements/maintenance/confirmation/1008/task_control/selected.pt,0.8500704300734172,0.9505968030068994,0.9237782461644036,0.8704166666666666,0.0989975618320538,0.3297367508225344,0.135040953634635,0.0915686052269911,0.1389233595815431,0.0480962568193471,0.135040953634635,0.976942410665501,0.5765503875968992,0.903254569772626,11215,0.928846153846154,0.4415094339622641,0.7643312101910829,785,0.0745231122543987,0.4887939689997312,0.0201547554439777,0.0400367889711461,0.0062258695713642,0.0692532622356645,0.0269949496534966,0.0842557687286534,0.4869222023033923,0.0200476558534525,0.0465420001520419,0.0048081525232747,0.0627968677752626,0.006138293254314,0.0032206304591869,0.0072681658986313,0.0627968677752626,0.0564366411955739,0.1516853699382381,0.1164417289655449,0.1025820815461204,0.0788444353663687,0.0825324568600662,0.0619468496231197,0.4576707403435017,26802a05ea3d8d4c49ab3cc8968cbc4ade2dffeb5e7c26d4ce2101822868af79,interfair/studies/requirements/maintenance/confirmation/1008/task_control/DONE.json,c9df9a12631922d7c963a6526cdbfd218f90434dfcf8e61f02e19efdf7357e5f,5,10,22.247140398947522,c6466833c5c8981d0fdc62142a53e1eb8cdab186d042bbf26a443d14d756307d,e29e55ecdf3761e28c1722bd0340b48d97484b3b00cb6b7c55ba796640557db2,2168320,770,False,interfair/studies/requirements/maintenance/confirmation/1008/update/selected.pt,True,True
hmda_oh,mlp,1009,task_control,task_control,interfair/studies/requirements/maintenance/confirmation/1009/task_control/selected.pt,0.8507588364801808,0.9510495777590144,0.9233637523304876,0.8698333333333333,0.0987370434756665,0.3288061998965065,0.1747147871873628,0.117808458210411,0.1604010779466763,0.0609021292334591,0.1747147871873628,0.9762867446180744,0.5784883720930233,0.9030762371823452,11215,0.9153846153846154,0.4037735849056604,0.7426751592356687,785,0.0722690146831573,0.5148258778884274,0.0214737504925643,0.0481899250889425,0.0042175558032664,0.0703842119454815,0.0273943814376132,0.0725316006410534,0.4951244460528188,0.0190771229097704,0.0538913845110689,0.0038252965566936,0.0629038581275895,0.0107769028406676,0.0046735355859962,0.0102012934691544,0.0629038581275895,0.053642587514696,0.2147251314280675,0.1716855121957378,0.1520757393872348,0.1176817365634355,0.122538713184271,0.0924666338905119,0.4253697892621568,3ec8f7f99031b4c4475e1df61ba8e3a9ba187179626d06003c8efc218dd9ba60,interfair/studies/requirements/maintenance/confirmation/1009/task_control/DONE.json,671b28b35d7c1ffa1a6f21922f7ff585cc677d269c4fadcd6ecce5846bc8ae83,10,10,22.14363454800332,26543a0e1c22f9776cd609824d48a5910b94b235e6f7b200573def7294136f46,a8e4f550f4c6ceb84a124f3dc34fd3308a90ebcc650bf7385898a8ab30351b60,2168320,770,True,interfair/studies/requirements/maintenance/confirmation/1009/update/selected.pt,True,True
hmda_oh,mlp,1000,update,update,interfair/studies/requirements/maintenance/confirmation/1000/update/selected.pt,0.8517527647139184,0.9511824999729364,0.9234150630067404,0.8693333333333333,0.0991110611204102,0.3288716668340233,0.1643904490273511,0.1058501634442674,0.145432499126795,0.0473098778611836,0.1643904490273511,0.9800021855534914,0.5983527131782945,0.909763709317878,11215,0.9326923076923076,0.4339622641509434,0.7643312101910829,785,0.0568737387895726,0.355850900429363,0.0173356840725897,0.0429417174786589,0.0027749798214168,0.0635090941846291,0.0265843161296583,0.0663785089201852,0.351322587579591,0.0164336149993349,0.0432318902971511,0.0006715791247306,0.0529266635278705,0.0032566248477315,0.0022742390583597,0.0045774945743445,0.0529266635278705,0.0484037338813723,0.1429853350401734,0.1182635735966889,0.0918542154437955,0.0711072207981974,0.0694282136319073,0.0531034587673597,0.5777361755757877,f84956a12b49f492fa0241d9c1642e9de1365d1a9de813b1bddb7a1cdc66ea0a,interfair/studies/requirements/maintenance/confirmation/1000/update/DONE.json,fe403cc86c72ece97bde4048a59e4c6816ce8c47223f89749bcba834e0d8981f,10,10,3.2762782589998096,f80096a82f6f77b2853c381beddb0c85480f6ef684792d05ed899f0ac3ebd8f3,eb2bb7c55a1e9d656fcea6c20430c4fa88ba457018c0d20a3e9701853f1471c0,0,770,False,interfair/training/mlp/runs/confirmation/hmda_oh/1000/equality_direction/selected.pt,True,True
hmda_oh,mlp,1001,update,update,interfair/studies/requirements/maintenance/confirmation/1001/update/selected.pt,0.8496847928447467,0.9506231945223148,0.9221515892420538,0.8673333333333333,0.099313246090852,0.3299150358775007,0.1473581249085855,0.0970388465888556,0.1392033531070478,0.0467195682691257,0.1473581249085855,0.9774887990383564,0.5964147286821705,0.907356219349086,11215,0.9307692307692308,0.4490566037735849,0.7681528662420383,785,0.053551349295733,0.351729657161166,0.016596125099417,0.0363711294660428,0.002647535824981,0.0638609602144733,0.0289206903908248,0.0604825609326531,0.3597659640200347,0.0156080012153491,0.042576643166219,0.0018094299388437,0.0543555571959732,0.0029286156937757,0.0020592117443689,0.0048084530063536,0.0543555571959732,0.0502725272208691,0.123447253519667,0.1010450243761539,0.0817395769794488,0.0671694142109794,0.0627616378801002,0.0497849900667948,0.5757581217940883,c7bc60f7a2322541c43f6beb365caf4f4c4d2f34686e269456561312dc14b432,interfair/studies/requirements/maintenance/confirmation/1001/update/DONE.json,05c1bdfcbc20668607d149a84cbe7f5f30a7740d9badd0bfc70706e101154f5f,10,10,3.339809270983096,57b5cd7a3f86e03e90a0e34eb70d26fdea14091674714d92ff4825f590b083e9,299d8f3d0587b8b23a147194723a4d080dcf5034d46d1f7a8c427bfd52c5fe07,0,770,False,interfair/training/mlp/runs/confirmation/hmda_oh/1001/equality_direction/selected.pt,True,True
hmda_oh,mlp,1002,update,update,interfair/studies/requirements/maintenance/confirmation/1002/update/selected.pt,0.8465248629236355,0.949876328945753,0.9218528823156148,0.8665833333333334,0.1010584831425709,0.3343950511148836,0.1585015357612987,0.1074402049325058,0.1479547126090795,0.0563788741037128,0.1585015357612987,0.979455797180636,0.6075581395348837,0.911012037449844,11215,0.9230769230769232,0.4490566037735849,0.7630573248407644,785,0.0706007674512809,0.4055804978277645,0.0205397213276738,0.0507835621618845,0.0053456244854666,0.0626020267086938,0.032347528618538,0.0935671888980052,0.4615905064820653,0.0227062552088719,0.0568157604948638,0.0034590014966083,0.0602639296718606,0.005751460657702,0.0027081439961271,0.004496596166345,0.0602639296718606,0.0549081347565596,0.1413605299135632,0.109842519136004,0.0913233816419185,0.0706948228157811,0.0694989573948306,0.0542959715117011,0.4732549465734155,a402a34bcd3ab210b65f5df8b80b859e7ee56bb682f3aba4c1027ebfc1aebe6b,interfair/studies/requirements/maintenance/confirmation/1002/update/DONE.json,a8dc9aa5f27f1b386a272e33a772a8e8eec7d6b8c3ea0b736f26c2457f6d2978,10,10,3.2790899769752286,11732ca34d9bb2a62a6345ab2599f533e0831c50a3a993e5e433bb0cc6a78a76,24b843d514186b8bdd9b3ce64e5a31f09455e6d25b7129f3b9b5b620b4e161a1,0,770,False,interfair/training/mlp/runs/confirmation/hmda_oh/1002/equality_direction/selected.pt,True,True
hmda_oh,mlp,1003,update,update,interfair/studies/requirements/maintenance/confirmation/1003/update/selected.pt,0.8504710736782435,0.9508494858642592,0.9230392156862746,0.8691666666666666,0.0989598846513982,0.3292544809725711,0.125658183413778,0.0813592229241582,0.1279297801227313,0.0370602624345385,0.125658183413778,0.975521800896077,0.5784883720930233,0.902452073116362,11215,0.9384615384615383,0.4528301886792453,0.7745222929936306,785,0.0473383105132746,0.3359807179176409,0.0147949072673505,0.0344987588122257,0.0023296194614024,0.0645840309006519,0.0250070635260914,0.0503381845483454,0.3457786314191247,0.0131844554795797,0.0370545286937488,0.0018037166767178,0.0540846245993154,0.0041005981551964,0.0023341843454555,0.0058493137951136,0.0540846245993154,0.0494618928407816,0.1507326807054925,0.1217454911514586,0.0945747542562961,0.0754399028424954,0.0701145860438639,0.0561621134255482,0.5788722337934241,8747444963a648138192bc5cb2fdf35c110321fa4a046d0c20b2a501c5bd5c37,interfair/studies/requirements/maintenance/confirmation/1003/update/DONE.json,94465e4fa4a9333b918fde63edfbbca399b688c32bb5121869e126c65c76bf0a,10,10,3.367780067026615,11fe662a94bfcdda2219e9f4347b389b4e0c37360796d6cb8e9f7da7d7c98fc4,6f89fc684a710b317ccd71ca070b7e8ce186e3c726f7cda59fc516beb1caa922,0,770,False,interfair/training/mlp/runs/confirmation/hmda_oh/1003/equality_direction/selected.pt,True,True
hmda_oh,mlp,1004,update,update,interfair/studies/requirements/maintenance/confirmation/1004/update/selected.pt,0.8483478934399893,0.950324678713009,0.9227982572085964,0.8685833333333334,0.1000257387891406,0.3315399635265861,0.1594431037004534,0.1048951352332954,0.1466938898370301,0.0503471667661373,0.1594431037004534,0.9772702436892144,0.5896317829457365,0.9059295586268392,11215,0.926923076923077,0.430188679245283,0.759235668789809,785,0.0621247970851115,0.414819529115742,0.0191953030562472,0.0491503804921124,0.0038655148663765,0.0664412088891114,0.0286746484604296,0.0681755355564048,0.3960357131372369,0.0182895341316257,0.0519436201568637,0.0019548654070684,0.0606101687989329,0.0034692765695281,0.0023807349657406,0.0033737482632445,0.0606101687989329,0.0558953096723185,0.151689045520176,0.1202032179773241,0.0979921640547252,0.0748823264345928,0.0735380794787905,0.0544865931854091,0.5308748711161112,496256d188314acf300a12882c16fefe6b88aa50869c299934692dd7e9b15c36,interfair/studies/requirements/maintenance/confirmation/1004/update/DONE.json,9f7c9f65322912f843e6421d33c52d87b9ec1be874e781d1c3b34c244636e30a,10,10,3.333479565975722,10447efdbc010698d24693d1d97f44e17916d2197382d6a0de5a6def9938005f,b0bb54fccba984f1165913883b044d297d674e57f2f78e815eb520c9e968009e,0,770,False,interfair/training/mlp/runs/confirmation/hmda_oh/1004/equality_direction/selected.pt,True,True
hmda_oh,mlp,1005,update,update,interfair/studies/requirements/maintenance/confirmation/1005/update/selected.pt,0.8469235974332703,0.949758651378658,0.9228584023117988,0.86875,0.1005364868938789,0.3331521307919271,0.1565361269562674,0.1001745596155881,0.1417130719492489,0.0438129922749089,0.1565361269562674,0.9765052999672168,0.5867248062015504,0.9047703967900134,11215,0.9326923076923076,0.430188679245283,0.7630573248407644,785,0.0566735628262966,0.3674298983986447,0.0169546972565332,0.040433542280673,0.0027935564770047,0.0635449895702206,0.0273080915574143,0.0754856639111245,0.4659406132722781,0.0181041815227377,0.0419316332092469,0.0027617713752167,0.0601454448684422,0.0043296264833111,0.0021496236379964,0.0028576726942288,0.0601454448684422,0.0558875617630708,0.1112845330514221,0.091514461701834,0.0758977458504785,0.0613638919489768,0.0589044487871197,0.0476543940697387,0.4765298629745628,a3111c6a3dafa5ca50d86badd44e52b49882c4b66e04dc7cc18d633a28c1c155,interfair/studies/requirements/maintenance/confirmation/1005/update/DONE.json,b0bc90861abbfde7406fc11df98e31b0996964be8af44191a4855d7127925659,10,10,3.2519920739578083,d62e9847c827d0c954efc566d873b738b28ca5b85a8ce8105f66079a588ec77c,1a276a279b5a376ee847358aef1e9a523f5d88c678137f5ab9e547ad79ec695d,0,770,False,interfair/training/mlp/runs/confirmation/hmda_oh/1005/equality_direction/selected.pt,True,True
hmda_oh,mlp,1006,update,update,interfair/studies/requirements/maintenance/confirmation/1006/update/selected.pt,0.8452992904070763,0.9488486894896324,0.9212965233168244,0.86625,0.1012416827979708,0.335341731481327,0.1665057773877432,0.1107973773163845,0.1518405456750087,0.0550889772450258,0.1665057773877432,0.974319746475795,0.5891472868217055,0.9034329023629069,11215,0.9192307692307692,0.4226415094339623,0.7515923566878981,785,0.072216928730273,0.4695704219070321,0.021977317184792,0.0569914625920552,0.0053825131194397,0.0655780413485187,0.0314644768928465,0.0919682110335369,0.5405603837881485,0.0237883364285551,0.0592403537648075,0.0061355196384613,0.0641968872738678,0.0065964946789744,0.0029541936903265,0.0057877731234909,0.0641968872738678,0.0583815745829267,0.1449269487696123,0.1112423012985417,0.1039104802196049,0.0785277667690383,0.0803932840631408,0.0595956861313062,0.3976420285492535,0179182da1318e8511031236382022eec61ad03796e0f6085e7a5ce0a491c947,interfair/studies/requirements/maintenance/confirmation/1006/update/DONE.json,56b2e5660a987828be8d34014f1829565a8765a717af8b31e0c480bba39bcdc1,10,10,3.2933985220151953,1898301ecc0af5d51d02e4fbde4f1875b7bbb825ef80e04ca3fd787aba53b750,91b1fca2c0e405e9a4783c6b55be0fe8b06c81933922fe7a7149d2501a6b6bc8,0,770,True,interfair/training/mlp/runs/confirmation/hmda_oh/1006/equality_direction/selected.pt,True,True
hmda_oh,mlp,1007,update,update,interfair/studies/requirements/maintenance/confirmation/1007/update/selected.pt,0.8496234132144639,0.951033957575623,0.9238524028579818,0.8703333333333333,0.0991279827365878,0.3298201462840808,0.130503144654088,0.0840768583403422,0.1295983825120473,0.0376505720265964,0.130503144654088,0.978035187411212,0.5833333333333334,0.9053945608559965,11215,0.9403846153846154,0.4528301886792453,0.7757961783439491,785,0.048299010625328,0.3364644191910154,0.0137847346139892,0.031475339547545,0.0021415422136749,0.062846513088159,0.0247816258034102,0.0504374351801045,0.3347134936550509,0.0130065107462214,0.0358420727319203,0.0009047149694218,0.0544175078390344,0.003804776687423,0.0022963343469401,0.0035227195809131,0.0544175078390344,0.0498552700183095,0.1440278267934811,0.1216601777058026,0.0939256592043804,0.0750683137678574,0.072535053681547,0.0570612646499967,0.5910590008064219,1b30b85921970babee22c52b6b0e681c9b83715bda4e0b9eba62fe49cc5e25a7,interfair/studies/requirements/maintenance/confirmation/1007/update/DONE.json,9db7df3acfa6b56f0a265f553d9fd9f56aa74e7c3bd7cdc86d2d195dab043bbb,10,10,3.266920530004427,c8afc264974f99ee72d2ddedeacb0e150f94067bd6c11ec3877fe35bcf25a2d2,f8fc726c7c8d448dbc09a150380bfd36d8a0af5db7185d5de6813a1c93811c9a,0,770,True,interfair/training/mlp/runs/confirmation/hmda_oh/1007/equality_direction/selected.pt,True,True
hmda_oh,mlp,1008,update,update,interfair/studies/requirements/maintenance/confirmation/1008/update/selected.pt,0.8502248225973292,0.950690760808654,0.9234007146003622,0.8695833333333334,0.0990640189418217,0.3297035755834848,0.1234404709667983,0.0812338657718081,0.1279678319811671,0.039027260576818,0.1234404709667983,0.9774887990383564,0.5838178294573644,0.9050378956754348,11215,0.9384615384615383,0.460377358490566,0.7770700636942676,785,0.0611741781360412,0.4076449102847708,0.0163243392554514,0.0337976758687616,0.0036049486420068,0.0653695083280415,0.0255387177403493,0.0715796237431468,0.4189330399596407,0.0167088283225781,0.0391207079495058,0.0025627264474943,0.0594356673543439,0.0042750599770327,0.0025435530194394,0.0040475048006573,0.0594356673543439,0.0544047624856563,0.1329102422078422,0.104496343423058,0.0887406138573475,0.0697389621962578,0.0705110671957854,0.0538950319874408,0.5246275419254351,1edc2fe68ec83c281f798b3b9e4a3220df7f46aa90ba7a28d315300ffc0f6c1b,interfair/studies/requirements/maintenance/confirmation/1008/update/DONE.json,7e320b48d0f88d48ec5b19508e27c5b87678de09d678b55c48c6ad434185ae13,10,10,3.2968738630297594,d02c17bb902f4adca2247523a7ec85021fca49095308658eb20679fdd7b7a8a1,8e06c5156d03a423311c9fa76b5ad073b84ba15a645959ba845f61e8a6bc0a90,0,770,True,interfair/training/mlp/runs/confirmation/hmda_oh/1008/equality_direction/selected.pt,True,True
hmda_oh,mlp,1009,update,update,interfair/studies/requirements/maintenance/confirmation/1009/update/selected.pt,0.8507134843699935,0.9510481420647714,0.9229412629206878,0.8689166666666667,0.098943736433696,0.3290264820330373,0.1423083954951002,0.095038409645367,0.1399933551232283,0.0477684237956339,0.1423083954951002,0.9766145776417878,0.5838178294573644,0.9043245653143112,11215,0.928846153846154,0.4415094339622641,0.7643312101910829,785,0.0551431528027286,0.4035557916657747,0.0161224393946209,0.0359934064749661,0.0016434159015785,0.0647129311210575,0.0247273950934091,0.0566397774326589,0.3932473093347932,0.0149110772009116,0.0398897270998212,0.0021062838678397,0.0579736394999207,0.0044280350078722,0.0026019742702962,0.0037547667192632,0.0579736394999207,0.052814106209903,0.1531803281005253,0.1230266906690902,0.1047139786706696,0.0832176427190963,0.0804558713438795,0.0606970868416164,0.5344148035830962,31d0f0d39ec82e23b754da1b8e0380cf596142389082941abbff3e5813109608,interfair/studies/requirements/maintenance/confirmation/1009/update/DONE.json,509cccd54820b91513e2444561040ba261f1ff7475185600bfb5580bd22fa2fc,10,10,3.275841075985227,cd4479c3758b995bd5e7bfc5ac85644cfab530d1732b7efdc53970f6a3fe9e48,e29e55ecdf3761e28c1722bd0340b48d97484b3b00cb6b7c55ba796640557db2,0,770,True,interfair/training/mlp/runs/confirmation/hmda_oh/1009/equality_direction/selected.pt,True,True
