task,architecture,seed,arm,auc,ap,f1,accuracy,brier,bce,eomax,aod,dp,sex_aod,sex_dp,sex_eomax,subgroup_aod,subgroup_dp,decision_disagreement,P_R,P_third,opposite_005,P_mean_common_abs,L_R,L_third,violation_005,any_violation_005,direction_L_R,direction_violation_005,direction_P_R,direction_decision_disagreement,direction_opposite_005,direction_P_mean_common_abs,direction_L_third,direction_direction_logit_loss,direction_adverse_magnitude,direction_adverse_decision,direction_common_response,direction_signed_common_response,direction_adverse_0,direction_both_adverse_0,direction_adverse_005,direction_both_adverse_005,direction_adverse_01,direction_both_adverse_01,direction_joint_pass,checkpoint,tpr_gap,fpr_gap,group0_tpr,group0_fpr,group0_positive,group0_n,group1_tpr,group1_fpr,group1_positive,group1_n,sex_tpr_gap,sex_fpr_gap,subgroup_eomax
hmda_oh,mlp,1000,cot_phi,0.8478976799565294,0.9495177759993272,0.9230313795145056,0.87,0.0999714051387654,0.3330503334677898,0.1295816878747988,0.0901497790684906,0.142057810427913,0.040192632118166,0.0297150585081839,0.0780834322113283,0.1028188206935807,0.146116201924656,0.085271213986525,0.0422765068422994,0.0285943606166688,0.1824272204549856,0.0735583338181354,0.3248152989301439,0.2185185015136417,0.8777783210838644,0.9974707810623592,0.2408162798788184,0.8202611205683473,0.0338179390686584,0.0765073222404563,0.1010035728551267,0.0579328735667391,0.1764658254524453,0.0431600683414449,0.0075396822102505,0.010467384837511,0.0579328735667391,0.0441477119518952,0.413826778619219,0.1565836642117933,0.2969335966100809,0.0876490424556341,0.23876156597775,0.0620758075185659,0.011795670197613,,,,,,,,,,,,,,
hmda_oh,mlp,1001,cot_phi,0.8499007647879734,0.9503044417495234,0.92282222330428,0.8679166666666667,0.099770008600017,0.3321334704817654,0.1198990785432206,0.0879097033562416,0.1346933559751356,0.0350360669285681,0.0197315208302646,0.0648785361893461,0.1093910738111889,0.1386643963619751,0.0500699269995016,0.0281116463943545,0.0171403570308796,0.1248118404730682,0.05752849403599,0.2237230885829337,0.132840560374445,0.8219316198215876,0.9907552419261898,0.177005822296636,0.7577429862581483,0.0239462463793297,0.0535330121107325,0.0634478286576445,0.0475384920848137,0.1262498053920109,0.0507449606802861,0.0078896842777038,0.0062110242943172,0.0475384920848137,0.0325230222746277,0.3769124331404493,0.1988747514760916,0.2646255701647942,0.1242192829584183,0.2116283373772191,0.094797181784612,0.0248267344906799,,,,,,,,,,,,,,
hmda_oh,mlp,1002,cot_phi,0.8499694478173025,0.9503308550798246,0.9232646685541346,0.869,0.0993023546425063,0.3302983698259475,0.0831047974257715,0.0644097156937958,0.1178784101138431,0.0336617091128559,0.0218291566493896,0.0645600449634672,0.0879299050502344,0.1219742503366505,0.0572791228763532,0.0285126580721052,0.0177552446764862,0.1367065928365619,0.0571982132534955,0.2273490707171945,0.1322839721596056,0.8252988880261978,0.9909801731235132,0.1866617644975088,0.7722602514982253,0.0259056769118186,0.0671715155800701,0.1005792970108707,0.051100232140751,0.1132365875805699,0.0330313703577983,0.0067947529051372,0.0078291339759775,0.051100232140751,0.0386416703328207,0.368577778523773,0.1473900907809095,0.2799495542118941,0.0969444565633001,0.2360234234766523,0.0733158991692088,0.028927375352603,,,,,,,,,,,,,,
hmda_oh,mlp,1003,cot_phi,0.8467902937515891,0.9489834085858228,0.9242298895323372,0.87025,0.1001481592676869,0.3339829406395365,0.0947327044025156,0.070322229238656,0.1207697834167729,0.050549831596762,0.0356855584708015,0.0948822831449447,0.0891475372296541,0.1383091930239433,0.0628818793013314,0.030870619529623,0.0167059204716847,0.1070459005299427,0.0587743566020323,0.224650545022447,0.120311279799266,0.822040818772643,0.9910074952431308,0.1973407905339287,0.7768431652547354,0.0275525919003618,0.070385899035058,0.0972535932184416,0.0485030771545727,0.1093675400150236,0.0378257670609542,0.008457201849881,0.0106954377734003,0.0485030771545727,0.0327229515901116,0.4068066686983981,0.1801914575877883,0.3100547533111969,0.1147707653499759,0.2577001101993923,0.0866720093062114,0.0238945512936337,,,,,,,,,,,,,,
hmda_oh,mlp,1004,cot_phi,0.8477709249153306,0.9499139286612464,0.9235870678304968,0.8694166666666666,0.0999006350474268,0.3324931305227177,0.0784646043586367,0.0536543283555244,0.1047573342117443,0.0394986323567416,0.0262324117562655,0.078005370636358,0.0834502732336535,0.1138620097733847,0.0571215796575582,0.0321447553224805,0.0185415514252572,0.1391266675453973,0.0544693002316996,0.2511731322836161,0.1641825208669014,0.8444489964087935,0.9938670931533272,0.200753408723065,0.7910600638037697,0.0281677376488711,0.0629625055850683,0.0791184082954721,0.0478237855940193,0.1430443278348821,0.0441074532844767,0.007706566866522,0.0103459546838737,0.0478237855940193,0.0333437963921778,0.3693414387617513,0.1480117815657216,0.2657901599712493,0.0867424706763451,0.2184918343107189,0.0648865679916161,0.013866481916253,,,,,,,,,,,,,,
hmda_oh,mlp,1005,cot_phi,0.8512129347503674,0.950620498319252,0.923182173573104,0.869,0.0993316277901867,0.330479278115173,0.0564849349129735,0.0423693388366638,0.0981970802297877,0.0378988240693108,0.0233968154849654,0.0726222444264035,0.0603919216118448,0.1036243308043485,0.0686643367083283,0.0333755386815323,0.0189450132733894,0.1464412510149057,0.0619910906609845,0.2635609473202664,0.1417040832630847,0.8378297531799315,0.993714550415471,0.2093660757036803,0.7805959826479951,0.0303907888582079,0.0726144125124274,0.1017084107615353,0.0532797170620921,0.125284046907535,0.0357465320750775,0.0077364771961714,0.0117273184604858,0.0532797170620921,0.0391780750744429,0.3998517056274061,0.1440197722813337,0.2731050839157926,0.0890731574473537,0.2286876153720594,0.0677144677806143,0.0176419509191798,,,,,,,,,,,,,,
hmda_oh,mlp,1006,cot_phi,0.8495800589945932,0.9503303142787054,0.9221343873517788,0.8686666666666667,0.100164897843757,0.3327097871787472,0.041513090536785,0.0306869437956657,0.0932173982183778,0.0429386993828257,0.0348912139652288,0.0762848935240116,0.055910612005206,0.0994954109389925,0.0828377632396694,0.0406662438413783,0.0260865599214886,0.1805652010083922,0.0696152509229151,0.3224770781050358,0.1991034853831859,0.8809334782137493,0.9967722118528052,0.2496319558071259,0.8296547042247497,0.0340238916529952,0.0877436458113158,0.1149409736822528,0.0677897419429293,0.1868405151413168,0.0729347922520012,0.0107100301920756,0.0175084199980397,0.0677897419429293,0.0479361039045444,0.405648511789894,0.164630046964961,0.3058579189417469,0.1075482799112705,0.2555670441523524,0.0833123647781213,0.0091739800065303,,,,,,,,,,,,,,
hmda_oh,mlp,1007,cot_phi,0.8486121477325343,0.9498790111705838,0.9232047709830375,0.8690833333333333,0.1000141699246552,0.3329779427675171,0.0971277607137633,0.0686238990181461,0.1193817424911471,0.0443377101745511,0.0315536257471612,0.0848685443077499,0.086541754539277,0.1337882221565343,0.0707916052702894,0.0374496244257485,0.0249807081849144,0.1386557879080555,0.0557198926875601,0.2924975334728941,0.1872250920935029,0.8477049613682349,0.994287500106457,0.2362169051019104,0.7992868474103159,0.0332800400403878,0.0757314447998191,0.0961645161519118,0.0505861294300577,0.1735400760954949,0.0470104518621487,0.0081245660230233,0.0127312562666537,0.0505861294300577,0.0354741686735417,0.4012024935577147,0.169072651268941,0.293045395926708,0.1089985841157671,0.2282185607106318,0.0776935668517198,0.0139604297304526,,,,,,,,,,,,,,
hmda_oh,mlp,1008,cot_phi,0.8458902663627328,0.9490921214581016,0.9228578443407808,0.8690833333333333,0.1004135999669218,0.3336977749170742,0.0918732631271025,0.0655156183073287,0.1193567532109804,0.0460209708135186,0.0340519112496784,0.08573658902142,0.0901677812189664,0.1446020954445429,0.0691251287133792,0.0329872104015886,0.0196611031788349,0.1678933103344673,0.0592481938272366,0.2572694489609051,0.1554620416784007,0.8490690493323044,0.9940841769734372,0.2273632238137843,0.8108283718333174,0.0315290148166064,0.0799160259416757,0.1362029339444873,0.0521010305595292,0.1424943260405635,0.044738247875534,0.009022959384201,0.0126731269457075,0.0521010305595292,0.0357593267214609,0.4771722621226231,0.1730295773859562,0.3549806224524594,0.1195104804156901,0.291690155619373,0.0898193367823985,0.0136602723183375,,,,,,,,,,,,,,
hmda_oh,mlp,1009,cot_phi,0.8470802320340935,0.948956495942984,0.922556280347246,0.8684166666666666,0.1002715009804305,0.3335116876103646,0.1166575252303642,0.09257134224078,0.1460316739126113,0.0548623002521605,0.0366856509538964,0.1059045775307562,0.1137232367121657,0.1574194501921371,0.0695691354391717,0.0350270330749317,0.0186078175061803,0.1303012360017569,0.0576385820560155,0.2709871112262673,0.1447957587546688,0.85503452433526,0.9954783244927432,0.2326902424304966,0.8100282645298269,0.0319800885187262,0.0804192283096356,0.1243410344801468,0.049269847640163,0.1218305590778557,0.0496834823802984,0.0085227373652007,0.0135360194786901,0.049269847640163,0.0337747707136391,0.4265183415859584,0.1548823919555245,0.3101451652901023,0.0950664455928491,0.2475327651513814,0.0753677915550107,0.016322595217673,,,,,,,,,,,,,,
hmda_oh,mlp,1000,dralign,0.8496094501810287,0.9509807177187962,0.9238455568490492,0.8691666666666666,0.1007131491246496,0.3349434651030697,0.00340244259178,0.0026745281223822,0.0572282912727778,0.0340955940890087,0.0249011354059317,0.0671360769374883,0.0402162998458573,0.0762176897559694,0.0520024698520634,0.027008746342657,0.0190378107518171,0.1037633315824518,0.0629710958391107,0.2345557090958597,0.15674841209731,0.8277205346640292,0.9936549964181952,0.1986300550676802,0.7716405470379095,0.0228998131135792,0.0431627635589028,0.1065295986960289,0.0458225745385223,0.1402271489483136,0.0546612964868035,0.0097385563902712,0.0092782555035348,0.0458225745385223,0.0277652514067879,0.5189360174856849,0.2344006704938359,0.3758504721304366,0.1524013951325868,0.294940252509598,0.1185363449226537,0.0258762373241172,,,,,,,,,,,,,,
hmda_oh,mlp,1001,dralign,0.8459341755521359,0.949356606075212,0.9214296191267785,0.8660833333333333,0.1010222216403165,0.3351159030630512,0.0197180781044318,0.0135836214854094,0.0713182697195237,0.0362431576199877,0.021671430332617,0.0686036345469306,0.0461315177855455,0.0687618533438543,0.0599440507469849,0.0239349590018411,0.0136728415861214,0.079207289395838,0.0691797273769727,0.1738713777729668,0.1010215349745292,0.7802705770976601,0.9841625353548904,0.1580560890731366,0.7361917957033288,0.020526460046323,0.0477791720452669,0.1234282015672274,0.0450099107368698,0.1004796375564672,0.0470150984009556,0.0105366678742835,0.0136730683751011,0.0450099107368698,0.0255958233516695,0.4671517291294637,0.2024510467353642,0.3613169816342476,0.1394976415943605,0.3065244438568484,0.1095283010281404,0.0363848414264218,,,,,,,,,,,,,,
hmda_oh,mlp,1002,dralign,0.8476923856271061,0.9500531299108302,0.923632459864344,0.8695833333333334,0.1004083879462692,0.3344390389611791,0.0490401491882405,0.028452494758373,0.0817001797524357,0.0397043606180104,0.0228227082511065,0.0748672953225504,0.046969733216406,0.0845190002299076,0.0493806128320175,0.02481466418332,0.0141648440040208,0.0694908133105631,0.0594257375573631,0.178704574560281,0.1047853695461706,0.7806552951331087,0.9833529185487832,0.163368666225956,0.7276887387188467,0.022264635442531,0.0445253379652359,0.0731677151661027,0.0449676712872849,0.0878514287500954,0.0614753327062593,0.0099456479686153,0.009243372952524,0.0449676712872849,0.0260052418227739,0.4293287215265817,0.2283403511617552,0.3237342409124254,0.1597465567704508,0.2678600347848424,0.1232948165430607,0.0455387388236852,,,,,,,,,,,,,,
hmda_oh,mlp,1003,dralign,0.8325679341534421,0.9450142099662991,0.9105369807497468,0.8528333333333333,0.1118263632672569,0.3662815931600391,0.0430616498464238,0.0227725975752129,0.0867996967210088,0.0267925357235236,0.0147457960968822,0.0454536938737276,0.0483808437262467,0.0840509738233651,0.1229299998810225,0.0419479067896668,0.0269587526426486,0.1298684733235196,0.1048020084744903,0.283747522921264,0.1676651644698727,0.8468661810309874,0.9925366339576922,0.2616862464260098,0.8021532911888134,0.0392315243363611,0.1134625659689564,0.1376063377279367,0.1029144015108995,0.1649470024907926,0.0486115757194403,0.0120064153321119,0.0267477002772941,0.1029144015108995,0.0810723258214328,0.3773025935000298,0.1562162502045157,0.3186848963159057,0.1254482390209639,0.2796246023697699,0.1065763022075117,0.0230412871906501,,,,,,,,,,,,,,
hmda_oh,mlp,1004,dralign,0.8410763052472725,0.9476868193470426,0.9139232860163092,0.8575,0.1082621664829309,0.3560315388994407,0.0677234167032324,0.0510198793795828,0.0257929126993817,0.0233216202463689,0.0128089500453018,0.038615499906326,0.0761814471041152,0.0224603409202877,0.1216207153372018,0.0389473342918662,0.0222157004018326,0.1018550990099963,0.0815267026493663,0.2257053908061957,0.1375787560514385,0.8115012614138102,0.9874821794615296,0.2222738198127898,0.7702803634061678,0.0372869466118987,0.1140377870433089,0.1058968399922282,0.0631124746537732,0.1332813713193603,0.0657883404738377,0.0118723423778742,0.0230811934308234,0.0631124746537732,0.0407301325459282,0.4159509353709785,0.2031053844231199,0.3323865319666816,0.1484626950810383,0.2739400660143687,0.1165775557950014,0.0230443406769427,,,,,,,,,,,,,,
hmda_oh,mlp,1005,dralign,0.83978728861377,0.9475598815185028,0.9018234263933244,0.8411666666666666,0.1186692958746677,0.3852224661391628,0.048835381015065,0.0420038307360069,0.0345596065324249,0.0432996117305681,0.0426294078192345,0.0640916755136451,0.0809083554303221,0.0478585739153283,0.1476606554604857,0.0494153153159012,0.0287982394991435,0.1403851500091038,0.1019224123102622,0.3066633180704045,0.1672312748343594,0.8489454865095006,0.9938661984336782,0.2896025703129393,0.8073248171136829,0.0472872315120479,0.1486095539923747,0.1567729934560746,0.0802673106561505,0.1610840394086965,0.0656123537479603,0.0138962548249345,0.0357196774996506,0.0802673106561505,0.0546649158316793,0.4483624278674901,0.1803580537825154,0.3498024208852319,0.1295292369703829,0.2868577022465502,0.1101059537133668,0.0225315093975815,,,,,,,,,,,,,,
hmda_oh,mlp,1006,dralign,0.8409293049175317,0.9473756953779016,0.9174174174174174,0.8625,0.1055729172181537,0.3506633407131961,0.0645842474769635,0.0513890278179014,0.1163779174274671,0.0386296241041508,0.017057542286177,0.0662461749828264,0.0654322753749118,0.1159654481558117,0.1218202978196245,0.0436507545219938,0.0329194895180134,0.1400818448508437,0.0982282314169071,0.304900442059232,0.228129208920278,0.876403766680673,0.997071397827483,0.2692237532290633,0.8352059425052528,0.0422329065674406,0.1299297940137566,0.1256406094115936,0.0920822646548231,0.2104653851416266,0.1322257807218013,0.0187860468464962,0.0379474902800072,0.0920822646548231,0.056729389238743,0.4333282844454378,0.2176256864555296,0.3596130901967439,0.1707744491041329,0.325111542424343,0.1445318557825427,0.0121753322975268,,,,,,,,,,,,,,
hmda_oh,mlp,1007,dralign,0.8486419384970332,0.950515333938076,0.9212730318257956,0.8668333333333333,0.1009055663712168,0.3347490563793403,0.0086575237678941,0.0049686624251201,0.0588605456182148,0.0310308094759821,0.0216906389969169,0.0600449634671829,0.0391075527354124,0.0624084474660886,0.0665653463042449,0.0275932377490249,0.0206981835434822,0.098616534933162,0.0770192257766896,0.2064265227950905,0.1448413906130981,0.7987599397335731,0.9857409771865784,0.1817287583305109,0.7384113578590019,0.0257623321381548,0.0664690745433402,0.0944827369636753,0.07120933021295,0.1459726748396932,0.0463625935855926,0.0116318891924251,0.0242011685301319,0.07120933021295,0.0491817647614159,0.3956475749971742,0.1977977106210236,0.3168177022131729,0.1433573526041004,0.2643318893619539,0.121267757500616,0.0416417289927453,,,,,,,,,,,,,,
hmda_oh,mlp,1008,dralign,0.8394505553002942,0.9476070722766954,0.9163407421539636,0.8538333333333333,0.1094987602649091,0.3577038737695372,0.0135366388767003,0.0103300361065579,0.0502710484990813,0.0156765299491434,0.0135548589102908,0.0308530568912759,0.0360012632330334,0.055634231764885,0.0434619059949679,0.0260995163176848,0.015417594976003,0.1459538618375921,0.0540375464179107,0.2150195684503443,0.1275326252458421,0.8314525746141604,0.9924280462601992,0.1814354042388114,0.7674021860042631,0.0217166995699327,0.0361106965364135,0.1720150075384382,0.0338914227164347,0.1150334438150872,0.0758682426147282,0.0143592035637874,0.0128378790489057,0.0338914227164347,0.0073198636744275,0.6454662010854402,0.2933607680888337,0.5308624836941037,0.2027437965062649,0.4501220681399843,0.1580440239784532,0.0260618968230468,,,,,,,,,,,,,,
hmda_oh,mlp,1009,dralign,0.8375443459504252,0.946414002207514,0.9151509094543274,0.8585,0.1079694157590242,0.3545791013507537,0.048036419482229,0.0378760899223473,0.0333589852080499,0.0400887081675405,0.0310336670755959,0.0749453568975208,0.0690264048770993,0.0495943771143297,0.0687061833659063,0.0235425469190798,0.0122738358310277,0.0612673132845485,0.0699240107710908,0.1485791908549364,0.0841157256576667,0.7185191544364664,0.9625656544714408,0.1821362041663268,0.7202553659340644,0.0272910113341988,0.0692768852562346,0.1077197558398424,0.0586659275549547,0.0804989799882435,0.0242270396339062,0.0073143498733774,0.0098395876738431,0.0586659275549547,0.0452145797923832,0.425726475765858,0.1965304874608515,0.3185937409877488,0.1275430111402256,0.2561687680249035,0.0992172557254292,0.0534135589156433,,,,,,,,,,,,,,
hmda_oh,mlp,1000,erm,0.8519298887898774,0.9515206517007684,0.9241209736906812,0.8714166666666666,0.0987964864455611,0.3292561919674276,0.162984496124031,0.1081298370602754,0.153484158784158,0.0410607335754092,0.0298631804928065,0.0798944607506401,0.1322521920994087,0.1571493832800365,0.0997501093948706,0.0373812084340921,,0.142139786885465,0.0847254971882042,0.2609266951677796,0.181328201278471,0.845953235546004,,0.2209551487801629,0.7988481709822453,0.0319995919878475,0.092081414667248,0.1274581398283525,0.0666468675499041,0.1632805833406641,0.0580167188173286,0.0110413218663779,0.0179662930653621,0.0666468675499041,0.0461880747591277,0.4506762497378764,0.1934756508189262,0.3526357457565836,0.1358717739229796,0.2917678029128943,0.1066008134606742,0.0177765314416321,interfair/training/mlp/runs/confirmation/hmda_oh/1000/erm/selected.pt,0.0532751779965199,0.162984496124031,0.974429024150366,0.562984496124031,0.8987070887204637,11215.0,0.921153846153846,0.4,0.7452229299363057,785.0,0.0022270064001783,0.0798944607506401,0.2038676236044657
hmda_oh,mlp,1001,erm,0.8496541141289959,0.9503607178323924,0.923491115571002,0.86975,0.0998643559388384,0.3341757560979038,0.1480199648968846,0.0986044992309713,0.1427830674909342,0.0448907632844561,0.0330487553158115,0.083963030038094,0.1150969409434433,0.1538985778566032,0.1146910121456207,0.0476571889344274,,0.1746586220112857,0.0846662838383852,0.3546223113097259,0.2330111609920022,0.8875061939070445,,0.305282346843842,0.8485261441749227,0.04170050612815,0.1047439450188571,0.1894518898472074,0.0636343593033165,0.2188884446551132,0.136867970620634,0.0176036935093235,0.0285384297634447,0.0636343593033165,0.031412327526973,0.5895901807935011,0.2391287373262033,0.4676796740322708,0.1643861272197216,0.4032315630482569,0.1320789398264525,0.0118489853035597,interfair/training/mlp/runs/confirmation/hmda_oh/1001/erm/selected.pt,0.0491890335650579,0.1480199648968846,0.978035187411212,0.5857558139534884,0.9058403923316988,11215.0,0.928846153846154,0.4377358490566038,0.7630573248407644,785.0,0.0058184965308182,0.083963030038094,0.1837719298245613
hmda_oh,mlp,1002,erm,0.8510029786768719,0.9509112262695456,0.9242638800722692,0.87075,0.0988472951562865,0.3297434201244006,0.1572253912534736,0.1089657255604137,0.1526935888297916,0.0336110263736738,0.022560990200021,0.0649940673203023,0.1205456064296071,0.1604361677669393,0.0837388393857411,0.0364610612247362,,0.129666328493289,0.0806863013839737,0.2416645854705001,0.1495544223277807,0.8409027373548744,,0.2075651956559149,0.7857799994259547,0.0307824229021651,0.076166785690697,0.1374527266045409,0.0630583142798193,0.1249311733156446,0.0708969621474873,0.0147740275736458,0.0236738866947287,0.0630583142798193,0.0354926407026646,0.4689142887695853,0.2144137309206651,0.3866802729287556,0.1653622639660728,0.3348283642137896,0.1441996874961287,0.0263209535557878,interfair/training/mlp/runs/confirmation/hmda_oh/1002/erm/selected.pt,0.0607060598673537,0.1572253912534736,0.9818599060212,0.5949612403100775,0.9106553722692822,11215.0,0.921153846153846,0.4377358490566038,0.7579617834394905,785.0,0.0022279854270452,0.0649940673203023,0.1706140350877193
hmda_oh,mlp,1003,erm,0.8491582599511919,0.950286907990972,0.924722778564799,0.8715833333333334,0.0993849805155349,0.3315711713261314,0.101767953780898,0.0660489861790514,0.1151778640412777,0.046886653042191,0.034316692751536,0.0872541060388434,0.0904516122341219,0.1300160935395933,0.0776408950642495,0.0317723346079077,,0.1064475231543435,0.0721576013921892,0.2123387563520495,0.1329787078437732,0.8107814327425429,,0.1839612889221652,0.754879537424756,0.0272758426473831,0.0774961276003503,0.1070668618292759,0.0646916666084175,0.1254068551084459,0.050279146965106,0.0110524930373814,0.012430273586672,0.0646916666084175,0.0439680864574306,0.4319965846115473,0.198285496194451,0.3478988773186177,0.1475375731241985,0.2976442889935978,0.1161465864216196,0.0309204510231947,interfair/training/mlp/runs/confirmation/hmda_oh/1003/erm/selected.pt,0.0303300185772047,0.101767953780898,0.9803300185772048,0.5847868217054264,0.9075345519393668,11215.0,0.95,0.4830188679245283,0.7923566878980892,785.0,0.0065192000455387,0.0872541060388434,0.1528309409888357
hmda_oh,mlp,1004,erm,0.8488256778098187,0.9502347753946984,0.9244496739716624,0.8715833333333334,0.0994345632862203,0.3314026055541704,0.1647451367558871,0.1229527277552289,0.1712799338919952,0.0327470188636467,0.0228165813495626,0.0636295509898208,0.1385985936324091,0.1757726541202745,0.0775599470785847,0.0308805391248117,,0.119158811075889,0.0813444251514833,0.2231210319807544,0.15605300152471,0.8374036417575241,,0.1877127898754049,0.7880958002420105,0.0266003304801128,0.0737306587020484,0.1071374447695228,0.0677362057555094,0.1389152161079986,0.0708706112663847,0.0123350661921384,0.0243165944745163,0.0677362057555094,0.0443849862093249,0.3790596722151377,0.175349296369643,0.3064027735476784,0.1391534422474886,0.2710477224795656,0.1167378574467824,0.0168153443691695,interfair/training/mlp/runs/confirmation/hmda_oh/1004/erm/selected.pt,0.0811603187545707,0.1647451367558871,0.979237241831494,0.5760658914728682,0.9050378956754348,11215.0,0.8980769230769231,0.4113207547169811,0.7337579617834394,785.0,0.0018644867374726,0.0636295509898208,0.1882879134595381
hmda_oh,mlp,1005,erm,0.8524387514535208,0.951812051054148,0.9243020150521972,0.8700833333333333,0.0994425606618893,0.3301288259403612,0.1021025303495685,0.0680959555406963,0.1139670198295617,0.024031583072694,0.0147288229236861,0.0430899893836257,0.0934866311132995,0.1201434168085606,0.0664717551332834,0.024896507361885,,0.0749753799655806,0.0703657855453572,0.1600193473791916,0.0954360512671436,0.7557516077675384,,0.1344646860123864,0.6940505298355887,0.0204335226965037,0.0650225385309542,0.077258881389997,0.053935327736265,0.0900397214166864,0.0410410063346005,0.0112032868542211,0.0215354348477584,0.053935327736265,0.0323345818263577,0.4119319110122176,0.2037522561558028,0.3023111266757371,0.1552569329786019,0.2522780158614979,0.1319399221553315,0.0422551937043883,interfair/training/mlp/runs/confirmation/hmda_oh/1005/erm/selected.pt,0.0340893807318242,0.1021025303495685,0.9860124576549012,0.6153100775193798,0.9177886758805172,11215.0,0.9519230769230768,0.5132075471698113,0.8038216560509555,785.0,0.0049731767617623,0.0430899893836257,0.1481259968102073
hmda_oh,mlp,1006,erm,0.8482674228577919,0.9503685849528426,0.9244553243574052,0.8714166666666666,0.0993615253148871,0.3308603118265022,0.2018191458241919,0.1472809236682134,0.1901332099014343,0.037038240723896,0.0193500798111723,0.0667676263036283,0.1753266354751779,0.1984896936472998,0.111053183681341,0.038274988573056,,0.1546665497306593,0.0812321476856118,0.2338667883078986,0.1683919627629826,0.8439650922446961,,0.1977762155425259,0.7985802377591124,0.0325816595789557,0.1145822404165169,0.1596261795879415,0.0710243481677527,0.162890578806156,0.0679262169727237,0.014960226828455,0.0372605250898184,0.0710243481677527,0.0430307527421247,0.4783597970844611,0.20640140939814,0.3961292957528062,0.15362402885923,0.350116617414938,0.1287232057929764,0.009456640805952,interfair/training/mlp/runs/confirmation/hmda_oh/1006/erm/selected.pt,0.0927427015122349,0.2018191458241919,0.9812042399737734,0.5867248062015504,0.908604547481052,11215.0,0.8884615384615384,0.3849056603773585,0.7184713375796178,785.0,0.0073088551441637,0.0667676263036283,0.2491626794258373
hmda_oh,mlp,1007,erm,0.8541751845240397,0.9522706763847854,0.924278670116682,0.87075,0.099123072461849,0.3288664267759534,0.1369039783530788,0.0918010556930193,0.1366936342648466,0.0432264326805647,0.032777432932576,0.0796384187847374,0.105730510966863,0.1566623969520806,0.0835828216384559,0.0292666802272971,,0.0836331085193764,0.0717552354331606,0.1861926240149601,0.1365162227744984,0.7813649341498825,,0.1601477842404705,0.716944510255697,0.0263561561971333,0.0883236636257663,0.0797737915247145,0.064111919658266,0.1363701148040006,0.043011436154276,0.0106782071059415,0.021154486938498,0.064111919658266,0.0437249859084493,0.4042864045042048,0.2137568317718035,0.3150442148063027,0.1555400692911133,0.2708683063826171,0.1241508433172414,0.0464614112133473,interfair/training/mlp/runs/confirmation/hmda_oh/1007/erm/selected.pt,0.0466981330329597,0.1369039783530788,0.9813135176483444,0.5935077519379846,0.9099420419081587,11215.0,0.9346153846153846,0.4566037735849056,0.7732484076433122,785.0,0.0068144465763919,0.0796384187847374,0.1683014354066985
hmda_oh,mlp,1008,erm,0.8486289522099753,0.950304944652412,0.922748447204969,0.8673333333333333,0.1018585874541508,0.3399621707211254,0.1686009945882697,0.1109605722754315,0.1464763695119423,0.0325916201268581,0.0220371401180157,0.0637044901017923,0.1245301868438112,0.1594229316517226,0.0779663117352906,0.0330960846558561,,0.1441757726553086,0.0672095189097368,0.2323160527724259,0.141696013501777,0.8398868024311313,,0.1911385330998996,0.7717688018840629,0.026897320838148,0.0856273941176625,0.1487374790806655,0.0514258340690606,0.1278976418348961,0.0514254831980667,0.0110200738929432,0.0140589476405737,0.0514258340690606,0.0310807160347013,0.5094825814547038,0.1940752788426217,0.4024578709651993,0.1355701049238656,0.3323719110905256,0.1117063410046813,0.0268508139581232,interfair/training/mlp/runs/confirmation/hmda_oh/1008/erm/selected.pt,0.0533201499625933,0.1686009945882697,0.9860124576549012,0.6327519379844961,0.9209986625055728,11215.0,0.9326923076923076,0.4641509433962264,0.7745222929936306,785.0,0.001478750151924,0.0637044901017923,0.1908154774287497
hmda_oh,mlp,1009,erm,0.849628385741474,0.9508435683084494,0.9221456692913386,0.8681666666666666,0.1003941320289996,0.3330953905043155,0.1687984496124031,0.1207395154848158,0.1671402324570994,0.0368380158745352,0.026626934538114,0.0733372884531318,0.1442997411581403,0.1721797693702673,0.1021697098082739,0.0327954830742727,,0.1268268391192862,0.082920503997927,0.1872337978310234,0.1181124148607439,0.8002426863833505,,0.1869156367643601,0.7811379440291155,0.0316348789532279,0.103320909347015,0.1551899147256902,0.0717892501115219,0.1082225768428411,0.0396981487877268,0.011557196412716,0.0344572750213148,0.0717892501115219,0.0506718301132913,0.4110490362423358,0.1528952384632433,0.3393345234024715,0.1176613813407334,0.3008255754184974,0.0962800235495559,0.0294241213622759,interfair/training/mlp/runs/confirmation/hmda_oh/1009/erm/selected.pt,0.0726805813572286,0.1687984496124031,0.9726805813572288,0.5687984496124031,0.8983504235399019,11215.0,0.9,0.4,0.7312101910828025,785.0,0.0003387432959386,0.0733372884531318,0.2039074960127592
hmda_oh,mlp,1000,ltdd,0.8470415839558576,0.9495927369587196,0.92388425698872,0.8706666666666667,0.0999280115230591,0.333302229877727,0.0805525084101214,0.0529278769785281,0.1065923424894433,0.0454093695985658,0.0316073603296206,0.0887216636482857,0.0818135279705075,0.1108289380788238,0.1152921788246873,0.0490852533323996,0.0340749468500764,0.1934932742957498,0.0881948756591282,0.3503978206974241,0.2479890726931916,0.8870636461682447,0.998405577957976,0.2587776901016489,0.8338685385789659,0.0365055154420845,0.1029639089047027,0.1673100599204582,0.0645194413886993,0.200712642030432,0.0585306817250133,0.012269646725537,0.0212492525909229,0.0645194413886993,0.0422360576283435,0.4811403556805176,0.1842953385435605,0.3884095784893302,0.1389959662664117,0.331685608390058,0.1103397637547372,0.0094723766899385,,,,,,,,,,,,,,
hmda_oh,mlp,1001,ltdd,0.8474452243961588,0.9497480812382508,0.9222649699122027,0.8686666666666667,0.1013791498406933,0.3385046467383042,0.0625237677343863,0.0482182064212646,0.1085165170622829,0.0469085906702751,0.0353705198170903,0.0863111222132017,0.0737220895020769,0.119468256314251,0.1135453899523544,0.0500508711509807,0.0333433347454594,0.1918724728440234,0.0855988747884391,0.3675106107496696,0.2515350286547824,0.8960635806003227,0.9985621061352324,0.3045294894290116,0.8565716393373544,0.0436681038047578,0.1146165373737915,0.1753002022306639,0.0778573736348057,0.2157661983447732,0.1055466827260211,0.0157352935589712,0.0283471307816489,0.0778573736348057,0.0491892694631476,0.5010351472259644,0.1927826839388229,0.3923881049003732,0.1403364576606405,0.3385742354674451,0.1172525610920308,0.0061817886558138,,,,,,,,,,,,,,
hmda_oh,mlp,1002,ltdd,0.8498262212803822,0.9505838256019954,0.9222742344450946,0.8671666666666666,0.1005561980858743,0.3342481447674669,0.008602091560626,0.004815806672355,0.0612288478521997,0.0437362898751934,0.0319289398647097,0.082189471054768,0.0561749258675107,0.0672723119730885,0.0601208591575598,0.0303579595917924,0.0167924629201527,0.1173694801496761,0.0673821939751609,0.2371006781384565,0.1264579967774274,0.8327389223803897,0.99339158596794,0.1757550966550688,0.7560508755332145,0.0258370764257665,0.0625377538586476,0.0761921961230174,0.0591310709685697,0.1101286299848399,0.0326872447929443,0.0077027086110636,0.0062564712175696,0.0591310709685697,0.0445052800436726,0.3552832870556007,0.1633432483367392,0.2601684066683325,0.1242404423682243,0.2198372569488328,0.0996683121369785,0.0275656262141365,,,,,,,,,,,,,,
hmda_oh,mlp,1003,ltdd,0.8463349079520874,0.9500862689507452,0.923610432743968,0.8696666666666667,0.1010126181217056,0.3360579952583934,0.0271628638291648,0.0231191663362093,0.0827321234356852,0.0491108556094207,0.0324746480819527,0.0969618435021545,0.0525397237847841,0.1078973297861858,0.0846944349888217,0.0422462523866729,0.0309551781161997,0.2066723176767017,0.0706867193163821,0.326379881189248,0.2370017133818829,0.8789515568991623,0.9981342874681942,0.2872055524414656,0.8283018344918331,0.0394756790764185,0.0969881938988106,0.178980781491714,0.067062015305704,0.2134095216846472,0.0862650419382208,0.0146066298258867,0.0233869967926415,0.067062015305704,0.0402896267956827,0.5041204745380897,0.1770546806996918,0.4048170926776985,0.1445216621221225,0.3422423735614658,0.1167449063470446,0.0104531784005468,,,,,,,,,,,,,,
hmda_oh,mlp,1004,ltdd,0.8474347465713872,0.9499810638913828,0.9221287419291724,0.8673333333333333,0.1012873311183746,0.3361848653703915,0.0266783677051338,0.015195328199969,0.0718788247087186,0.0449935243414212,0.0320993339644042,0.0857615687254105,0.0510582553201325,0.0892961539724767,0.0905097590525102,0.0357853058716888,0.0223663604041719,0.1211929744360881,0.0811916145959926,0.2659282272862934,0.1607125403593933,0.8492673124354494,0.9936419657232765,0.1825902775181815,0.7646372687046756,0.0283749916026423,0.0929824506898076,0.0961815289874435,0.0721843819180423,0.1296452792318907,0.0570876357176753,0.011901625033187,0.0198827994304305,0.0721843819180423,0.0495280326891109,0.4239135862592908,0.2123899294469708,0.3257386277706063,0.156426219971171,0.2795061150280493,0.1269623040059021,0.0289408830181635,,,,,,,,,,,,,,
hmda_oh,mlp,1005,ltdd,0.8501196003739873,0.9510168809696616,0.9240684207975964,0.8694166666666666,0.100703379727278,0.3341484948824577,0.0135274974403978,0.0094946398376051,0.0563746801798091,0.0331142058699638,0.0243270281720728,0.0650565165802785,0.055945278806578,0.0633062004236056,0.0827283011705824,0.0376074109530874,0.0240630871453129,0.1349062123619969,0.0686332318251999,0.2475118119501352,0.1649689534338806,0.8323498641147403,0.9935515148597648,0.1798038168416694,0.7647181860352655,0.0277351342553982,0.0799842764559577,0.1020148846364453,0.055783927118944,0.1509955243345817,0.066856629905513,0.0134244067469788,0.0192615772104691,0.055783927118944,0.0301467768079332,0.4653954335113858,0.2425201373767955,0.3780557680750335,0.1765695842552453,0.3156700100105992,0.1450148920660866,0.0200434563570674,,,,,,,,,,,,,,
hmda_oh,mlp,1006,ltdd,0.8452433272794297,0.9491807531390304,0.9225310467179184,0.869,0.1011020161564598,0.3364771162542397,0.0957218078104431,0.0623697217729619,0.1155737169566464,0.0454151858523599,0.0345788247824556,0.0836195591082245,0.0807002175077261,0.1350543567510755,0.1175484144583477,0.0482479037812575,0.0322299126606237,0.1904620522467774,0.0855641754672104,0.331852885235788,0.2242705771420176,0.8843791945057247,0.998005494588734,0.2657527364111648,0.8331737385324904,0.0416260599869476,0.1319633694293014,0.1648545238203286,0.074689632566444,0.1931133431822044,0.0998070769614118,0.0177099590471322,0.0354648444778701,0.074689632566444,0.041702576336548,0.490604615158381,0.2046916724697032,0.3952998303474305,0.1526805409414315,0.3524701813191924,0.1296062728028207,0.0104374425165603,,,,,,,,,,,,,,
hmda_oh,mlp,1007,ltdd,0.847849464203555,0.9503544502973568,0.923264787769257,0.8690833333333333,0.100530966130234,0.3333762672863771,0.0328744332309492,0.0196593318950153,0.0758276989132502,0.0317027095031698,0.023986653952518,0.0629145069630924,0.0367561278120865,0.0915591027030576,0.1219119000992448,0.0432049834697201,0.031396785085926,0.1482972575956225,0.0787783848447477,0.2615315877064705,0.1918013409471583,0.8471516510384044,0.9958643971789556,0.1858280464181094,0.7915755609309643,0.0329225547529463,0.1199038034917324,0.1211880641673246,0.068676153980535,0.16134302422806,0.0426664034031774,0.010901866691789,0.0220273587313882,0.068676153980535,0.0482124947579725,0.3958100427183513,0.178970869788588,0.3295184632683989,0.1413426682470353,0.2747290822220269,0.1208639002362529,0.0159241437474802,,,,,,,,,,,,,,
hmda_oh,mlp,1008,ltdd,0.8462948391518484,0.9496181684578886,0.9239754696777962,0.8698333333333333,0.101022444684387,0.3373585919811677,0.0057974989030276,0.0053125251632897,0.0646171670675362,0.0421799416042945,0.0295726494452711,0.0820489602198214,0.052941682911362,0.0747117942654449,0.0704663111165828,0.0374659660364809,0.0265479828956432,0.1662786353126389,0.0667080103595234,0.2937007808799289,0.2140898452011331,0.8740864196492554,0.9971002272481329,0.2232069856884561,0.8161194213289351,0.0291195222919058,0.0675570633038173,0.1534645007406213,0.0514735698558363,0.1733750863265448,0.052560367866254,0.0100332479000243,0.0124919174167929,0.0514735698558363,0.0334248888852159,0.4446782719482355,0.1478425264259343,0.3358177423460734,0.1091905590023599,0.2833286437640726,0.0897662296101277,0.0120905454236073,,,,,,,,,,,,,,
hmda_oh,mlp,1009,ltdd,0.847532909582277,0.9502517568721376,0.92228889214108,0.86725,0.1009972438560671,0.3349794490326672,0.040244259178002,0.0285344090372328,0.0835982291687372,0.0260177850258905,0.0171545791592782,0.0484481358895896,0.0490072893871831,0.0827872143084568,0.1045343375833994,0.0426871387343422,0.0262850920434523,0.1516370184957718,0.0779039060682777,0.2637150992846539,0.1703291318272378,0.8480451672506262,0.9952500478411868,0.1911318420770577,0.7835855680747597,0.0306237467017925,0.0930772307201129,0.1345619219682907,0.061882447690254,0.1652570293109645,0.0438385648131141,0.0110746781743161,0.0211391014030179,0.061882447690254,0.0414592565069466,0.4502242354642357,0.1897685851754939,0.3580261269835136,0.1322473637129387,0.302337320798817,0.1073343262201123,0.0138896180118125,,,,,,,,,,,,,,
hmda_oh,mlp,1000,mirrorfair,,,0.923449708238552,0.871,,,0.0218535176246892,0.0170656423307494,0.0834340950330965,0.0424913817719636,0.0307055466591288,0.0831480671954037,0.0496215974674316,0.0948385719446907,0.069463972664537,,,,,,,,,,,,,,,,,,0.0122693932893939,,,,,,,,,,,,,,,,,,,,,,,
hmda_oh,mlp,1001,mirrorfair,,,0.923136948888022,0.8686666666666667,,,0.0052435278630977,0.0027540529625921,0.0581460793807201,0.0394798017744571,0.0283204432432405,0.0765253231749204,0.0505868650687101,0.0699362827207935,0.0453442833796776,,,,,,,,,,,,,,,,,,0.0081318769032638,,,,,,,,,,,,,,,,,,,,,,,
hmda_oh,mlp,1002,mirrorfair,,,0.9239210307157204,0.8705833333333334,,,0.0693341377797279,0.0408064777817043,0.0936495991776255,0.0366319433749353,0.0210911961972143,0.0679666520951727,0.0527033237302868,0.1011150523861136,0.0435334601592802,,,,,,,,,,,,,,,,,,0.0100379295704666,,,,,,,,,,,,,,,,,,,,,,,
hmda_oh,mlp,1003,mirrorfair,,,0.923898139079334,0.8705,,,0.0036521859737901,0.0023837206013458,0.0601974721071357,0.0401107236670448,0.0292637376931039,0.0775338787235371,0.0471912016182849,0.0767300555062896,0.0532149145021613,,,,,,,,,,,,,,,,,,0.0112432622781481,,,,,,,,,,,,,,,,,,,,,,,
hmda_oh,mlp,1004,mirrorfair,,,0.9231673277508448,0.86925,,,0.0283091999414948,0.0160107443181495,0.0739171548568653,0.0401642500300746,0.0301122307609703,0.0760413414101043,0.0475709576374376,0.0852760534699641,0.0551920615850802,,,,,,,,,,,,,,,,,,0.0151060967219267,,,,,,,,,,,,,,,,,,,,,,,
hmda_oh,mlp,1005,mirrorfair,,,0.923016186340308,0.87,,,0.0306768319438349,0.0192483501531334,0.0817268728471593,0.0289854601630446,0.0228829837149441,0.0577874227190407,0.0314616422208578,0.0910664433277498,0.0656126951138729,,,,,,,,,,,,,,,,,,0.0178691815718964,,,,,,,,,,,,,,,,,,,,,,,
hmda_oh,mlp,1006,mirrorfair,,,0.923698738170347,0.871,,,0.0260293257276583,0.0192991798985374,0.049790572794057,0.039149565206508,0.0290841532410935,0.0760038718541185,0.0568244459737515,0.0629109600289026,0.0688402560741949,,,,,,,,,,,,,,,,,,0.0195599738938772,,,,,,,,,,,,,,,,,,,,,,,
hmda_oh,mlp,1007,mirrorfair,,,0.9235528060097216,0.87025,,,0.0421273950563112,0.0288856673843293,0.0881848979557065,0.0454725650522055,0.0348152072676974,0.0827515143945544,0.0495438634434591,0.1073981016192071,0.057299249644647,,,,,,,,,,,,,,,,,,0.0111785580134955,,,,,,,,,,,,,,,,,,,,,,,
hmda_oh,mlp,1008,mirrorfair,,,0.923205260316993,0.8695833333333334,,,0.021423870118473,0.0109101059190837,0.070172170460967,0.0318313984565939,0.0260969575545648,0.0599044526322362,0.0387219886460294,0.0772342102670213,0.0736449924147738,,,,,,,,,,,,,,,,,,0.0137212114879007,,,,,,,,,,,,,,,,,,,,,,,
hmda_oh,mlp,1009,mirrorfair,,,0.9224036191974824,0.8685,,,0.0156501389498318,0.0081293657687215,0.0595227615426336,0.0309653189720333,0.0243969079680602,0.0606444763629551,0.0560498005118708,0.0596986308955244,0.0608999822776717,,,,,,,,,,,,,,,,,,0.0112052155664689,,,,,,,,,,,,,,,,,,,,,,,
hmda_oh,mlp,1000,neufair,0.8210984898213481,0.9410268081515352,0.917128126790147,0.8553333333333333,0.113339600106799,0.3760556731527272,0.042023182682463,0.0225409534117912,0.0309463837955876,0.0388216487152319,0.0237398391754581,0.077134203459689,0.0564801550711307,0.0400022990770847,0.059788275377224,0.0264752845360037,0.0178725104016337,0.1532330195623683,0.0653309155296645,0.1516931049914553,0.0982739552003705,0.7468831780007197,0.97556574772623,0.1317199889209629,0.6832886169754285,0.0234135989192378,0.0407423724542406,0.1624646830316043,0.0395636157837103,0.0887843789226906,0.0308301803080234,0.0144704019999199,0.0172298657683658,0.0395636157837103,0.0123682492554738,0.5404871765835422,0.2745262837441309,0.466034706518257,0.2122857995741451,0.4128085970674131,0.1701703786523908,0.0584946525838751,,,,,,,,,,,,,,
hmda_oh,mlp,1001,neufair,0.821766340156632,0.9420136950096468,0.9135920019043084,0.84875,0.1199095736830031,0.3970628187832601,0.0431420944858856,0.021658889681348,0.0237613978094624,0.0171977580948968,0.0142928193624661,0.0325360644476363,0.0481072099372876,0.0284362991427726,0.044691064644594,0.0192825192406979,0.0111046065657357,0.102671482357872,0.0639707820795636,0.1016163649388623,0.0583530441602331,0.6358771482510198,0.9317352365682686,0.0941376236046984,0.5700643627445287,0.0170561798455838,0.0415864691501074,0.1429503232680254,0.0360881413217104,0.0554628436978673,0.0144209832617795,0.0103563284055251,0.0184996684582746,0.0360881413217104,0.0166833850655441,0.5179906581968969,0.2485090609851274,0.433322110910969,0.1867239577753747,0.355046843583489,0.1497870750975305,0.0883064169250245,,,,,,,,,,,,,,
hmda_oh,mlp,1002,neufair,0.8364744756858746,0.9462431483339362,0.9140297369424324,0.8496666666666667,0.1166284819724342,0.3872373714868849,0.0381197893813076,0.0227635672611168,0.0314302671297256,0.0259226134405986,0.0186204817516446,0.0502810216698932,0.0485222201368035,0.0412585804841199,0.0427325539967139,0.018843032701768,0.0108674229200653,0.0995657285470775,0.055228989713084,0.0895372857349285,0.0562824512375568,0.5861258136548231,0.9077763470169417,0.0879211546690049,0.5164556722701032,0.0169770937477886,0.0466339433063489,0.1159074167044139,0.0360015343094014,0.0447854315134874,0.0119302576965534,0.0098241962615381,0.0103825984449937,0.0360015343094014,0.0173823145757967,0.5786140457481046,0.3105272167337731,0.480036169997125,0.2272688167139264,0.3978607509669606,0.1679928004368821,0.1203805296188507,,,,,,,,,,,,,,
hmda_oh,mlp,1003,neufair,0.8356081460470253,0.945497852887829,0.915947556615018,0.8530833333333333,0.1164005785506618,0.387225630855696,0.0587483545414656,0.029877169797821,0.0210864089552492,0.0110776597375411,0.0097287744880456,0.0206988072191344,0.0685168520942409,0.0253222033030163,0.0336103053529765,0.0180189506969861,0.0123910459862925,0.1478705347767781,0.0521191086368006,0.1016794168462681,0.0660125461701957,0.6601681072856634,0.9520405104725662,0.0799149516075843,0.562816788744392,0.0144021539244164,0.034096721381134,0.1394739912970176,0.0342907665667364,0.0611979633016969,0.0160438423252218,0.0104138857190655,0.0074888118267308,0.0342907665667364,0.0146260169610273,0.4944687991491632,0.2283167543000613,0.4104608140338638,0.1781537585929498,0.3469243291996713,0.1468891264519813,0.0872258998804004,,,,,,,,,,,,,,
hmda_oh,mlp,1004,neufair,0.833400677036191,0.9452566737186991,0.9131532561574008,0.8480833333333333,0.1177863874817711,0.3898636922539245,0.1042087172736581,0.0538094055841992,0.0020672949956126,0.01644856084942,0.0006225428744425,0.0302004621245237,0.0920973373213183,0.0208080808080808,0.040134052536117,0.0164631305373739,0.0115271246320556,0.0867900298059613,0.0570584881321701,0.0903200712990264,0.0649769510059522,0.6166333890997435,0.9315298823078576,0.0786179679111951,0.5256879436054817,0.014763960099973,0.034807647934749,0.1118908699304412,0.0361443405728806,0.0594725820182832,0.0191724361201486,0.0109794612861492,0.0097343613753135,0.0361443405728806,0.0150843312591869,0.5182164958159405,0.2844054847088354,0.4288378383704162,0.2220331152431399,0.3706202412666091,0.1796998484609923,0.1250635212025916,,,,,,,,,,,,,,
hmda_oh,mlp,1005,neufair,0.8331349354252992,0.9456865199281096,0.9129192073170732,0.8476666666666667,0.1136760512235233,0.3732718483080142,0.0814648237531081,0.0409504418522607,0.0116978228089654,0.0336839478407661,0.021657934590027,0.0662773996128146,0.0817996321569122,0.0246896096644839,0.0384857477238792,0.0199608385425061,0.0116959634007282,0.0992139062662351,0.0593598207715096,0.1202768318371939,0.0722737083111918,0.6700534299800341,0.955219685315147,0.0977181172573385,0.5769202161844825,0.0159212217635209,0.0337000306396481,0.0952609612081578,0.0378893116194006,0.0653574429885087,0.0236514594914214,0.0106389140257158,0.009007691989473,0.0378893116194006,0.0174978479608811,0.4834201368119502,0.2428095246493032,0.385259611613014,0.186209565789939,0.3236369364729403,0.1471497274749804,0.0959340344293749,,,,,,,,,,,,,,
hmda_oh,mlp,1006,neufair,0.8241030060746077,0.942694326109014,0.9140762602941876,0.8495833333333334,0.1143518421826057,0.3760278868463936,0.0195315928038614,0.0120381415848867,0.0348441435634145,0.0091667042577007,0.0007401959432791,0.0148035970773746,0.0323613652097097,0.036951331496786,0.0344190405701732,0.021383052157196,0.014947998777647,0.1339878556016936,0.0609893380226521,0.13629667129523,0.0948494877514748,0.7365820623030385,0.978905497640886,0.1159582812143969,0.6534215964315769,0.0187877306185628,0.0317909314343919,0.127897820977674,0.0472791834595726,0.0899612465381694,0.0287553818242678,0.0125250077804695,0.0076670780623264,0.0472791834595726,0.0234634589449071,0.541840105823125,0.2983478976393767,0.4537829221045596,0.2310554343509513,0.4002611126412571,0.1936199357045581,0.0453565938339304,,,,,,,,,,,,,,
hmda_oh,mlp,1007,neufair,0.8318054948110571,0.945461528029534,0.9142285333079196,0.85,0.1132929660461516,0.3734414950234836,0.0769270147725611,0.0413149191697762,0.0179780832654173,0.0099533710591632,0.0003552774935806,0.0172141385124586,0.0603453955760581,0.0135401525534005,0.0477918284400003,0.0170327674596455,0.0110311926061466,0.0730352304208659,0.0543989463478465,0.0935254883950865,0.0636664423184984,0.5839447296371482,0.9075650508726052,0.0688364831465253,0.4516031009718099,0.0127860855204726,0.053795115381527,0.0530050810883567,0.039614451254107,0.0646632385313504,0.0190548766075819,0.0105672559556478,0.0099637140170276,0.039614451254107,0.0189617637956431,0.4973721818471943,0.3358318369051561,0.3934085792908328,0.273092845033986,0.3389574083536897,0.2205934157684396,0.1620743946190269,,,,,,,,,,,,,,
hmda_oh,mlp,1008,neufair,0.8093854582620956,0.93675947939053,0.9146481022315468,0.8508333333333333,0.1175260308417882,0.3871193874464298,0.0657086441421677,0.0366126334788324,0.0235450133607457,0.0055296411613919,0.0013417086421519,0.0076594017360894,0.0899773749392461,0.0481013341975908,0.0302633265473113,0.0212158618317756,0.0128836748116857,0.1605098516545746,0.0528557532703017,0.1280997695074855,0.0782871644115519,0.7303789514185203,0.9746547492838432,0.1111712729755049,0.6450984167621607,0.0192522485726344,0.0255727604991101,0.1645859354354864,0.034977007481319,0.0711965578673836,0.0825279170332689,0.0252082965163793,0.0202928549412442,0.034977007481319,-0.013685648930438,0.7622937295849344,0.4801512065512812,0.6856513713994562,0.3704301153978947,0.6252774566646513,0.314688460634166,0.0457973280667072,,,,,,,,,,,,,,
hmda_oh,mlp,1009,neufair,0.8406668487262717,0.9485577756497144,0.9155868902439024,0.8523333333333334,0.1158633201087655,0.3858640757641433,0.069482229047828,0.0364890319436159,0.0198761326817189,0.0052975954430558,0.0065523900173565,0.0090769999375507,0.0705449669878163,0.0270899954317039,0.0270466932147426,0.0114179209418248,0.0068390970618657,0.0589798685304652,0.0476890033321039,0.0591212380575315,0.0383914732920688,0.4654730038549713,0.8373067778348798,0.0551941252962806,0.4224468658210633,0.0103025876809357,0.0289014915414095,0.0674820933930623,0.031826435012257,0.0356514713595623,0.0146207518287558,0.0109141114941227,0.0128741650318781,0.031826435012257,0.0105955979159038,0.5733587511097125,0.3654737535966363,0.4749591346460894,0.2602140524267583,0.3907727656725796,0.1988782498261977,0.1620558986794623,,,,,,,,,,,,,,
hmda_oh,mlp,1000,soft,0.8470526389489428,0.9493927753580208,0.9210008164049368,0.8629166666666667,0.1026195132881488,0.3399812708035328,0.0134452245136755,0.0073231140935433,0.0456985781667522,0.0286987537611284,0.0219200666209467,0.0548242053331667,0.0337316813245273,0.0626334285808125,0.0059593893563906,0.0062827318107911,,0.0101631952527379,0.0468552466618379,0.054143983534315,0.0098870296445851,0.3841352033824297,,0.0508771698191387,0.3464038177679834,0.0055348114410597,0.0063866980665024,0.0019527923480407,0.0445184780056586,0.0088482046840621,3.686624499053242e-05,5.6251535284566686e-05,0.0,0.0445184780056586,0.044424234278602,0.0113538819185766,0.0042516570025701,0.0062323996611698,0.0020533151059466,0.0026247436773752,0.0014818865345181,0.4161501746174312,interfair/training/mlp/runs/confirmation/hmda_oh/1000/equality_direction/selected.pt,0.001201003673411,0.0134452245136755,0.9915856190580264,0.6695736434108527,0.9323227819884083,11215.0,0.9903846153846154,0.6830188679245283,0.8866242038216561,785.0,0.0025733021890901,0.0548242053331667,0.0656623130307341
hmda_oh,mlp,1001,soft,0.8444227715276122,0.9486617583016624,0.9215921640178616,0.8639166666666667,0.1032744059765257,0.3427461445176087,0.0026089659207254,0.0013259181965286,0.0487813466382318,0.024896166974952,0.0180782509650077,0.048994566914382,0.0284195433288944,0.0628863270601373,0.0088312903836351,0.0062276187210796,,0.00941100028132,0.0472393507207899,0.0478325112506494,0.0067385194619228,0.3538416775764989,,0.0389862087178731,0.2942760732242553,0.005100452576044,0.008322461772971,0.0053485992510536,0.0363163894062415,0.0055639322902904,9.086060725776743e-05,0.0001706080426788,0.0,0.0363163894062415,0.0360409131498753,0.0423635638965519,0.0150629961211174,0.0205046072441281,0.0051524860542583,0.0099842645974158,0.0013988603893055,0.5116976485490183,interfair/training/mlp/runs/confirmation/hmda_oh/1001/equality_direction/selected.pt,4.287047233175745e-05,0.0026089659207254,0.992350562780024,0.6690891472868217,0.932857779759251,11215.0,0.9923076923076924,0.6716981132075471,0.8840764331210191,785.0,0.000797767035522,0.048994566914382,0.0554873054873054
hmda_oh,mlp,1002,soft,0.8349543253415206,0.9455503048787842,0.919242751018452,0.8595833333333334,0.1082850573149397,0.358642515065498,0.0319036126956266,0.0173290202714703,0.0344499944626026,0.0202994037518218,0.0163117990131217,0.0405108349466059,0.0590593312482184,0.0430804158533715,0.0073998080872182,0.0049789959660782,,0.0036682801761762,0.0444765596475623,0.035177973254869,0.0110191087018498,0.2377235809826614,,0.0419025496676052,0.291551859671845,0.0046345991431856,0.0058234944931113,0.0002857142857142,0.0474479065154133,0.0104547380579541,9.023495697642096e-06,2.037174341809296e-05,0.0,0.0474479065154133,0.0474187960619014,0.0113993283604267,0.0031415643852714,0.0028698252548366,0.0002717391304347,0.0002857142857142,0.0,0.4865883575948296,interfair/training/mlp/runs/confirmation/hmda_oh/1002/equality_direction/selected.pt,0.0027544278473139,0.0319036126956266,0.9914763413834552,0.685077519379845,0.935086937137762,11215.0,0.9942307692307693,0.7169811320754716,0.9006369426751593,785.0,8.797255703774098e-05,0.0405108349466059,0.1124167645906776
hmda_oh,mlp,1003,soft,0.844258544943586,0.94878470356795,0.9198188987877902,0.86275,0.1017508899665631,0.3369347238077511,0.0124031007751937,0.0092950542501423,0.0559930257190807,0.0250705994765346,0.0213747723835376,0.0469930681321426,0.0391251078257238,0.0654103852596315,0.0176766789320227,0.0071728200333351,,0.0135995881288082,0.0500846049308551,0.0609274340121061,0.0055027340037404,0.4145321675837152,,0.0600426496269704,0.4109948244043594,0.0062294648911444,0.0173067779927541,0.0033958069030129,0.051985937428054,0.0050965412691707,3.538196717889557e-05,5.245677920550947e-05,0.0,0.051985937428054,0.0519234860200695,0.0174155331783389,0.0028104031763048,0.0071022249160065,0.0005556926874421,0.0034189429985724,0.0002857142857142,0.3492104429048273,interfair/training/mlp/runs/confirmation/hmda_oh/1003/equality_direction/selected.pt,0.0061870077250909,0.0124031007751937,0.9765052999672168,0.6124031007751938,0.9094962104324564,11215.0,0.9826923076923076,0.6,0.8535031847133758,785.0,0.0031481308209265,0.0469930681321426,0.0648325358851674
hmda_oh,mlp,1004,soft,0.8408445277717632,0.9473261978230711,0.920585967617579,0.8626666666666667,0.1041012601164944,0.3450322768162723,0.0043696065525814,0.0027960227310791,0.0502721843754525,0.0112432556390577,0.0093980046006406,0.0191063510897395,0.0348952885989791,0.0470555391335762,0.0135180685601342,0.0070390200274191,,0.0064421993467441,0.051006244050077,0.0461517046601214,0.0104245219333156,0.3181813973248095,,0.0433049184660075,0.2545570891898858,0.0057655798588161,0.0139114390608625,0.0022407353335831,0.0410375717193105,0.0098065166734207,4.797023234127862e-05,8.482701550707264e-05,0.0,0.0410375717193105,0.0408975914161253,0.0274648523889137,0.0094189434799746,0.0106897987719364,0.0022669249154352,0.0050283597110739,0.0005417175321626,0.5496477578016529,interfair/training/mlp/runs/confirmation/hmda_oh/1004/equality_direction/selected.pt,0.0012224389095768,0.0043696065525814,0.9877609004480384,0.6560077519379846,0.9267053053945608,11215.0,0.9865384615384616,0.660377358490566,0.8764331210191083,785.0,0.0033801601883759,0.0191063510897395,0.0644731688209948
hmda_oh,mlp,1005,soft,0.8383569545385385,0.9467742936917454,0.9189059730804234,0.8589166666666667,0.1069232173938501,0.3527474209579561,0.0228005704256252,0.0116520441630744,0.0382460932952056,0.0228976168782459,0.0172612203645291,0.0455879597826764,0.0422912718944759,0.0422701744014188,0.007617845288854,0.0043860064033263,,0.0030384851904621,0.042593707933241,0.0310014983227009,0.0097330146967331,0.2060149002515936,,0.0338394042481673,0.2335825715009101,0.0041599184819102,0.0072106084269655,0.001979449901014,0.0397728827885598,0.0083898753856298,1.7094624033178897e-05,4.960045455139464e-05,0.0,0.0397728827885598,0.0397014520390264,0.0223481908133432,0.0048680645261297,0.0045618001414295,0.0008571428571428,0.002566614356429,0.0002857142857142,0.5862906454654122,interfair/training/mlp/runs/confirmation/hmda_oh/1005/equality_direction/selected.pt,0.0005035179005237,0.0228005704256252,0.9918041744071686,0.690406976744186,0.936335265269728,11215.0,0.9923076923076924,0.7132075471698113,0.8980891719745223,785.0,0.0002072739738154,0.0455879597826764,0.0845280062671367
hmda_oh,mlp,1006,soft,0.8318394367476583,0.9438094219886626,0.9176572501082824,0.8574166666666667,0.1094997418499299,0.363702143978113,0.0068416230256466,0.0057500494826931,0.0445013644714908,0.0330156286547185,0.0245918096739303,0.0621338912133891,0.0455816212012148,0.0465480999770092,0.0095561029354999,0.0048754323015708,,0.0038070248554603,0.0444954187376164,0.0301861849339347,0.0129899986050408,0.1916943784142064,,0.0358338907500467,0.2533743619253959,0.0049279032513701,0.008920547897373,0.0027784634372107,0.0409306047904858,0.0119676723045022,2.131865228434046e-05,7.130059748234246e-05,0.0002857142857142,0.0409306047904858,0.0408279254191049,0.0340739629456348,0.0064596273291925,0.007621631139074,0.0022857142857142,0.0022699784017278,0.0005714285714285,0.5197352120772655,interfair/training/mlp/runs/confirmation/hmda_oh/1006/equality_direction/selected.pt,0.0068416230256466,0.0046584759397396,0.9854660692820456,0.6763565891472868,0.92857779759251,11215.0,0.9923076923076924,0.6716981132075471,0.8840764331210191,785.0,0.0038973660960478,0.0621338912133891,0.0800767274451484
hmda_oh,mlp,1007,soft,0.84553748333038,0.9494309276665952,0.9218937755347272,0.8645833333333334,0.1023887873531097,0.3403479044501433,0.0056183267514992,0.0041863772994065,0.0468196881451422,0.0266152115610039,0.0198193673510498,0.0530256666458501,0.0293837816264619,0.0676618386047887,0.0120351600637567,0.0078625743701848,,0.0178906408660181,0.0466743627340642,0.0615666028612771,0.0046352824008166,0.4167910366626674,,0.0586296440717158,0.3858467359569242,0.0073731788734924,0.0136872648791324,0.0056526354173279,0.042677713688331,0.0044129435494753,0.0001278475930352,0.0001814802305477,0.0,0.042677713688331,0.0423975726983198,0.0439867423266247,0.0134796587974944,0.0185499439744068,0.0045036708204833,0.0105849367183913,0.0019527923480407,0.3883137768432297,interfair/training/mlp/runs/confirmation/hmda_oh/1007/equality_direction/selected.pt,0.0027544278473139,0.0056183267514992,0.9914763413834552,0.6623062015503876,0.9308961212661614,11215.0,0.9942307692307693,0.6679245283018868,0.8840764331210191,785.0,0.0002047564761578,0.0530256666458501,0.0584852795379111
hmda_oh,mlp,1008,soft,0.8468108276242877,0.9492030157982504,0.9224776377801288,0.8656666666666667,0.1013646007528921,0.3374492327620275,0.0199484422992539,0.0112967962359983,0.0431127556076796,0.0398253718182489,0.027932047362936,0.0760132392431148,0.0462320827772216,0.0651476335928006,0.0091975763790345,0.0067292421098086,,0.0134758869490376,0.047909824157988,0.056638834913248,0.005371773841795,0.3955772889016326,,0.0519290182868487,0.3730717108871,0.0059713672663858,0.0091354504644472,0.0039309494914691,0.0425661789667246,0.0048801291183984,8.460866782071752e-05,0.0001086700398685,0.0,0.0425661789667246,0.0423964536856158,0.0200944172295275,0.0058869134298196,0.0112306984658737,0.0041332877648667,0.0069559053677441,0.0017676008202323,0.4072577502230978,interfair/training/mlp/runs/confirmation/hmda_oh/1008/equality_direction/selected.pt,0.0026451501727428,0.0199484422992539,0.9915856190580264,0.6555232558139535,0.9297369594293358,11215.0,0.9942307692307693,0.6754716981132075,0.8866242038216561,785.0,0.003637504393383,0.0760132392431148,0.086708478813742
hmda_oh,mlp,1009,soft,0.8466668463288032,0.9491347455653418,0.9205012914952644,0.8615,0.104036217921989,0.3453376521105121,0.0232850665496562,0.0133036590029956,0.0367427609179016,0.0251538198733114,0.0166019160808231,0.0484325235745956,0.0331221846846847,0.0523237100535356,0.0074895968212095,0.0062001057757386,,0.0093074439423473,0.0437020310062591,0.0464944609340121,0.0057305468825996,0.3540662647559483,,0.0434915914649425,0.3201245234759655,0.0051928698923695,0.0075509305762121,0.0055779449445286,0.0335444886024063,0.0051042711910122,0.0001014089338958,0.0001667254975947,0.0005980861244019,0.0335444886024063,0.0332891758170418,0.0430639448847064,0.0124787749590214,0.0196796438002098,0.0043136650776755,0.0095792381835165,0.0022918217397016,0.4844904874595678,interfair/training/mlp/runs/confirmation/hmda_oh/1009/equality_direction/selected.pt,0.0033222514563351,0.0232850665496562,0.994754671620588,0.689922480620155,0.9386535889433794,11215.0,0.9980769230769232,0.7132075471698113,0.9019108280254776,785.0,0.0018751161720272,0.0484325235745956,0.061036036036036
