task,seed,architecture,arm,checkpoint,auc,ap,f1,accuracy,brier,bce,eomax,aod,dp,tpr_gap,fpr_gap,group0_tpr,group0_fpr,group0_positive,group0_n,group1_tpr,group1_fpr,group1_positive,group1_n,L_R,violation_005,P_R,decision_disagreement,opposite_005,P_mean_common_abs,P_population_effect_gap,direction_L_R,direction_violation_005,direction_P_R,direction_decision_disagreement,direction_opposite_005,direction_P_mean_common_abs,direction_direction_logit_loss,direction_adverse_magnitude,direction_adverse_decision,direction_common_response,direction_signed_common_response,direction_adverse_0,direction_both_adverse_0,direction_adverse_005,direction_both_adverse_005,direction_adverse_01,direction_both_adverse_01,direction_joint_pass,arrays,checkpoint_sha256,source_done,source_sha256,selected_epoch,epochs_completed,training_seconds,initial_state_sha256,task_batch_sha256,regularizer_model_rows,optimizer_updates,admitted,initial_checkpoint,pretrained_weights_loaded,negative_outcomes_retained,arrays_sha256
hmda_oh,1000,mlp,domain_pair,interfair/studies/requirements/runs/confirmation/hmda_oh/1000/domain_pair/selected.pt,0.8356299230514764,0.9453135143699412,0.9186319062425256,0.85825,0.1083987801813941,0.3581110020278739,0.0157269270147726,0.0101904475276278,0.0530102143682681,0.0046539680404831,0.0157269270147726,0.9931155065020216,0.7025193798449613,0.9396344181899242,11215,0.9884615384615384,0.6867924528301886,0.8866242038216561,785,0.01804309960524,0.0420017821887394,0.0026644240163498,0.0019297824934156,0.0005375054817866,0.04249394630782,0.0083106166292964,0.0142545092937315,0.0286040734614661,0.0019877444285061,0.0015074119932215,0.0,0.0358132331783025,6.842347860860878e-05,8.507855945008913e-05,0.0,0.0358132331783025,0.0356458472340164,0.0178772064491234,0.012784745980104,0.0074628951396237,0.0053614957733309,0.003351642900686,0.002160991818337,0.9643826720100976,interfair/studies/requirements/evaluation/confirmation/hmda_oh/1000/domain_pair/audit.npz,49587de5b5bd435f98a9fdea12357f5d2457f450c39414b5cff95b61320c510a,interfair/studies/requirements/runs/confirmation/hmda_oh/1000/domain_pair/DONE.json,cc3faa99d2d573b196684d514a2295d33cc3fee5f69311b8bccc686bded27684,5,40,136.19738319603493,6a435754a0f9bdb30cd26b642d67fe263a501a2867a6177a95c921b6dfaded5b,43217c8caf1391502d6abb6a1c2f10c879e7e830141606ed7f4cc12aa778a064,12615680,3080,True,,False,True,72865da0079768c80c32442190d9d9e64c9d314a124fb066ab959d96912ace87
hmda_oh,1001,mlp,domain_pair,interfair/studies/requirements/runs/confirmation/hmda_oh/1001/domain_pair/selected.pt,0.8459559081590244,0.949433475939794,0.9207877883180046,0.8629166666666667,0.1038779390810636,0.3468588255959008,0.0355272780459264,0.0217415565267249,0.0338900074115933,0.0079558350075233,0.0355272780459264,0.9881980111463228,0.6550387596899225,0.9268836379848416,11215,0.9961538461538462,0.690566037735849,0.8929936305732484,785,0.0167603412713301,0.0488558179936942,0.0027786966490334,0.0041866780367,0.0002683020459167,0.0501622009100695,0.0136127414996505,0.0082038045364879,0.0125851015349973,0.0015786130584203,0.003435537697288,0.0,0.0392900628720125,0.0012011912548335,0.0005632729764605,0.0,0.0392900628720125,0.0381650378820522,0.0422582639283898,0.0385187404965841,0.0276831564460812,0.0260338350494201,0.0196823109666695,0.0174433975596184,0.9606304837804552,interfair/studies/requirements/evaluation/confirmation/hmda_oh/1001/domain_pair/audit.npz,f4f339365a8f10e182558df993e14c1e4c40b29c36a01c58b753056c097b7f21,interfair/studies/requirements/runs/confirmation/hmda_oh/1001/domain_pair/DONE.json,38f54304364ba50565adb015c4d3d6ed087c8b6a5e73611658e98f3f38e15426,30,40,131.91530572698684,83121a2109dfa871f8d5091ec4bc034169e0655954a91fac8fc6b0bb252a511f,f779593edac436b1448254758d719be6536dca4355098267ab922765d9976b70,12615680,3080,True,,False,True,3e9a6a7b296002f9f26968609163e8e9ad0c335991d7817442237ea167e3eedf
hmda_oh,1002,mlp,domain_pair,interfair/studies/requirements/runs/confirmation/hmda_oh/1002/domain_pair/selected.pt,0.8467997282336398,0.9495831686110446,0.9199847226200708,0.8603333333333333,0.1063058071330536,0.3499844718404952,0.0357521573789673,0.0188268995329392,0.0321311028507657,0.001901641686911,0.0357521573789673,0.996175281390012,0.7000968992248062,0.9416852429781544,11215,0.9980769230769232,0.7358490566037735,0.9095541401273886,785,0.013915996446703,0.0201883648377101,0.0025074650786001,0.0028582928646092,5.186991026505524e-05,0.0376926184073459,0.009000323578707,0.0073027657758267,0.0017982927143295,0.0018816835032994,0.002629171189981,0.0,0.0337103663357603,8.886115790896088e-05,8.1046180358011e-05,0.0001500600240096,0.0337103663357603,0.0335486197376403,0.0130390871367995,0.0113258282473885,0.0047313895321942,0.0041292417538943,0.0030750062213041,0.0024742168797659,0.9934703177534762,interfair/studies/requirements/evaluation/confirmation/hmda_oh/1002/domain_pair/audit.npz,31fad8649b32cfa1ae640b684ad90cab9a8fb1197705dcbb513ab44c17e47d85,interfair/studies/requirements/runs/confirmation/hmda_oh/1002/domain_pair/DONE.json,f8865a10fcf8598e2bfc12927e560b7a465072b0e0e663abdcf42a31069de15f,20,40,188.53889482299564,48ad497ceedad0349edc212ff91f21f8623573feeb63cd90e1c8718a01f0cb8d,96c64cffb0cf3b5004d8ac2d1f4572c3d78891b88d0167c54ab5c8db462700c0,12615680,3080,True,,False,True,6afa61d0376b8498bbabf6243d322e58089d2789dc9336f5dd0105295cac0b01
hmda_oh,1003,mlp,domain_pair,interfair/studies/requirements/runs/confirmation/hmda_oh/1003/domain_pair/selected.pt,0.8390130173209542,0.9466381045337194,0.9204682306469484,0.8624166666666667,0.1044735577096312,0.3480221201379659,0.0619240895129442,0.0326987191846556,0.0727051747687781,0.003473348856367,0.0619240895129442,0.9880887334717516,0.6656976744186046,0.9287561301827908,11215,0.9846153846153848,0.6037735849056604,0.8560509554140128,785,0.0127948458693725,0.0157205578070844,0.0019982853465437,0.001975036547313,4.859322610428106e-05,0.0428737291587583,0.0093239217381953,0.0113320404032953,0.0152851226148047,0.0015156313198076,0.002173827101326,0.0,0.0427644793023801,1.0958729407778285e-05,2.580219032218092e-05,0.0,0.0427644793023801,0.0427138670206396,0.0078738886650092,0.0051750066135183,0.0024761245620274,0.0017258146573208,0.0004507293175286,0.0001511487303506,0.9822387528231676,interfair/studies/requirements/evaluation/confirmation/hmda_oh/1003/domain_pair/audit.npz,61d7c447abef40a3267666dbe62665a4dbfbfbdbed4750ec4120759c6c23937f,interfair/studies/requirements/runs/confirmation/hmda_oh/1003/domain_pair/DONE.json,18218c89d4da21b325d8090b341cbe13e5cf4c9fcda3a8023e19c1a8415d726e,10,40,170.12151988298865,6b0ac52be72cec71f6001e38f73e486a636236ab127eba2a3f31688f8ea7ff3c,fe04086c68436f384a1f296706eebfc1c593f667f49365055bb793768ac4ab6c,12615680,3080,True,,False,True,59ec5da001b4ccaf5c6b0393aabcc102654b6224a8fa8339aa1779c310381a65
hmda_oh,1004,mlp,domain_pair,interfair/studies/requirements/runs/confirmation/hmda_oh/1004/domain_pair/selected.pt,0.8400091432340401,0.9473102469378458,0.9201652416178308,0.8615,0.1045490740731333,0.3461318050993746,0.0147963287991809,0.0094310443706739,0.0411635917546734,0.0040657599421669,0.0147963287991809,0.9901650092886024,0.6719961240310077,0.9316094516272848,11215,0.9942307692307693,0.6867924528301886,0.8904458598726115,785,0.021515650048213,0.0963833146754347,0.0029902120295035,0.0034189891848049,0.000197544871397,0.0435140314430535,0.0097551173875327,0.0203012305117716,0.154435420857416,0.0025145126601598,0.0028416006461922,0.0,0.0374065492044246,3.2185808977777444e-05,7.486716960415628e-05,0.0,0.0374065492044246,0.0372621159853694,0.0183227800303435,0.0124586841313452,0.0069822591396799,0.0038389004936276,0.0021125463754654,0.0010569524061135,0.8399304326452048,interfair/studies/requirements/evaluation/confirmation/hmda_oh/1004/domain_pair/audit.npz,f06c61087902ea276948a95792303ae0799a26194ac9a77808eda39c7ba255be,interfair/studies/requirements/runs/confirmation/hmda_oh/1004/domain_pair/DONE.json,3e49c41264f73be4bb5a4bef06824bbe9551faf611762db92141ca8ee9ac35e5,10,40,195.29798204201506,ae3a1abc5049011a6b9a65c00a6da2e34a31fa97b328b67f1c7303d2d80d2b41,5b6e65a3859da3ee9198bf8ad1ee6e81744eea0f9987634f9c2978588c69045d,12615680,3080,True,,False,True,118b6bd06f2686c8a14d71c3edf5f84aaa621b18ea2327e8822cf2ecfd6ac554
hmda_oh,1005,mlp,domain_pair,interfair/studies/requirements/runs/confirmation/hmda_oh/1005/domain_pair/selected.pt,0.8322858098419539,0.9447735488147776,0.9165871349494178,0.8543333333333333,0.1097298639588634,0.3611382345901039,0.0329201404124616,0.0180885177067141,0.0289336108657933,0.0032568950009667,0.0329201404124616,0.9928969511528796,0.7180232558139535,0.9423094070441372,11215,0.9961538461538462,0.7509433962264151,0.913375796178344,785,0.018001673824459,0.0401185102582555,0.0025693213152978,0.0026672596329747,4.859322610428106e-05,0.0399825814106817,0.0073399349669105,0.0138311874191785,0.0295119441713927,0.0019445338597369,0.0012015786830764,0.0,0.0359976196347858,4.033580669129304e-05,5.06108098048259e-05,0.0,0.0359976196347858,0.0359003534749066,0.0142315061689158,0.0086193546054858,0.0046516301525112,0.0019516090727038,0.0016506700487641,0.001050969413567,0.9668849577312189,interfair/studies/requirements/evaluation/confirmation/hmda_oh/1005/domain_pair/audit.npz,acb0c283d11334b96e1a3a4006b9daf9adea84fb8f8975761e167701e387fab1,interfair/studies/requirements/runs/confirmation/hmda_oh/1005/domain_pair/DONE.json,b2b2ab860a2bf27518271fcb7c17da86b897ea843f005b61ea9cc784431a182d,5,40,173.21149398200214,646e692b60b511afb6fc5de2360f013ba66f3c499e20d75f696f4bdca330fb30,262f6995eb4278942b57774459f09fe7d15639b11d54b5f95dbbaff1e4250a2c,12615680,3080,True,,False,True,d50784892a056aea7678b56ee27d4ec0eb31586da2582e583c821095e8c75188
hmda_oh,1006,mlp,domain_pair,interfair/studies/requirements/runs/confirmation/hmda_oh/1006/domain_pair/selected.pt,0.8402216077698221,0.9474301114008444,0.916488629350045,0.8534166666666667,0.1091695874081859,0.3576616129757309,0.0298833552727805,0.0159358943256129,0.0302960945730667,0.0019884333784453,0.0298833552727805,0.9981422795322916,0.7437015503875969,0.9513152028533216,11215,0.9961538461538462,0.7735849056603774,0.9210191082802548,785,0.0179606590227765,0.0505095959305067,0.0024100327045533,0.0009587841997628,0.0001874409613752,0.0369575791867632,0.0068453290783754,0.0105207247243945,0.0208221994609707,0.0015149397483835,0.0004534461910519,0.0,0.026372123149645,0.0002369085520683,0.0003210361702877,0.0,0.026372123149645,0.025733495842131,0.0611863149090403,0.0520264230881698,0.0245833570812633,0.0212724981417445,0.0116469341989668,0.0095449855871742,0.9548940240449438,interfair/studies/requirements/evaluation/confirmation/hmda_oh/1006/domain_pair/audit.npz,a0a38e52c5b04f4bebcbded5486731b5e8f820edf09b5bac2d6adb6e9537aee4,interfair/studies/requirements/runs/confirmation/hmda_oh/1006/domain_pair/DONE.json,1c13f856b60e4fab6be0d8c0fff2ebf43da04f7d9ec13cbb09aca31c956b0cfd,15,40,170.6850564990309,88901f5dc51a3dc8d02c520b3143ef7e4709575be68b534c30119c3d1aafee84,6ed361305444ffb063028cb301c78289301bf926f424742e7ab3cf44d2bb97f5,12615680,3080,True,,False,True,5aa80fa6b237bd19aa240e7cd01087ee3c0c4f298919f6e8cb459f2e9888e2d9
hmda_oh,1007,mlp,domain_pair,interfair/studies/requirements/runs/confirmation/hmda_oh/1007/domain_pair/selected.pt,0.8375625933486501,0.9467021187518948,0.9164016140517446,0.85325,0.1113245656824082,0.3660012490876863,0.0076239578762615,0.0048501168465561,0.0345635820997242,0.0020762758168506,0.0076239578762615,0.9979237241831492,0.747093023255814,0.9517610343290236,11215,1.0,0.7547169811320755,0.9171974522292994,785,0.0154619463512295,0.021378907105293,0.0020457949504665,0.0008685700906077,0.0001935153348343,0.0367427213010909,0.0060914520634475,0.0124169397626314,0.0223192932055985,0.0016199556966583,0.0007530267782299,0.0,0.0358220727597376,1.954333896379052e-05,5.400081907201907e-05,0.0,0.0358220727597376,0.0357168349689196,0.0164009574267869,0.0119041222826795,0.0034407017139141,0.002538433887595,0.0014123198654713,0.001041949495101,0.9742400050804872,interfair/studies/requirements/evaluation/confirmation/hmda_oh/1007/domain_pair/audit.npz,afa734634facad71eed59874fdc4386ab5bd9d5f844c916c2cf52695ee6cf8dd,interfair/studies/requirements/runs/confirmation/hmda_oh/1007/domain_pair/DONE.json,28611d59e2fb6a2f5604e2f0e9e7e1182173acab2fcd22267c9aee51bcba0d83,5,40,142.5205557779991,963e1898fd735a49519f81a4a3a1e71642eb742fb760552d5c8fc474f50f6137,e2e1c8382fb978c6400f4defefd1aeec8f2c21d87ec3d5e85b346f7ead7ee3f1,12615680,3080,True,,False,True,e8d7cde36a09d4aac86138eedfc617557721a4dc8dca1ba215916a34f6eff292
hmda_oh,1008,mlp,domain_pair,interfair/studies/requirements/runs/confirmation/hmda_oh/1008/domain_pair/selected.pt,0.84099814333833,0.9472723501496964,0.9205505916445303,0.8629166666666667,0.1037648363116696,0.3435447870410898,0.0260988006435571,0.014656412586096,0.0583488333129822,0.0032140245286349,0.0260988006435571,0.9852475139329036,0.6487403100775194,0.9233169861792244,11215,0.9884615384615384,0.6226415094339622,0.8649681528662421,785,0.0182917953910929,0.048698782158732,0.002451421386961,0.0027357138326033,0.000135647512135,0.0465161021857183,0.0127334992470718,0.0132445278254194,0.0245614531623558,0.0017851422615946,0.0030739272996216,0.0,0.0439740276052704,1.90545934140195e-05,4.110799553171557e-05,0.0,0.0439740276052704,0.0438935341002085,0.011252500461801,0.0088417319359192,0.0028489420755005,0.0023979430275512,0.0014951259557323,0.001192828495031,0.9725896047621436,interfair/studies/requirements/evaluation/confirmation/hmda_oh/1008/domain_pair/audit.npz,17910ebe1ec0136a71fd983fea2406322407f5b064b2c84c83cf7132decb61e4,interfair/studies/requirements/runs/confirmation/hmda_oh/1008/domain_pair/DONE.json,a722db6474bfd4057064fe05ee336979e8c6cec4ccab478733e31c5661418554,10,40,115.79950409696903,09b32dd4f709d155a29c89387384219b2ca931130cfe0df05c771f7805a6ecd9,adae3485017f0c981578516c0bdd753fd8060d86a39e8c51bbfcd57834d0e7f7,12615680,3080,True,,False,True,9df37bcf88372f977412dca511c2e15b488c61161db283360394708d7f3caede
hmda_oh,1009,mlp,domain_pair,interfair/studies/requirements/runs/confirmation/hmda_oh/1009/domain_pair/selected.pt,0.8309816092420452,0.9441472450633476,0.917658349328215,0.857,0.1088317138906347,0.3590752767831436,0.0474824484422992,0.0256321482899777,0.0281316821477149,0.0037818481376562,0.0474824484422992,0.988525844170036,0.684593023255814,0.9325902808738296,11215,0.9923076923076924,0.7320754716981132,0.9044585987261148,785,0.0197181640196511,0.056920206449115,0.0028595509631257,0.002517575426368,0.0001963064097236,0.0466627029476426,0.0081765923860256,0.013069249651366,0.0148419848876879,0.0019104485611219,0.0018750654900685,0.0,0.035488369185246,6.005328749897721e-05,0.0001121716315946,0.0,0.035488369185246,0.0352672406922133,0.0250424467488069,0.0193336447817368,0.009123373330116,0.0068803846127798,0.0033735078867995,0.0019489019838389,0.9764840126629628,interfair/studies/requirements/evaluation/confirmation/hmda_oh/1009/domain_pair/audit.npz,674a6380cdc39f6bedc0eb2cb7174e37cce2a0a669a8b61c6ef75f596f61b833,interfair/studies/requirements/runs/confirmation/hmda_oh/1009/domain_pair/DONE.json,4446123dac693a0007df3cbcc85d75666f3c0682b20148118438382679e20a44,5,40,115.55173831398133,3871ab26e2ba1e0f14670c06f71f2e81fd8271234d05bbad3d16ee1594a939f8,49093b96b7340e94d2e8625e36fa94536edba37b859843b5894bf029ec9bf13e,12615680,3080,True,,False,True,6a7ca4b2620ab95f2a67b310e62194e365808add35be1bf911be6ee87e789c08
hmda_oh,1000,mlp,erm,interfair/training/mlp/runs/confirmation/hmda_oh/1000/erm/selected.pt,0.8519298887898774,0.9515206517007684,0.9241209736906812,0.8714166666666666,0.0987964864455611,0.3292561919674276,0.162984496124031,0.1081298370602754,0.153484158784158,0.0532751779965199,0.162984496124031,0.974429024150366,0.562984496124031,0.8987070887204637,11215,0.921153846153846,0.4,0.7452229299363057,785,0.2372629759186726,0.8391477919788598,0.0404103378533142,0.0621392036693596,0.0570975611869113,0.0872314206421955,0.0405918459698969,0.2271581024499879,0.8063847709285255,0.0380903474051346,0.0638791891215556,0.0567024366598727,0.0724058588518866,0.0451766925039046,0.009662165504505,0.0140688301647042,0.0724058588518866,0.0541783676276102,0.3387959376371809,0.2045684567311894,0.2610932843115632,0.1427182338025559,0.2177667828954832,0.1141857105980914,0.1541431104142419,interfair/training/mlp/evaluation/hmda_oh/1000/erm.npz,9d3caec05650d9e7e63f7eb5230b3b7692d071bba4b58093df946849ca639d45,interfair/training/mlp/runs/confirmation/hmda_oh/1000/erm/DONE.json,774a909ca7b9d87ed29b0585a4c30a358d4019b64c44a87dd18f3467891cf58b,15,40,13.07789805601351,6a435754a0f9bdb30cd26b642d67fe263a501a2867a6177a95c921b6dfaded5b,43217c8caf1391502d6abb6a1c2f10c879e7e830141606ed7f4cc12aa778a064,0,3080,True,,False,True,3340f836375791c237b59436c0889ea7152751f95955fd1631cb5f1440aae195
hmda_oh,1001,mlp,erm,interfair/training/mlp/runs/confirmation/hmda_oh/1001/erm/selected.pt,0.8496541141289959,0.9503607178323924,0.923491115571002,0.86975,0.0998643559388384,0.3341757560979038,0.1480199648968846,0.0986044992309713,0.1427830674909342,0.0491890335650579,0.1480199648968846,0.978035187411212,0.5857558139534884,0.9058403923316988,11215,0.928846153846154,0.4377358490566038,0.7630573248407644,785,0.3228047734046231,0.8846639329624784,0.0488502777376344,0.0632835178167126,0.0724183642178344,0.0885769903417617,0.0397140515005766,0.2792830741798851,0.8475353251453421,0.0422610627220652,0.0613925953950992,0.0749925749636433,0.0680981058590685,0.1046340920801372,0.0146929656088884,0.0155459875734798,0.0680981058590685,0.0402445503990314,0.4394514936850039,0.2489447046049536,0.3385923430998094,0.1748905789172434,0.2948684813435953,0.1410831032226219,0.1224406816515147,interfair/training/mlp/evaluation/hmda_oh/1001/erm.npz,7897ba334ebd350ea166984bf0e4ae550dccf76421721eeb43e28cbe16a4c2c1,interfair/training/mlp/runs/confirmation/hmda_oh/1001/erm/DONE.json,0ead30108f526af7cc42de18d7fd9be94cdd37ce6fdd03a373b14a1517b7d61e,20,40,13.083222755987663,83121a2109dfa871f8d5091ec4bc034169e0655954a91fac8fc6b0bb252a511f,f779593edac436b1448254758d719be6536dca4355098267ab922765d9976b70,0,3080,True,,False,True,4b57f628f667e9947a32519e008f4376ea1331c79d29cd5c44cca1c081cf494c
hmda_oh,1002,mlp,erm,interfair/training/mlp/runs/confirmation/hmda_oh/1002/erm/selected.pt,0.8510029786768719,0.9509112262695456,0.9242638800722692,0.87075,0.0988472951562865,0.3297434201244006,0.1572253912534736,0.1089657255604137,0.1526935888297916,0.0607060598673537,0.1572253912534736,0.9818599060212,0.5949612403100775,0.9106553722692822,11215,0.921153846153846,0.4377358490566038,0.7579617834394905,785,0.1964930162198716,0.8063142988761933,0.0349337580743006,0.0408074719894704,0.0361145520579811,0.0794257358843842,0.0425308320830322,0.1749807852769337,0.740341974929998,0.0280464164880414,0.0378708640432778,0.0354936678914323,0.0624535172307051,0.0534136235603645,0.0116996305049345,0.0124633799771053,0.0624535172307051,0.0397892747525532,0.3280665498176719,0.2262384090309513,0.2618309745243401,0.1728184338195537,0.2269574062363037,0.144930381005562,0.2059048968973902,interfair/training/mlp/evaluation/hmda_oh/1002/erm.npz,16e26090633bd861118865dc8ba91350d71c16d67a79030fea817fdc94465763,interfair/training/mlp/runs/confirmation/hmda_oh/1002/erm/DONE.json,9dc65175f4c58972278db49e28e3acd2c4d4d40db525939886c1b6e09a1d1202,15,40,13.252514090039767,48ad497ceedad0349edc212ff91f21f8623573feeb63cd90e1c8718a01f0cb8d,96c64cffb0cf3b5004d8ac2d1f4572c3d78891b88d0167c54ab5c8db462700c0,0,3080,True,,False,True,110899b7ae61d9d68e7f8d9591f4ada6a2385102f79477da8d33694b9dd609db
hmda_oh,1003,mlp,erm,interfair/training/mlp/runs/confirmation/hmda_oh/1003/erm/selected.pt,0.8491582599511919,0.950286907990972,0.924722778564799,0.8715833333333334,0.0993849805155349,0.3315711713261314,0.101767953780898,0.0660489861790514,0.1151778640412777,0.0303300185772047,0.101767953780898,0.9803300185772048,0.5847868217054264,0.9075345519393668,11215,0.95,0.4830188679245283,0.7923566878980892,785,0.1753593956100423,0.7913529794704741,0.0321644266450842,0.0466106945257038,0.0370379460011877,0.0768741055774046,0.0316602473311854,0.1567598446259446,0.7202605442206281,0.027325164726656,0.0506879637933325,0.0318044164044677,0.0704411224039592,0.0410608085753386,0.0096343870164521,0.0075400270007348,0.0704411224039592,0.0517781283321852,0.3305009032258893,0.224339971465126,0.2570960500069733,0.1649238803234018,0.2161646446914273,0.1330909576092802,0.222849262276559,interfair/training/mlp/evaluation/hmda_oh/1003/erm.npz,53bf7d70159f169d6502c1921d810f77a304d561f1508ae3c735cfc53e2d21da,interfair/training/mlp/runs/confirmation/hmda_oh/1003/erm/DONE.json,5aefc261c6666a768c5230e4f207584fc3e60d4d82a97a269a62214fe07c4d0c,15,40,13.111817253986374,6b0ac52be72cec71f6001e38f73e486a636236ab127eba2a3f31688f8ea7ff3c,fe04086c68436f384a1f296706eebfc1c593f667f49365055bb793768ac4ab6c,0,3080,True,,False,True,396a0e83d71362b4da38a305fddbb8644e88913fa55a406c406fc0adb3433683
hmda_oh,1004,mlp,erm,interfair/training/mlp/runs/confirmation/hmda_oh/1004/erm/selected.pt,0.8488256778098187,0.9502347753946984,0.9244496739716624,0.8715833333333334,0.0994345632862203,0.3314026055541704,0.1647451367558871,0.1229527277552289,0.1712799338919952,0.0811603187545707,0.1647451367558871,0.979237241831494,0.5760658914728682,0.9050378956754348,11215,0.8980769230769231,0.4113207547169811,0.7337579617834394,785,0.1954976105097333,0.8237543768979084,0.032399630448301,0.0450957352747596,0.0431453317958533,0.0829858949149153,0.0417401422111846,0.1608413909143057,0.7505346064953027,0.0284039064834946,0.0469351550282152,0.0309005707329417,0.0709876076679521,0.0494799906803848,0.009824208947709,0.0141301011059062,0.0709876076679521,0.0518828793691093,0.269346409396459,0.1840427965687274,0.2163627896186865,0.1446722241056812,0.1893306067085561,0.1212934630640966,0.2076427696310777,interfair/training/mlp/evaluation/hmda_oh/1004/erm.npz,2ae621ad09dfbcdac0c45d1f46e4ca5f812418d514387c0bd00261c3fd28b46a,interfair/training/mlp/runs/confirmation/hmda_oh/1004/erm/DONE.json,f17208c527e6282bf36c5a9130adafaad14fed288532e4e86ee0dd4062fab8e2,15,40,13.231994018016849,ae3a1abc5049011a6b9a65c00a6da2e34a31fa97b328b67f1c7303d2d80d2b41,5b6e65a3859da3ee9198bf8ad1ee6e81744eea0f9987634f9c2978588c69045d,0,3080,True,,False,True,7e881729953f44d6a7f65dbbcbedc186cc59fda69947480731589ecd8dea23ac
hmda_oh,1005,mlp,erm,interfair/training/mlp/runs/confirmation/hmda_oh/1005/erm/selected.pt,0.8524387514535208,0.951812051054148,0.9243020150521972,0.8700833333333333,0.0994425606618893,0.3301288259403612,0.1021025303495685,0.0680959555406963,0.1139670198295617,0.0340893807318242,0.1021025303495685,0.9860124576549012,0.6153100775193798,0.9177886758805172,11215,0.9519230769230768,0.5132075471698113,0.8038216560509555,785,0.1471445759571338,0.743144139343281,0.0275571040852675,0.0438063248576393,0.0291195291369906,0.0733393445421679,0.0279724525686316,0.1348986165248675,0.7005129235001336,0.022725039673935,0.0395615884322402,0.0298923041461447,0.057130615609519,0.0337368836936059,0.009585713221051,0.0116580923914808,0.057130615609519,0.0384621488220317,0.3153898946960754,0.2077818211887875,0.2336806002624859,0.156560864396145,0.1937709872990608,0.1295418563907167,0.2488009324771413,interfair/training/mlp/evaluation/hmda_oh/1005/erm.npz,ba3c1299f8aad436a907e1235382cdf6b5d2a636b87baf082747bd425a8ddaf8,interfair/training/mlp/runs/confirmation/hmda_oh/1005/erm/DONE.json,e4b75293fbe29699d0a5858e23274b7b1cc9ad8426e86ef8604b398ed8c00200,10,40,13.05030566395726,646e692b60b511afb6fc5de2360f013ba66f3c499e20d75f696f4bdca330fb30,262f6995eb4278942b57774459f09fe7d15639b11d54b5f95dbbaff1e4250a2c,0,3080,True,,False,True,8635ce2389b25c8772502dcc9a6be6a23e9bbaef6c5214202208fb38b45ec43b
hmda_oh,1006,mlp,erm,interfair/training/mlp/runs/confirmation/hmda_oh/1006/erm/selected.pt,0.8482674228577919,0.9503685849528426,0.9244553243574052,0.8714166666666666,0.0993615253148871,0.3308603118265022,0.2018191458241919,0.1472809236682134,0.1901332099014343,0.0927427015122349,0.2018191458241919,0.9812042399737734,0.5867248062015504,0.908604547481052,11215,0.8884615384615384,0.3849056603773585,0.7184713375796178,785,0.2086932618774197,0.8291513407710212,0.0403643064325825,0.0685093263575199,0.0550291196670318,0.0827136850386804,0.0467148718054381,0.1789061571274078,0.7743565278474792,0.0343775786981647,0.0703147477834934,0.0467809496468788,0.0739166342871425,0.04974290690454,0.0119191649664461,0.0189429089376242,0.0739166342871425,0.0509258615948759,0.3471176026769331,0.2251697866098008,0.2729588840288913,0.175013084513946,0.2389925477446721,0.1457518774131263,0.1730003468153619,interfair/training/mlp/evaluation/hmda_oh/1006/erm.npz,4a9d7f1c17165e2fd8167a9f4b11ae267f8253f3dde3631ee250a8ea6ba3d193,interfair/training/mlp/runs/confirmation/hmda_oh/1006/erm/DONE.json,0fadab34103d4f46c1770cfa6fc046dac05975e0d18a35df036fdb41b9589988,15,40,13.121864139975514,88901f5dc51a3dc8d02c520b3143ef7e4709575be68b534c30119c3d1aafee84,6ed361305444ffb063028cb301c78289301bf926f424742e7ab3cf44d2bb97f5,0,3080,True,,False,True,a32043e318f50a0dc12b59279eb1061a2550ca3cc12e698798b3992474a416eb
hmda_oh,1007,mlp,erm,interfair/training/mlp/runs/confirmation/hmda_oh/1007/erm/selected.pt,0.8541751845240397,0.9522706763847854,0.924278670116682,0.87075,0.099123072461849,0.3288664267759534,0.1369039783530788,0.0918010556930193,0.1366936342648466,0.0466981330329597,0.1369039783530788,0.9813135176483444,0.5935077519379846,0.9099420419081587,11215,0.9346153846153846,0.4566037735849056,0.7732484076433122,785,0.1403310753728004,0.7453461277141464,0.027241748059511,0.0444788286366526,0.0273381004300889,0.0727841656343266,0.0340082697336206,0.1201225677232749,0.6531782867854373,0.0242940861004449,0.0488152853397327,0.0223120717837181,0.0662311343906693,0.0349024849487238,0.0090030967628371,0.0119393536266475,0.0662311343906693,0.0486067068718869,0.2978956252955693,0.2182918740867347,0.2325705481250779,0.1581609434176014,0.1945939048299494,0.1281912990795835,0.2770662863409929,interfair/training/mlp/evaluation/hmda_oh/1007/erm.npz,8b8d74e96c24c90b67764e9bfd3d658361f4e45b4f8801621c7f7b75092c8e45,interfair/training/mlp/runs/confirmation/hmda_oh/1007/erm/DONE.json,d45707e4d988ae2821a7b25419d9708b4c5678a4dd1d7ced2f7a644cac8419f8,10,40,13.10724191594636,963e1898fd735a49519f81a4a3a1e71642eb742fb760552d5c8fc474f50f6137,e2e1c8382fb978c6400f4defefd1aeec8f2c21d87ec3d5e85b346f7ead7ee3f1,0,3080,True,,False,True,527037fc6f8cd8322c198df8caadfe99fcce6660e231bc5d4dfa40285fd785f1
hmda_oh,1008,mlp,erm,interfair/training/mlp/runs/confirmation/hmda_oh/1008/erm/selected.pt,0.8486289522099753,0.950304944652412,0.922748447204969,0.8673333333333333,0.1018585874541508,0.3399621707211254,0.1686009945882697,0.1109605722754315,0.1464763695119423,0.0533201499625933,0.1686009945882697,0.9860124576549012,0.6327519379844961,0.9209986625055728,11215,0.9326923076923076,0.4641509433962264,0.7745222929936306,785,0.2116057131491017,0.8218848118060337,0.0378640748012135,0.051178605557469,0.0481405154867423,0.0705663231080331,0.0346672503007164,0.1738833141081748,0.7433127542745881,0.0306858760982612,0.0522635479414913,0.0562466341349193,0.0546242721131233,0.0416488235933994,0.009787021355423,0.0097835551789122,0.0546242721131233,0.0360024690346451,0.3805464635126399,0.2233378991046613,0.2918506248440733,0.1555258704153659,0.2370574646432806,0.1292376747956823,0.2126182062092808,interfair/training/mlp/evaluation/hmda_oh/1008/erm.npz,5510ac5625a12d7a22673a1b185e25a5b761f7ee9372126883c41b2a88f7a43b,interfair/training/mlp/runs/confirmation/hmda_oh/1008/erm/DONE.json,db018527c9686692995fc4a9b2932638682ab1a8ed5272c8cc27f73621e45225,15,40,13.043268627952784,09b32dd4f709d155a29c89387384219b2ca931130cfe0df05c771f7805a6ecd9,adae3485017f0c981578516c0bdd753fd8060d86a39e8c51bbfcd57834d0e7f7,0,3080,True,,False,True,58b027ae8155667412d1da629964dffee938e0d13b946a41b5ef5e4dc1824a48
hmda_oh,1009,mlp,erm,interfair/training/mlp/runs/confirmation/hmda_oh/1009/erm/selected.pt,0.849628385741474,0.9508435683084494,0.9221456692913386,0.8681666666666666,0.1003941320289996,0.3330953905043155,0.1687984496124031,0.1207395154848158,0.1671402324570994,0.0726805813572286,0.1687984496124031,0.9726805813572288,0.5687984496124031,0.8983504235399019,11215,0.9,0.4,0.7312101910828025,785,0.1687796859664094,0.7883597448622417,0.0365822247791673,0.068258130983111,0.0447572160214081,0.0886831408904679,0.0418566895467184,0.1732093917160488,0.7625109141485534,0.0346160293225249,0.0716088722059491,0.0564888568863455,0.079941954204498,0.0301251307555617,0.0096095209214783,0.0200271195395812,0.079941954204498,0.0616647646052342,0.3007361440669646,0.175577401440566,0.2465324570064093,0.1379981393479132,0.2151549580568937,0.1122383654413685,0.2077968760395057,interfair/training/mlp/evaluation/hmda_oh/1009/erm.npz,c4ab9993e3f11323e51d7a6a70595700e709f144b87966e942d0164914fdc3aa,interfair/training/mlp/runs/confirmation/hmda_oh/1009/erm/DONE.json,ae8b008177251b4897d729b2b9126fcffdee47247dcd93cc184bb60ba4b9e254,10,40,13.054647051962093,3871ab26e2ba1e0f14670c06f71f2e81fd8271234d05bbad3d16ee1594a939f8,49093b96b7340e94d2e8625e36fa94536edba37b859843b5894bf029ec9bf13e,0,3080,True,,False,True,7f79b30f61e55c7f24c4e18dfa3b4cf2a7cfee90bca7360af1d136d2411c3ce4
hmda_oh,1000,mlp,population_control,interfair/studies/requirements/runs/confirmation/hmda_oh/1000/population/selected.pt,0.8369843150958949,0.9454674253999662,0.9180641154268788,0.8570833333333333,0.1086218389202263,0.3594678462327905,0.0126426064063186,0.0099922975459381,0.0526024347510016,0.0073419886855576,0.0126426064063186,0.9938804502240192,0.7107558139534884,0.9417744092732948,11215,0.9865384615384616,0.6981132075471698,0.889171974522293,785,0.0445309872871216,0.3424251894510772,0.0071753690296629,0.0077767591069358,0.0053772335976117,0.0380863959994014,0.0073979511687481,0.0526599023124636,0.4049497393520506,0.0066757615987576,0.0078786040800865,0.007132869807872,0.0305863244475822,0.0005696314131654,0.0007733580686341,0.0001511487303506,0.0305863244475822,0.0291758540297284,0.1373791966820606,0.075763765881819,0.0697159411368719,0.0337290033560667,0.0400996070587977,0.0168681877690167,0.556575504953468,interfair/studies/requirements/evaluation/confirmation/hmda_oh/1000/population/audit.npz,c9710b0d638b56f57149e3849562b589ded0acc52024d1d425651341a9fd6ec1,interfair/studies/requirements/runs/confirmation/hmda_oh/1000/population/DONE.json,00e2f586e2638b3a5de9588e9c5a0afac8707f321c20b619e0091694e1b4b8d3,5,40,118.1391983780195,6a435754a0f9bdb30cd26b642d67fe263a501a2867a6177a95c921b6dfaded5b,43217c8caf1391502d6abb6a1c2f10c879e7e830141606ed7f4cc12aa778a064,12615680,3080,True,,False,True,b2f5399feebefb8a1349c3c8aa21a3601313e2cfa6469a111fc3dda5e7b397ef
hmda_oh,1001,mlp,population_control,interfair/studies/requirements/runs/confirmation/hmda_oh/1001/population/selected.pt,0.8340670178543466,0.9452660398033048,0.9181542606938364,0.85825,0.1068993116265242,0.3523238165212994,0.0351177416995758,0.0195810332027884,0.0339536164883813,0.004044324706001,0.0351177416995758,0.9863402906786144,0.6705426356589147,0.9282211324119484,11215,0.9903846153846154,0.7056603773584905,0.8942675159235669,785,0.0578920648337745,0.4705165618369601,0.0087648681506677,0.0148591349560415,0.0053405418395833,0.0456239658942755,0.0121603998060549,0.0529230774126868,0.4203969823844641,0.0078598776191667,0.0125241505961003,0.0055742339929388,0.0399585326267363,0.0008962623368055,0.0008207813775406,0.0003022974607013,0.0399585326267363,0.0384424243942063,0.1511622314362614,0.0854718436064381,0.0677961825587971,0.0320118787801573,0.0347472793224027,0.0161908450601846,0.5508355530324105,interfair/studies/requirements/evaluation/confirmation/hmda_oh/1001/population/audit.npz,5a5b903d064e9bed2677c2134f399bf1adea73218f756fd0351c8bbd38910cfd,interfair/studies/requirements/runs/confirmation/hmda_oh/1001/population/DONE.json,ac73274dc4a4c85739f94c564165ac9b725fc1c90c2dca6ab6393c39239108be,5,40,142.48105443798704,83121a2109dfa871f8d5091ec4bc034169e0655954a91fac8fc6b0bb252a511f,f779593edac436b1448254758d719be6536dca4355098267ab922765d9976b70,12615680,3080,True,,False,True,fdfb080ed0e4bb7db5af8d6e80c983693754655a434751e658a19ae78d365959
hmda_oh,1002,mlp,population_control,interfair/studies/requirements/runs/confirmation/hmda_oh/1002/population/selected.pt,0.8360667284710336,0.946155789784386,0.918685536099784,0.85875,0.1073354913650451,0.354409192121122,0.0125127980108235,0.0071081344189436,0.0517493915962186,0.0017034708270637,0.0125127980108235,0.9901650092886024,0.687984496124031,0.9345519393669192,11215,0.9884615384615384,0.6754716981132075,0.8828025477707007,785,0.0403620448553236,0.3069189049864358,0.0071656135583185,0.0101808612301757,0.0040403899126863,0.0423593749446161,0.0080770874688743,0.0475623677414768,0.3732986670939041,0.0074117836078491,0.0102741097491936,0.005856934739501,0.0415369705973303,0.000454939740408,0.0005851888519086,0.0,0.0415369705973303,0.0404817418211928,0.1221925789782492,0.0653140344669063,0.0542004191703074,0.0223683155377644,0.0277543540320982,0.0098472229412416,0.5992021614789543,interfair/studies/requirements/evaluation/confirmation/hmda_oh/1002/population/audit.npz,39f7b589f3db593c320397b577be49f36a4c6112d994af5448d1204d22468abf,interfair/studies/requirements/runs/confirmation/hmda_oh/1002/population/DONE.json,7e8a34313b42152541e8a37481becbc749dcbaf4d28d8640f9f9e42afaad144b,5,40,174.9218060770072,48ad497ceedad0349edc212ff91f21f8623573feeb63cd90e1c8718a01f0cb8d,96c64cffb0cf3b5004d8ac2d1f4572c3d78891b88d0167c54ab5c8db462700c0,12615680,3080,True,,False,True,d0289ef1b71a81429f5092a440201fba7d5b9642272ae3c4bec7fcc9d0ef6fca
hmda_oh,1003,mlp,population_control,interfair/studies/requirements/runs/confirmation/hmda_oh/1003/population/selected.pt,0.8396672598033037,0.9465694749391746,0.9210576923076924,0.8631666666666666,0.1052271940763184,0.3516765237458494,0.0398694602896007,0.0210050209074744,0.0640935280604059,0.0021405815253481,0.0398694602896007,0.9906021199868866,0.6700581395348837,0.9316094516272848,11215,0.9884615384615384,0.630188679245283,0.867515923566879,785,0.0501497701479515,0.3733134067569891,0.0089122186369817,0.0140859442983025,0.0091958940271159,0.0422956514492059,0.0078410269141798,0.050549759203592,0.3684785344545566,0.008780102707015,0.0138056186567863,0.0073575447642556,0.0367892613978565,0.0014385500382815,0.0015067978672584,0.0010580411124546,0.0367892613978565,0.0339129352602408,0.1650833794187449,0.104614720050247,0.0971464443885755,0.0590458910952808,0.0621590259095456,0.0322288658038845,0.5751933362825058,interfair/studies/requirements/evaluation/confirmation/hmda_oh/1003/population/audit.npz,37ab70d6db0fc5226367f08f3c941a845ce4426ea71e04fab8e41f013fc47a9b,interfair/studies/requirements/runs/confirmation/hmda_oh/1003/population/DONE.json,82e016a112404f8288354448d862970d62eaa16b3d219f8745cca96ebb0dc2c5,10,40,170.32645776402205,6b0ac52be72cec71f6001e38f73e486a636236ab127eba2a3f31688f8ea7ff3c,fe04086c68436f384a1f296706eebfc1c593f667f49365055bb793768ac4ab6c,12615680,3080,True,,False,True,69e930b4486ce910997d215caa791cd022d3911a75feac7fa73c2558c76112a6
hmda_oh,1004,mlp,population_control,interfair/studies/requirements/runs/confirmation/hmda_oh/1004/population/selected.pt,0.8412870160793321,0.9476363426745764,0.920665448600827,0.8625,0.1039271965511247,0.3446550274377092,0.022548266783677,0.0125093914132401,0.0407433174973235,0.0024705160428032,0.022548266783677,0.9898371762648892,0.6642441860465116,0.9299152920196164,11215,0.9923076923076924,0.6867924528301886,0.889171974522293,785,0.0550402201072281,0.4237803276840693,0.0095562613953269,0.0099505642545914,0.006088588956723,0.0427249446571644,0.0089090454723214,0.0664976540921673,0.461461836938965,0.0083205046564497,0.0094513818941123,0.0075117402051843,0.0362630532497764,0.0023721926547205,0.0017638837789152,0.0,0.0362630532497764,0.0328659377079791,0.1852508343339446,0.1300089029810856,0.1073366564381434,0.063791393272592,0.0702203008818981,0.0391800890174913,0.4841604759928499,interfair/studies/requirements/evaluation/confirmation/hmda_oh/1004/population/audit.npz,cd1f75ef0a3cbc602ee7bcce12908f0c2d86e65d69ea30a66fecaa71730e29b2,interfair/studies/requirements/runs/confirmation/hmda_oh/1004/population/DONE.json,815294ccd687152939e38de53b1a359589920247ce071dbdc20cadae4d3cfbd1,10,40,184.85938452201663,ae3a1abc5049011a6b9a65c00a6da2e34a31fa97b328b67f1c7303d2d80d2b41,5b6e65a3859da3ee9198bf8ad1ee6e81744eea0f9987634f9c2978588c69045d,12615680,3080,True,,False,True,859d410a44c23bde216591b2614df77a04b3583eb25d74b3b76da667e16d959b
hmda_oh,1005,mlp,population_control,interfair/studies/requirements/runs/confirmation/hmda_oh/1005/population/selected.pt,0.8331148455282265,0.9449516939090222,0.9168378313828516,0.8549166666666667,0.108929218965749,0.3583703582983554,0.0354450051192042,0.0197334219210842,0.0284241703133031,0.0040218387229642,0.0354450051192042,0.992132007430882,0.7117248062015504,0.9405260811413286,11215,0.9961538461538462,0.7471698113207547,0.9121019108280256,785,0.0452948586331256,0.3605812546691546,0.0079612058559267,0.0115968196566716,0.0056230653369848,0.0370789941378715,0.006852023245231,0.0506530222745032,0.3900752817070045,0.006583082134455,0.0107258774510878,0.0091320745948687,0.032287637689563,0.0006239391160872,0.0007506007565912,0.0,0.032287637689563,0.030940041038124,0.1363944076022865,0.0778170564182715,0.0687018284370898,0.0282067994730778,0.0340264372832209,0.0147774462730307,0.5755306597699268,interfair/studies/requirements/evaluation/confirmation/hmda_oh/1005/population/audit.npz,71d0bad8f96552a3b373290a01cee88552654b99cf989c014c0f91545c6625f3,interfair/studies/requirements/runs/confirmation/hmda_oh/1005/population/DONE.json,60af3969dce9c57e395c69d4686e8fe35c05533423f29b0e3c84e9276ccf7fbb,5,40,176.16968295100378,646e692b60b511afb6fc5de2360f013ba66f3c499e20d75f696f4bdca330fb30,262f6995eb4278942b57774459f09fe7d15639b11d54b5f95dbbaff1e4250a2c,12615680,3080,True,,False,True,9b55ef5b7e6bf2ddb72e4dfd9cb5aaa604286185d9d6eb61aeae836cae06e522
hmda_oh,1006,mlp,population_control,interfair/studies/requirements/runs/confirmation/hmda_oh/1006/population/selected.pt,0.8395534910491629,0.9470237027828702,0.9176257966327404,0.8556666666666667,0.1082442748485999,0.3562163856513488,0.0326129881526986,0.0170275165791443,0.0310860965892472,0.0014420450055899,0.0326129881526986,0.997595891159436,0.7296511627906976,0.9482835488185466,11215,0.9961538461538462,0.7622641509433963,0.9171974522292994,785,0.0658362280142949,0.5144995936191312,0.0090993490105214,0.0062781131133448,0.0082280717086813,0.0396847544152842,0.0085985024992251,0.0644526317244696,0.4911282613104594,0.007597717889329,0.0054857747471859,0.0080321300622473,0.0300574270291864,0.0075307895140145,0.0040577001301193,0.0004534461910519,0.0300574270291864,0.0221160307303985,0.3015933051633874,0.2194663648031889,0.1990235487940345,0.1405246684442334,0.1417059013285429,0.0977159016226679,0.4082744071337491,interfair/studies/requirements/evaluation/confirmation/hmda_oh/1006/population/audit.npz,32022ef33d44ae384487fb5da9cfa6a782aae62996a8b018bc624ef8bed6a655,interfair/studies/requirements/runs/confirmation/hmda_oh/1006/population/DONE.json,f30d9040d4979f7c71ec310f576f33c94a58b42e3337a53d759ed5d74842eab9,15,40,177.45550427399576,88901f5dc51a3dc8d02c520b3143ef7e4709575be68b534c30119c3d1aafee84,6ed361305444ffb063028cb301c78289301bf926f424742e7ab3cf44d2bb97f5,12615680,3080,True,,False,True,6befd62a769342e74cc4c95d5e2676b99e36d516291eec9d95396b9300ff2b86
hmda_oh,1007,mlp,population_control,interfair/studies/requirements/runs/confirmation/hmda_oh/1007/population/selected.pt,0.8378108867174434,0.9468691947881744,0.9171186601960224,0.8548333333333333,0.109630638612261,0.3607735054663022,0.0023219248208278,0.0019478667420128,0.0385510761008771,0.0015738086631977,0.0023219248208278,0.9965031144137252,0.7335271317829457,0.9481052162282656,11215,0.9980769230769232,0.7358490566037735,0.9095541401273886,785,0.0393125734808132,0.3003223115477952,0.0059185558444099,0.0067338364731471,0.0037280575685888,0.0366499767039678,0.0060141626426943,0.0400258810754986,0.3149231683028994,0.0054312969095219,0.0062404394772567,0.0018037166767178,0.0347089789807461,0.00124519436443,0.0013245289681886,0.0,0.0347089789807461,0.0321439086715546,0.1799702205191123,0.1223542907410032,0.10108246496105,0.0571310521787759,0.0614177163539879,0.031559764574915,0.624684897791048,interfair/studies/requirements/evaluation/confirmation/hmda_oh/1007/population/audit.npz,693dd323e1a385c4ae043ef6e74c1728c526a19029986edd9318372c596e5daf,interfair/studies/requirements/runs/confirmation/hmda_oh/1007/population/DONE.json,572f7b9f93993e37bbe6cd2810458007f7603b044110a581d406acf7a8516836,5,40,146.82281499000965,963e1898fd735a49519f81a4a3a1e71642eb742fb760552d5c8fc474f50f6137,e2e1c8382fb978c6400f4defefd1aeec8f2c21d87ec3d5e85b346f7ead7ee3f1,12615680,3080,True,,False,True,b37d3843d84dcc917969a1c79bf6921e45a11963f80c3f27b292d8515c60d2bb
hmda_oh,1008,mlp,population_control,interfair/studies/requirements/runs/confirmation/hmda_oh/1008/population/selected.pt,0.8374470264932243,0.9460168808294338,0.9185745761088226,0.8583333333333333,0.1082947472689688,0.3587169898007243,0.008088342840427,0.005476024181156,0.0410613628812639,0.0028637055218849,0.008088342840427,0.9913670637088844,0.6937984496124031,0.9366027641551492,11215,0.9942307692307693,0.7018867924528301,0.8955414012738854,785,0.0496336205745845,0.3917568718476901,0.0071798505742757,0.0108122030368379,0.0083283249771534,0.0445710133994366,0.0077404624091774,0.0550675966251107,0.4394525417923404,0.0076413257456434,0.0088721179169745,0.0081315476613861,0.0367663985118309,0.0022155057999645,0.0018629224789762,0.0001500600240096,0.0367663985118309,0.0332002673288425,0.2044590083227404,0.1333312559730128,0.1196763696464603,0.0714026239267985,0.0755356922285571,0.0420071997625603,0.4924353390356369,interfair/studies/requirements/evaluation/confirmation/hmda_oh/1008/population/audit.npz,e8528d73990f020fe9b5cdfa7d94d36506728bea54c9c01ade5ee7ffc9ad6f81,interfair/studies/requirements/runs/confirmation/hmda_oh/1008/population/DONE.json,7b076d553e9936c5315e593ea78e8d59ac81f968916dbff621397e8d5ff26696,5,40,116.21486051898682,09b32dd4f709d155a29c89387384219b2ca931130cfe0df05c771f7805a6ecd9,adae3485017f0c981578516c0bdd753fd8060d86a39e8c51bbfcd57834d0e7f7,12615680,3080,True,,False,True,f3b2cfccfdc0da7b6e56b059da42edb9e22e3d2994f8d8e6c10853e5e6ec3f54
hmda_oh,1009,mlp,population_control,interfair/studies/requirements/runs/confirmation/hmda_oh/1009/population/selected.pt,0.8329570121932133,0.944784165090592,0.9186460236561208,0.859,0.1079394889580704,0.3567361882160398,0.0592127395056311,0.0330052206560375,0.0243866977518166,0.006797701806444,0.0592127395056311,0.9874330674243252,0.6690891472868217,0.9288452964779312,11215,0.9942307692307693,0.7283018867924528,0.9044585987261148,785,0.0507839881471187,0.4143330840436723,0.0071884748393868,0.0080916839566416,0.0065077190933761,0.0469746219878708,0.0097911559352761,0.0519192191742415,0.4258199807670155,0.0069238285213732,0.0059187940648371,0.0110118134583566,0.0364308800668962,0.0012348887463941,0.0013549363944052,0.0003022974607013,0.0364308800668962,0.0338937458803841,0.1743287446901283,0.1035346878767963,0.1062385257198094,0.0571658976633248,0.0669625382863296,0.0330603409439876,0.5257818673889977,interfair/studies/requirements/evaluation/confirmation/hmda_oh/1009/population/audit.npz,bdff18125e286b61026ead1613c9e802bfd32aaa845efe36425f9c9d9bb56957,interfair/studies/requirements/runs/confirmation/hmda_oh/1009/population/DONE.json,9ae52d58d40f25a225ed9b71b2dac51a023aeebe219322cfb0339b1b82176d59,5,40,116.0023321500048,3871ab26e2ba1e0f14670c06f71f2e81fd8271234d05bbad3d16ee1594a939f8,49093b96b7340e94d2e8625e36fa94536edba37b859843b5894bf029ec9bf13e,12615680,3080,True,,False,True,3e88f7c58900462d82af7253ffe10fd50cc10173f89860cf765453150f2655fe
hmda_oh,1000,mlp,random_pair,interfair/studies/requirements/runs/confirmation/hmda_oh/1000/random_pair/selected.pt,0.8352740543885238,0.9452019228468572,0.9186213499281952,0.8583333333333333,0.1084296304003013,0.3583200256858121,0.0246252011115987,0.0152732900138661,0.0571249265229971,0.0059213789161335,0.0246252011115987,0.9924598404545952,0.7000968992248062,0.9386535889433794,11215,0.9865384615384616,0.6754716981132075,0.8815286624203822,785,0.0180688216262237,0.0382522845747032,0.002653198423986,0.0016588851219421,0.0003941095404639,0.0432090735443435,0.008334199669701,0.0145795883593141,0.0194314748011012,0.0020159808267547,0.0013524576830064,0.0,0.0371637611725819,0.00031105883211,0.0004802358150171,0.0,0.0371637611725819,0.0362128269988736,0.0837322447423723,0.0680765436878424,0.0404609546076784,0.0277304191588883,0.017959999746044,0.0132779249546172,0.9413126851237406,interfair/studies/requirements/evaluation/confirmation/hmda_oh/1000/random_pair/audit.npz,57e3670ea5d819b4ce2435d038798e4b39f79769344d6276b0fe46ced522ea5a,interfair/studies/requirements/runs/confirmation/hmda_oh/1000/random_pair/DONE.json,d1dac8354de2ede6d453ffe7431245cbc7f84bbd6c20c7f01692475c7907c60e,5,40,115.28562964400044,6a435754a0f9bdb30cd26b642d67fe263a501a2867a6177a95c921b6dfaded5b,43217c8caf1391502d6abb6a1c2f10c879e7e830141606ed7f4cc12aa778a064,12615680,3080,True,,False,True,12c705bd670422ad5fd76d8d76de904b54c82987f7935bac07e9213e3babe71a
hmda_oh,1001,mlp,random_pair,interfair/studies/requirements/runs/confirmation/hmda_oh/1001/random_pair/selected.pt,0.8451979085728984,0.9487673529456684,0.9216727834653274,0.8648333333333333,0.1029026858604867,0.3435427421539901,0.0341012139827409,0.0220120235662719,0.035444454225602,0.0099228331498029,0.0341012139827409,0.9862310130040433,0.6375968992248062,0.922068658047258,11215,0.9961538461538462,0.6716981132075471,0.8866242038216561,785,0.0204785256190023,0.0827862385536594,0.0030305266554856,0.0031609177969948,0.0001539323618835,0.0517695906414843,0.0147215866019764,0.02487769591426,0.1246180552360743,0.0028502236733012,0.0036766145387627,0.0003001200480192,0.0410288742438197,0.0069796492597138,0.0034995569828113,0.0016517489704467,0.0410288742438197,0.034050332651187,0.1669886527089011,0.1436179611576857,0.1222146306748146,0.1080926997587955,0.097301526378196,0.0846281738726407,0.7701840372619295,interfair/studies/requirements/evaluation/confirmation/hmda_oh/1001/random_pair/audit.npz,35b6c6ec1f76ae11527841305d79d7244bed96c42f15ec9ddbe9bfb7585b5332,interfair/studies/requirements/runs/confirmation/hmda_oh/1001/random_pair/DONE.json,8cfd0e59775a7f01848d2ee83a8140078658d787afa236bd1fc8c1b7d584ce7f,30,40,142.02403419004986,83121a2109dfa871f8d5091ec4bc034169e0655954a91fac8fc6b0bb252a511f,f779593edac436b1448254758d719be6536dca4355098267ab922765d9976b70,12615680,3080,True,,False,True,4f8cbade3e8f5923d5309bfd015a005281b10b6a5cda580835067573b9b4a1af
hmda_oh,1002,mlp,random_pair,interfair/studies/requirements/runs/confirmation/hmda_oh/1002/random_pair/selected.pt,0.8369571215888076,0.9464995822969278,0.9192844467891228,0.85975,0.1073451136514435,0.3548912375777311,0.0017149334503436,0.001546336373718,0.0454691311397666,0.0013777392970923,0.0017149334503436,0.9909299530106,0.685077519379845,0.9346411056620596,11215,0.9923076923076924,0.6867924528301886,0.889171974522293,785,0.0256869010995949,0.1306275570639826,0.0041244203732108,0.0033367875914475,0.0008393231514738,0.0433563370957695,0.0089695780437743,0.034016879177382,0.2374725805686874,0.0042346737690504,0.0030788118011685,0.0030684236612823,0.0423950931991847,0.0005231441009367,0.0006504406500632,0.0001500600240096,0.0423950931991847,0.0411667133344994,0.1304976168072833,0.0876165033253184,0.056084243128739,0.0315889275499963,0.0293848752181998,0.0113102648018766,0.7257160894982914,interfair/studies/requirements/evaluation/confirmation/hmda_oh/1002/random_pair/audit.npz,0fc1480775b499513cbbf48efcdd5dfa609bbcc1f22c517e660391f865079357,interfair/studies/requirements/runs/confirmation/hmda_oh/1002/random_pair/DONE.json,2298a6508f7c99a37e8c2465c9f7f2a6768057f47a11832a8e9042c580f019e6,5,40,175.17791386396857,48ad497ceedad0349edc212ff91f21f8623573feeb63cd90e1c8718a01f0cb8d,96c64cffb0cf3b5004d8ac2d1f4572c3d78891b88d0167c54ab5c8db462700c0,12615680,3080,True,,False,True,4c5a5801aae76a953f70d03a7bcaaaff17ec858ec13d4a620d92a87ade799f2a
hmda_oh,1003,mlp,random_pair,interfair/studies/requirements/runs/confirmation/hmda_oh/1003/random_pair/selected.pt,0.8393351438363377,0.9463152227637012,0.9194385695058642,0.8603333333333333,0.1045974898390824,0.3484648087383198,0.0448168056164984,0.0246914656092882,0.0658132448864264,0.0045661256020779,0.0448168056164984,0.9891815102174626,0.6787790697674418,0.932055283102987,11215,0.9846153846153848,0.6339622641509434,0.8662420382165605,785,0.0252027945334463,0.1326752471445769,0.0035503572858424,0.0034517707681536,0.0014047335400636,0.0423621779774498,0.0094272946978712,0.0330030011201321,0.2232205779465766,0.0040111015019106,0.0044157271123212,0.0016536566527081,0.0404100595619115,0.0008330012051687,0.0009249491774025,0.0009068923821039,0.0404100595619115,0.0386031438203929,0.1083891324069421,0.0798830499267416,0.0589590292640519,0.0402173832041491,0.0357690144709131,0.0237443978262433,0.7314864205865772,interfair/studies/requirements/evaluation/confirmation/hmda_oh/1003/random_pair/audit.npz,2b14316726e26282f9ad706b688e69bcb867861f9942da1bfadaaf8efa2e1d9c,interfair/studies/requirements/runs/confirmation/hmda_oh/1003/random_pair/DONE.json,b84e901596b551cacf2a7074141fb6ec930cad91c62ccc12671df9b922f05a2f,10,40,177.793636566028,6b0ac52be72cec71f6001e38f73e486a636236ab127eba2a3f31688f8ea7ff3c,fe04086c68436f384a1f296706eebfc1c593f667f49365055bb793768ac4ab6c,12615680,3080,True,,False,True,b6e59d627305a8d8d2213f2e7d68612c4ae648353622e9f0cda242e2f67e6e90
hmda_oh,1004,mlp,random_pair,interfair/studies/requirements/runs/confirmation/hmda_oh/1004/random_pair/selected.pt,0.8455102676245116,0.9488193599430568,0.9213893967093236,0.8638333333333333,0.1017632473162176,0.3379187173812739,0.016556969431037,0.009404465062349,0.043762476892015,0.002251960693661,0.016556969431037,0.9900557316140312,0.6589147286821705,0.9291127953633528,11215,0.9923076923076924,0.6754716981132075,0.8853503184713376,785,0.0160421212685638,0.0361859152895045,0.0020455231306705,0.0012675278259606,0.0,0.0470825553851256,0.0134046012223071,0.012584251524052,0.0189241325980882,0.0016309463114013,0.0017900819871254,0.0,0.0386688369012299,0.0037081718690521,0.0020613406710298,0.0010569524061135,0.0386688369012299,0.0345512818663574,0.1351190906561636,0.1240164098419271,0.0841233189768612,0.0778064058082618,0.0606131457016502,0.0551933265580852,0.898759800951212,interfair/studies/requirements/evaluation/confirmation/hmda_oh/1004/random_pair/audit.npz,02b5d3c7fa8418f34e747a0d803d9269b7f46ca43362ebad233a791b0a0df1e3,interfair/studies/requirements/runs/confirmation/hmda_oh/1004/random_pair/DONE.json,de4afb2b784652a6ea5def67ce286183764bdd7f6ea4a0d5908de156c2d8684b,40,40,182.17702744796406,ae3a1abc5049011a6b9a65c00a6da2e34a31fa97b328b67f1c7303d2d80d2b41,5b6e65a3859da3ee9198bf8ad1ee6e81744eea0f9987634f9c2978588c69045d,12615680,3080,True,,False,True,490bbdf419e29af985d99df75386249f4c3762bd2a122827563d0c128486125d
hmda_oh,1005,mlp,random_pair,interfair/studies/requirements/runs/confirmation/hmda_oh/1005/random_pair/selected.pt,0.8324098122342722,0.94477048996137,0.9161345659010768,0.8533333333333334,0.110080179883886,0.3624662992530612,0.0355199648968846,0.0188966804133557,0.0275194447836297,0.0022733959298268,0.0355199648968846,0.9938804502240192,0.7267441860465116,0.9447168970129292,11215,0.9961538461538462,0.7622641509433963,0.9171974522292994,785,0.0172892495654021,0.0383059153207781,0.0023592618012206,0.0021164033307868,9.58432733543283e-05,0.0394992675520109,0.0068430772778703,0.0109015391271574,0.0054329241569746,0.0017361288205352,0.0015022479765954,0.0,0.0342084762369399,0.0002289186985146,0.000392036781273,0.0,0.0342084762369399,0.0334338887067088,0.079607057225105,0.0652691834757716,0.0314103290649917,0.0225100040284178,0.0137455550807614,0.0096667167739755,0.9637613416994364,interfair/studies/requirements/evaluation/confirmation/hmda_oh/1005/random_pair/audit.npz,5aab2c931c31825cb172da6e865a07a8b63a8c89684286f435bb281373ad24c9,interfair/studies/requirements/runs/confirmation/hmda_oh/1005/random_pair/DONE.json,4e81c8b4c9e505b577319e072fc4f6aee46d169ab4876646c4c8818393e332ee,5,40,167.4444802789949,646e692b60b511afb6fc5de2360f013ba66f3c499e20d75f696f4bdca330fb30,262f6995eb4278942b57774459f09fe7d15639b11d54b5f95dbbaff1e4250a2c,12615680,3080,True,,False,True,23e55ccd168cbfb81c2a48a441edfc651d5bdce5b9ee7f328c6cd4868c4ca897
hmda_oh,1006,mlp,random_pair,interfair/studies/requirements/runs/confirmation/hmda_oh/1006/random_pair/selected.pt,0.8361138120861619,0.9455400451816612,0.9192176462107742,0.8599166666666667,0.1075561621351464,0.3563680283787891,0.008916556969431,0.0047089866881064,0.0512655082620807,0.0005014164067819,0.008916556969431,0.9889629548683204,0.6768410852713178,0.9315202853321444,11215,0.9884615384615384,0.6679245283018868,0.8802547770700637,785,0.0190225951809832,0.0481838137924541,0.0026617082757437,0.0020147247430605,0.0005179520346645,0.0458107086045537,0.0076120470994839,0.0145631111141477,0.0191161561488985,0.0019269938284817,0.001805084898138,0.0004501800720288,0.0340955918605363,0.0017950204935897,0.0013164155968138,0.0001500600240096,0.0340955918605363,0.0314788052967258,0.0864431998244094,0.0729785843665105,0.0563876019304672,0.0490535405348489,0.042846442889933,0.0353699424146926,0.928918232939264,interfair/studies/requirements/evaluation/confirmation/hmda_oh/1006/random_pair/audit.npz,33d8f7f4ca0042b2dc901df2494de3f0bd487c52690d0f933ce36d807481d43f,interfair/studies/requirements/runs/confirmation/hmda_oh/1006/random_pair/DONE.json,75ad6c9110432dba27f765ca6354825519eb58a12929dfb3ed15e5e209efa939,5,40,166.77765919198282,88901f5dc51a3dc8d02c520b3143ef7e4709575be68b534c30119c3d1aafee84,6ed361305444ffb063028cb301c78289301bf926f424742e7ab3cf44d2bb97f5,12615680,3080,True,,False,True,3edea38437e262e5ded9dd535c081493b9edeb38491d143d6795aab25ad9d989
hmda_oh,1007,mlp,random_pair,interfair/studies/requirements/runs/confirmation/hmda_oh/1007/random_pair/selected.pt,0.8365616059024605,0.9464370211395028,0.9168964533612248,0.8543333333333333,0.1106589067276752,0.3645957829579995,0.0072656135732046,0.0041465169317735,0.041340788468583,0.0010274202903424,0.0072656135732046,0.9970495027865808,0.7393410852713178,0.9496210432456532,11215,0.9980769230769232,0.7320754716981132,0.90828025477707,785,0.0170255572354473,0.0302269372362679,0.0023287667501173,0.0018981896077526,4.725004725004725e-05,0.0367738731342091,0.0068358265649913,0.0154624470959576,0.0278987513217975,0.0019525759012342,0.0014262340701429,0.0,0.0361057219727067,0.0005715527683819,0.0008698619469397,0.0,0.0361057219727067,0.034385121696579,0.1357359959161206,0.10900147913493,0.0654966646606299,0.0517445773418222,0.0338423126875363,0.0250756863271978,0.9075114763996766,interfair/studies/requirements/evaluation/confirmation/hmda_oh/1007/random_pair/audit.npz,3f33c378037f746b2679bc847a90d9d171daa4f79d9932489584763abb9e4519,interfair/studies/requirements/runs/confirmation/hmda_oh/1007/random_pair/DONE.json,b49688060628a2ab0e591c6d734b779483d037d7c1673c1a068739997561a2a0,5,40,133.55029833002482,963e1898fd735a49519f81a4a3a1e71642eb742fb760552d5c8fc474f50f6137,e2e1c8382fb978c6400f4defefd1aeec8f2c21d87ec3d5e85b346f7ead7ee3f1,12615680,3080,True,,False,True,f76fd29dbe05ae12bf4364d11c7d3154e3a35cd1f047fe946ab800264bb98796
hmda_oh,1008,mlp,random_pair,interfair/studies/requirements/runs/confirmation/hmda_oh/1008/random_pair/selected.pt,0.8375992879341321,0.9460844814828848,0.9197227837135432,0.861,0.1070265490033652,0.3550461109461033,0.0102585198186339,0.0063864785403198,0.0444121981763504,0.0025144372620058,0.0102585198186339,0.9878701781226096,0.6652131782945736,0.9284886312973696,11215,0.9903846153846154,0.6754716981132075,0.8840764331210191,785,0.026333187083248,0.135580618603168,0.0036065595878744,0.0025155577839827,0.0008844200803181,0.0475063111871523,0.0088681490153814,0.0263893883624172,0.1381626940982116,0.0034868569939049,0.0038236977434869,0.0009003601440576,0.0415255119050545,0.0011914286265384,0.0012974890736664,0.0001500600240096,0.0415255119050545,0.0389669762173191,0.1568706801795738,0.1253932647073951,0.0838881537823906,0.0646070396441271,0.0517398594524746,0.0365373138905763,0.7880183848641577,interfair/studies/requirements/evaluation/confirmation/hmda_oh/1008/random_pair/audit.npz,33628a64e2df00f7aa5fb85fd647d7b4680b915be011e8a11a2d830df32f435c,interfair/studies/requirements/runs/confirmation/hmda_oh/1008/random_pair/DONE.json,e6ded03329c99d1ed68b62ab1e4fadd2871cc88d21cc9cee45fffd534c8d8d48,5,40,115.00544170598732,09b32dd4f709d155a29c89387384219b2ca931130cfe0df05c771f7805a6ecd9,adae3485017f0c981578516c0bdd753fd8060d86a39e8c51bbfcd57834d0e7f7,12615680,3080,True,,False,True,cc46f19670be52b1280b14c45aa98a0620351f03592b54ccc000ef62f02ece12
hmda_oh,1009,mlp,random_pair,interfair/studies/requirements/runs/confirmation/hmda_oh/1009/random_pair/selected.pt,0.8319687668474876,0.944308441134807,0.9185192298458732,0.8585833333333334,0.1085822842368074,0.3587856074580742,0.0467182243674125,0.0250861197406778,0.0296986236018071,0.003454015113943,0.0467182243674125,0.9888536771937492,0.6778100775193798,0.9316094516272848,11215,0.9923076923076924,0.7245283018867924,0.9019108280254776,785,0.0190285476795849,0.0478129938317165,0.0031161560083346,0.0041546048607915,0.0002925227664003,0.0469165027960074,0.0090370127414083,0.0135999057760492,0.0152043330809827,0.0023722995132166,0.0033775831970846,0.0001511487303506,0.0353827160752445,0.0005972877916551,0.0008185097787895,0.0004534461910519,0.0353827160752445,0.0337606683874151,0.1143712960640745,0.0971721942017514,0.0581846109923011,0.046265386658999,0.0328483194964411,0.0251443588043421,0.928724421278102,interfair/studies/requirements/evaluation/confirmation/hmda_oh/1009/random_pair/audit.npz,eb02c5a6ee153f72c1fd7678fa92073fd455cae5a58772c231c61ebc4f3553fd,interfair/studies/requirements/runs/confirmation/hmda_oh/1009/random_pair/DONE.json,74b110fe49c315fbfec15dd0f3d5ab362e58f706a2ff86ba0d49012f6a2b45f5,5,40,115.41531097597908,3871ab26e2ba1e0f14670c06f71f2e81fd8271234d05bbad3d16ee1594a939f8,49093b96b7340e94d2e8625e36fa94536edba37b859843b5894bf029ec9bf13e,12615680,3080,True,,False,True,b074685a88600e9a0b0cfc2a922a351e38fd1cbe28830cfc2b48cc3073c9a783
hmda_oh,1000,mlp,ranked_pair,interfair/studies/requirements/runs/confirmation/hmda_oh/1000/ranked_pair/selected.pt,0.8370997709574144,0.9458211787270704,0.9192528735632184,0.8595,0.1079709668852365,0.357335802246974,0.0315854907123007,0.0178465351899642,0.0589593668625106,0.0041075796676277,0.0315854907123007,0.9925691181291664,0.6957364341085271,0.937940258582256,11215,0.9884615384615384,0.6641509433962264,0.8789808917197452,785,0.0211626434826499,0.083896889002163,0.0029620575302401,0.0019747260674157,0.0006916302293554,0.0405985069889682,0.0083709506937501,0.0228768589010046,0.1165510597082805,0.0028661230090838,0.0010517883894874,0.0006002400960384,0.0339018268190894,0.0002493578985065,0.0004083950660285,0.0,0.0339018268190894,0.0331151087225573,0.077108722783615,0.0500505101665673,0.0342841955804332,0.020771575000894,0.0155502515395517,0.0103690117723832,0.8544766867660875,interfair/studies/requirements/evaluation/confirmation/hmda_oh/1000/ranked_pair/audit.npz,59bf9454fe8341ebea80e55966268cdf37fe075a8d11352fcab74a312f580d65,interfair/studies/requirements/runs/confirmation/hmda_oh/1000/ranked_pair/DONE.json,9f518b742cc6dad9659b48418b10a24c965df902b2f7bad891dee53fa60ccf16,5,40,139.73974868602818,6a435754a0f9bdb30cd26b642d67fe263a501a2867a6177a95c921b6dfaded5b,43217c8caf1391502d6abb6a1c2f10c879e7e830141606ed7f4cc12aa778a064,12615680,3080,True,,False,True,fde9705ac307daa65a17acbc7f31580003ecc0cbbdac64b7bf6f9d6c55d62006
hmda_oh,1001,mlp,ranked_pair,interfair/studies/requirements/runs/confirmation/hmda_oh/1001/ranked_pair/selected.pt,0.8452203071432258,0.9489576641815224,0.9218281959609624,0.8651666666666666,0.1028207177401323,0.3433640866923597,0.0460088489103407,0.0271135802431044,0.0331897396287388,0.0082183115758681,0.0460088489103407,0.9860124576549012,0.6332364341085271,0.9210878288007134,11215,0.9942307692307693,0.6792452830188679,0.8878980891719745,785,0.0227412373600496,0.1064264032937518,0.0035285223496764,0.0041595664659158,0.0007501740029365,0.0476609542923374,0.0135003800646957,0.0266979386883049,0.1526941944130862,0.003358289398399,0.0038253161260107,0.0009033565326601,0.0408507838326557,0.0054720194327126,0.0031454796672784,0.001500600240096,0.0408507838326557,0.034590087666956,0.1429506571823682,0.1234478531873242,0.1080457734531795,0.0932514248671923,0.0877270337868627,0.0736176488540949,0.7628268141045019,interfair/studies/requirements/evaluation/confirmation/hmda_oh/1001/ranked_pair/audit.npz,18c741a6ee1e08ad636d183f01ec32e8f891188e149927f78cc582806c1b675c,interfair/studies/requirements/runs/confirmation/hmda_oh/1001/ranked_pair/DONE.json,b009fc5c3c39582932bf248334618397adf2e36bd0db5a282411ecc4e7c4c785,30,40,132.4981929110363,83121a2109dfa871f8d5091ec4bc034169e0655954a91fac8fc6b0bb252a511f,f779593edac436b1448254758d719be6536dca4355098267ab922765d9976b70,12615680,3080,True,,False,True,93b1a22452b8a2217abd595594f438410b0346575fb43d9badc203bad9db903c
hmda_oh,1002,mlp,ranked_pair,interfair/studies/requirements/runs/confirmation/hmda_oh/1002/ranked_pair/selected.pt,0.8404519201257658,0.9475250611813728,0.921038736619786,0.8629166666666667,0.104569081880879,0.3461244488326827,0.0067646628638291,0.0045409900064293,0.0452271894726977,0.0023173171490294,0.0067646628638291,0.9919134520817398,0.6724806201550387,0.9331252786446724,11215,0.9942307692307693,0.6792452830188679,0.8878980891719745,785,0.0177619723104945,0.0395612429170695,0.002659225875878,0.0026885457190495,0.0003319283210623,0.0413903090419388,0.0080638381529569,0.0153540537572276,0.0280859305968793,0.0022289172989047,0.0018075320412407,0.0003022974607013,0.0389002939414941,0.0005835353676877,0.0006759131231827,0.0001511487303506,0.0389002939414941,0.0375625140379369,0.0761915316165762,0.0604626034204097,0.0437346773183331,0.0344980728283576,0.027181393099903,0.0206226344358838,0.930141059460323,interfair/studies/requirements/evaluation/confirmation/hmda_oh/1002/ranked_pair/audit.npz,b77234705710ace5a05b2aedcc3f73af44971e661a1caedc3aaf393a3b06dcac,interfair/studies/requirements/runs/confirmation/hmda_oh/1002/ranked_pair/DONE.json,0306c871d03f3de68c13914d8060371d1b876023355df2271f2098f3643548e4,10,40,180.5948831079877,48ad497ceedad0349edc212ff91f21f8623573feeb63cd90e1c8718a01f0cb8d,96c64cffb0cf3b5004d8ac2d1f4572c3d78891b88d0167c54ab5c8db462700c0,12615680,3080,True,,False,True,7291a971797d8bcd12fdd5ee24dbeb1cb9dabf96a879ac82b9a838bd793f9ca2
hmda_oh,1003,mlp,ranked_pair,interfair/studies/requirements/runs/confirmation/hmda_oh/1003/ranked_pair/selected.pt,0.8394333290460085,0.9464359069433954,0.9201250300553018,0.8615833333333334,0.1048153394983684,0.3493241056497753,0.0645513383062746,0.0337064711672089,0.0718260064574571,0.0028616040281431,0.0645513383062746,0.9894000655666048,0.6758720930232558,0.9316986179224254,11215,0.9865384615384616,0.6113207547169811,0.8598726114649682,785,0.0141023053998211,0.0209790152236387,0.0019765062355125,0.0016621187195406,0.000293265512004,0.0434399091965167,0.0088754799238973,0.0132123727294947,0.0190782875017,0.0017166654807865,0.0007508493655478,0.0,0.0396599484744266,0.0013259653541241,0.001318926830125,0.0007557436517533,0.0396599484744266,0.0370334696658048,0.1260618292728887,0.1090894595107961,0.0717572588621636,0.0629484495665792,0.0466143869881689,0.0370531001598543,0.9099180198752076,interfair/studies/requirements/evaluation/confirmation/hmda_oh/1003/ranked_pair/audit.npz,18c6851e25e92b3bdeb28460a499e28bc72757491378a16a49998e45c81719e6,interfair/studies/requirements/runs/confirmation/hmda_oh/1003/ranked_pair/DONE.json,95d5907e89d61badddc3bfbaf07a74c799ec108f1aedd6d56d2d6abebb25d9f0,10,40,178.1664223339758,6b0ac52be72cec71f6001e38f73e486a636236ab127eba2a3f31688f8ea7ff3c,fe04086c68436f384a1f296706eebfc1c593f667f49365055bb793768ac4ab6c,12615680,3080,True,,False,True,dc800d9ce76eaef5523e71cc714b622599fc4fcde9b0c919ccadf0006d1ff4c2
hmda_oh,1004,mlp,ranked_pair,interfair/studies/requirements/runs/confirmation/hmda_oh/1004/ranked_pair/selected.pt,0.8419056295177016,0.947866889966234,0.9208702348864074,0.863,0.1038288989214109,0.3442012013347221,0.0250731314904197,0.0131927571660718,0.0415077622951517,0.0013123828417239,0.0250731314904197,0.9890722325428914,0.6579457364341085,0.9281319661168078,11215,0.9903846153846154,0.6830188679245283,0.8866242038216561,785,0.0354468099008645,0.2434251402400788,0.0052897138125242,0.0038854541612271,0.0021217391919156,0.0409515907206825,0.0099389169482279,0.0528332795597114,0.4142147413551354,0.0052476453754478,0.0039742972283378,0.0043479043637557,0.0378681010368932,0.0014469438118469,0.001261081253421,0.0001511487303506,0.0378681010368932,0.0354337574046875,0.1589480956937968,0.1080206764948099,0.082972800511979,0.0485242910811514,0.0519615072675972,0.0321814783146956,0.5342143209322757,interfair/studies/requirements/evaluation/confirmation/hmda_oh/1004/ranked_pair/audit.npz,8d671bad3c87893ab4bca45474776247bec017db1eafee34bec35e6d901d034b,interfair/studies/requirements/runs/confirmation/hmda_oh/1004/ranked_pair/DONE.json,3fe39d5cb1229d58adabc2f3f40a3e6c61be8a00e2e47ce5ee0ced567e9646ca,10,40,175.804611804022,ae3a1abc5049011a6b9a65c00a6da2e34a31fa97b328b67f1c7303d2d80d2b41,5b6e65a3859da3ee9198bf8ad1ee6e81744eea0f9987634f9c2978588c69045d,12615680,3080,True,,False,True,c62a3fa861cbbb5cd442176b722b65514ad7fc83677efe9a870a5437f8840d6b
hmda_oh,1005,mlp,ranked_pair,interfair/studies/requirements/runs/confirmation/hmda_oh/1005/ranked_pair/selected.pt,0.832493324049507,0.94491129813577,0.9164798473646554,0.8540833333333333,0.1096460478166136,0.3604063965163617,0.0427874067573498,0.0228582343673016,0.0256469525856805,0.0029290619772534,0.0427874067573498,0.9932247841765928,0.7194767441860465,0.94284440481498,11215,0.9961538461538462,0.7622641509433963,0.9171974522292994,785,0.027695235231294,0.1590121047936097,0.0042985712299113,0.0046306857540443,0.0012861158753082,0.0370356022520371,0.0065486234979255,0.0363940491601526,0.2638115140301718,0.0042879535249409,0.003531179070538,0.002922209754454,0.0326307718426513,0.0005592572431522,0.0007153252676425,0.0001511487303506,0.0326307718426513,0.0312770577057283,0.1290999535052256,0.0830296116265923,0.0592859477230243,0.030802749043986,0.0308479591204927,0.0152872691190793,0.6979228936125348,interfair/studies/requirements/evaluation/confirmation/hmda_oh/1005/ranked_pair/audit.npz,b573a5cf02a6ac9be11f20e838cfdfd11ab0c799c03b176c0ad02822216f8d55,interfair/studies/requirements/runs/confirmation/hmda_oh/1005/ranked_pair/DONE.json,05d4828337b175f544fc342a646a47e44aa67e65ffd4381379718f99bfc9a350,5,40,179.7069116210332,646e692b60b511afb6fc5de2360f013ba66f3c499e20d75f696f4bdca330fb30,262f6995eb4278942b57774459f09fe7d15639b11d54b5f95dbbaff1e4250a2c,12615680,3080,True,,False,True,6eb60f861a06eb558466072b4fe3c66b7808e55c40b5feb9ba26ef4bfd09e5f3
hmda_oh,1006,mlp,ranked_pair,interfair/studies/requirements/runs/confirmation/hmda_oh/1006/ranked_pair/selected.pt,0.8399400162290851,0.94711049789274,0.9170193542251176,0.8545833333333334,0.1086210614737161,0.3577305049971686,0.0415112622495247,0.0212034594411296,0.0272644405382918,0.0008956566327344,0.0415112622495247,0.9970495027865808,0.7320736434108527,0.9482835488185466,11215,0.9961538461538462,0.7735849056603774,0.9210191082802548,785,0.0242254836895838,0.1216528801512427,0.0035308450035576,0.0018703534876055,0.0008069614381059,0.0381334597973787,0.0073088402158004,0.027627324775178,0.1628155510802031,0.003153866684284,0.0020245762685783,0.0007511190959684,0.0268371106522711,0.0051311957185821,0.0034151379582046,0.0004534461910519,0.0268371106522711,0.0200568879877459,0.2565665604607872,0.2081689548536184,0.1650129026450882,0.1374746732204562,0.1207065026180536,0.0955317353047483,0.698693988812107,interfair/studies/requirements/evaluation/confirmation/hmda_oh/1006/ranked_pair/audit.npz,92ce074bfe01877ae3bda92cd022666f8652f8f36016380ce5fd988991a12014,interfair/studies/requirements/runs/confirmation/hmda_oh/1006/ranked_pair/DONE.json,99fe293c93a930f630ca748c7e3e5f7039b143e436f354b221ba1c70709a6ef6,15,40,180.10908850701526,88901f5dc51a3dc8d02c520b3143ef7e4709575be68b534c30119c3d1aafee84,6ed361305444ffb063028cb301c78289301bf926f424742e7ab3cf44d2bb97f5,12615680,3080,True,,False,True,f3a006855c22d2d7f79b1ee17dc9a4e0904ba002cdc307fbd97e36ebdc74f245
hmda_oh,1007,mlp,ranked_pair,interfair/studies/requirements/runs/confirmation/hmda_oh/1007/ranked_pair/selected.pt,0.8372840874385133,0.9462740353669188,0.9165598138386284,0.8535833333333334,0.1110048783413962,0.3654050684079753,0.0105309346204476,0.0053967055943962,0.0352133033840597,0.0002624765683447,0.0105309346204476,0.9978144465085784,0.7441860465116279,0.9511368702630406,11215,0.9980769230769232,0.7547169811320755,0.9159235668789808,785,0.0253119596460913,0.1325640971310895,0.003488826656083,0.0029217715410916,0.0013607755984551,0.0344261463143645,0.0058624858596651,0.0362781735315656,0.2710832954596742,0.0041564772747784,0.0025482727819815,0.0026926097592066,0.0337000904061565,0.0009162046668176,0.0012000129040936,0.0001511487303506,0.0337000904061565,0.0313751130315457,0.1849215792716133,0.1297354752726837,0.0932617146816488,0.0583941588457928,0.0526385620753742,0.0302255549539444,0.6611593171302332,interfair/studies/requirements/evaluation/confirmation/hmda_oh/1007/ranked_pair/audit.npz,75f10e807e16d85faae6bd60b3ffd15b6d317201f241c036e7d4dd056506d5a5,interfair/studies/requirements/runs/confirmation/hmda_oh/1007/ranked_pair/DONE.json,cd8b7f324b207b295d937c5abce31a2a6e74a3b1498c4757ebd372f9496f9131,5,40,138.17437769798562,963e1898fd735a49519f81a4a3a1e71642eb742fb760552d5c8fc474f50f6137,e2e1c8382fb978c6400f4defefd1aeec8f2c21d87ec3d5e85b346f7ead7ee3f1,12615680,3080,True,,False,True,b747a89048cb3af225b045629efd267d066f5f54437158ca079ce7d3b2786941
hmda_oh,1008,mlp,ranked_pair,interfair/studies/requirements/runs/confirmation/hmda_oh/1008/ranked_pair/selected.pt,0.8406100198461546,0.9461830500252616,0.9212636460245388,0.8641666666666666,0.1035709687833243,0.3436713954027095,0.0345125786163522,0.0175192912499563,0.0635335410093964,0.0005260038835604,0.0345125786163522,0.9860124576549012,0.6458333333333334,0.9234061524743646,11215,0.9865384615384616,0.6113207547169811,0.8598726114649682,785,0.0350523038205254,0.2504457349717057,0.0046727047659298,0.0054235593789716,0.0020289801529745,0.0427379761985475,0.0100099678753527,0.0401406044579578,0.3065249567774885,0.0047941218556149,0.004576175276217,0.0019573125501712,0.0441549040834126,0.0018725410003238,0.0015084702053562,0.0003022974607013,0.0441549040834126,0.0411876622445738,0.1679397449681169,0.131953908581335,0.0929232437292002,0.063242873018766,0.056706489447726,0.03574859587783,0.6277203670948839,interfair/studies/requirements/evaluation/confirmation/hmda_oh/1008/ranked_pair/audit.npz,ff9837ef8d7a8403865f52b30a8dafc0420333d5b80168bec14eff6646a6fe4c,interfair/studies/requirements/runs/confirmation/hmda_oh/1008/ranked_pair/DONE.json,f45af227946118cd6b0fa43c93d64784c492ef602d3eaa2d963feece40c7c387,10,40,122.71492842101725,09b32dd4f709d155a29c89387384219b2ca931130cfe0df05c771f7805a6ecd9,adae3485017f0c981578516c0bdd753fd8060d86a39e8c51bbfcd57834d0e7f7,12615680,3080,True,,False,True,c7d749bb99c7d9cbe9d90bc6ed678e8957ab16c663844684bac414c9444250c0
hmda_oh,1009,mlp,ranked_pair,interfair/studies/requirements/runs/confirmation/hmda_oh/1009/ranked_pair/selected.pt,0.8312599375619318,0.9440833487327333,0.9174584892983972,0.8566666666666667,0.1091360161978904,0.3602229980583196,0.0640302764370337,0.0340699787992016,0.0225011429755984,0.0041096811613695,0.0640302764370337,0.9881980111463228,0.6831395348837209,0.932055283102987,11215,0.9923076923076924,0.7471698113207547,0.9095541401273886,785,0.0212968959711861,0.073169870856147,0.0029897963357161,0.0020356295935374,0.0002896323652245,0.0460513299012921,0.008257187260749,0.0200928819069008,0.08428496783626,0.0026138526448626,0.0016558438500488,0.0004512687783698,0.0339114248537807,0.0004393811462172,0.0006420097783241,0.0001511487303506,0.0339114248537807,0.0326567037445161,0.0961264240204005,0.0685872372860368,0.0470242303018966,0.033386552309899,0.0279645557536519,0.018248035100043,0.8732165541216348,interfair/studies/requirements/evaluation/confirmation/hmda_oh/1009/ranked_pair/audit.npz,e82882b7485750ffcda479813f1c188d8545f01ea291c784f58f5b2481e7c719,interfair/studies/requirements/runs/confirmation/hmda_oh/1009/ranked_pair/DONE.json,9efd959cf2cbed0fa8af570bac3576db39928ebfc76f6237f7f1a2152ef8c496,5,40,115.77476903103525,3871ab26e2ba1e0f14670c06f71f2e81fd8271234d05bbad3d16ee1594a939f8,49093b96b7340e94d2e8625e36fa94536edba37b859843b5894bf029ec9bf13e,12615680,3080,True,,False,True,31f66f53653e8f0ac5ace7527f5cc1cd1161c943784e9810055bb6902e9cb6e9
hmda_oh,1000,mlp,soft,interfair/studies/requirements/runs/confirmation/hmda_oh/1000/full/selected.pt,0.8464100508267736,0.9482124053437376,0.9216466190635932,0.86375,0.1016468193748282,0.3386120552857317,0.0052087904051484,0.004593353954455,0.0441696885710959,0.0039779175037616,0.0052087904051484,0.9940990055731614,0.6778100775193798,0.935889433794026,11215,0.9980769230769232,0.6830188679245283,0.89171974522293,785,0.0057163489272694,0.0003245302806117,0.0009186648642299,0.0006304751279338,0.0,0.0470708333425522,0.0131684778933297,0.0049740774648784,0.0,0.0006792443263692,0.0003009390239396,0.0,0.0393777015089619,0.0001403406643242,0.0001702889565862,0.0,0.0393777015089619,0.0390377484382068,0.0237188265055334,0.0216201943347395,0.0103020778910307,0.0093962742152678,0.0060805209895435,0.0057793122351832,0.9896979221089692,interfair/studies/requirements/evaluation/confirmation/hmda_oh/1000/full/audit.npz,39a7cf112a587f3afa638518348305d1a2c48930b712ca19f099039af06b5bdf,interfair/studies/requirements/runs/confirmation/hmda_oh/1000/full/DONE.json,a8e9287205ad4ecdea77675fbf53fc79e5a7166693a0c690a32e7040e021b9d1,30,40,117.50465107802302,6a435754a0f9bdb30cd26b642d67fe263a501a2867a6177a95c921b6dfaded5b,43217c8caf1391502d6abb6a1c2f10c879e7e830141606ed7f4cc12aa778a064,12615680,3080,True,,False,True,b88521a3937792c2d7a16e41433c2539e9a2725144eb0f6ef6a5d98d57952459
hmda_oh,1001,mlp,soft,interfair/studies/requirements/runs/confirmation/hmda_oh/1001/full/selected.pt,0.847351589936653,0.9498532902502111,0.9213893967093236,0.8638333333333333,0.1011388754872902,0.335700239539108,0.0250731314904197,0.0156949006896884,0.0383102703101794,0.006316669888957,0.0250731314904197,0.9898371762648892,0.6579457364341085,0.9287561301827908,11215,0.9961538461538462,0.6830188679245283,0.8904458598726115,785,0.0046819151713972,0.0,0.0006189914747,0.0004382491337383,0.0,0.049630864983267,0.0149851566698866,0.0044851417794705,0.0,0.000534089125817,0.0004493708807669,0.0,0.0452596433518602,9.532628978959515e-05,0.0001407974528679,0.0001500600240096,0.0452596433518602,0.0449781045519921,0.0151270222986524,0.0148258135442921,0.009058787346598,0.0084563698378775,0.0050153983935427,0.0045654880519345,0.990941212653402,interfair/studies/requirements/evaluation/confirmation/hmda_oh/1001/full/audit.npz,b9833726328151938abd2589fdc40b801fe999fb9635358d576faef6235a3afd,interfair/studies/requirements/runs/confirmation/hmda_oh/1001/full/DONE.json,e2eb7d4ca4e278b3f554331f522d88487d51117da9da4c3a02281fe015068eac,40,40,129.29693544999463,83121a2109dfa871f8d5091ec4bc034169e0655954a91fac8fc6b0bb252a511f,f779593edac436b1448254758d719be6536dca4355098267ab922765d9976b70,12615680,3080,True,,False,True,ffb3f9e2771309e0d6646ab6d0fc93f5e8280f97eeef4fe6ea544fad7db3f014
hmda_oh,1002,mlp,soft,interfair/studies/requirements/runs/confirmation/hmda_oh/1002/full/selected.pt,0.8459282484775299,0.9492876002141536,0.92,0.8603333333333333,0.1063546032641371,0.350076502880276,0.043299327190288,0.0224912067640284,0.0297616647404096,0.0016830863377689,0.043299327190288,0.9963938367391542,0.7000968992248062,0.9418635755684353,11215,0.9980769230769232,0.7433962264150943,0.9121019108280256,785,0.0064894497044544,0.0003021315369843,0.0012602275057236,0.002198833504762,0.0,0.0368102152199521,0.0086211523075086,0.0057984401940851,0.0003009390239396,0.0011448046394499,0.0026958856628883,0.0,0.0327159640440128,5.608375818180514e-05,0.0001025247073352,0.0001500600240096,0.0327159640440128,0.0325113499197306,0.0202840378928733,0.0184043576316784,0.0072350028818515,0.006179139182079,0.0036172317105051,0.0030126367891024,0.9924640580942088,interfair/studies/requirements/evaluation/confirmation/hmda_oh/1002/full/audit.npz,82f2ac87c7332262f1f2ec0200bb0ac7bba1c19f602d1c26dec7d0f52ff3565b,interfair/studies/requirements/runs/confirmation/hmda_oh/1002/full/DONE.json,20d8d2e63b2b9149defa4f709cc555e186fc9874843e8d2715f5b1e3b5f18c1b,20,40,186.7055804519914,48ad497ceedad0349edc212ff91f21f8623573feeb63cd90e1c8718a01f0cb8d,96c64cffb0cf3b5004d8ac2d1f4572c3d78891b88d0167c54ab5c8db462700c0,12615680,3080,True,,False,True,79a6c722e5d2a9ed87c4431a35dcdad72f02088c8f7505730d13f9bcc636dbec
hmda_oh,1003,mlp,soft,interfair/studies/requirements/runs/confirmation/hmda_oh/1003/full/selected.pt,0.8489572055889961,0.9499700963129531,0.9213083213083212,0.8636666666666667,0.1017947350434797,0.3394801223076526,0.0236196431183267,0.0128811630687084,0.041393038781659,0.00214268301909,0.0236196431183267,0.9901650092886024,0.6593992248062015,0.9292911279536336,11215,0.9923076923076924,0.6830188679245283,0.8878980891719745,785,0.0049771574811181,0.0001077600468037,0.0007943811142836,0.0005610957887105,0.0,0.049952941224303,0.0115075625718847,0.0046468100698984,0.0001500600240096,0.0006485042503643,0.0011193218383152,0.0,0.0441847322324414,0.0001151569545244,0.0001889927255178,0.0,0.0441847322324414,0.0438068961215389,0.0257746287546545,0.0241986043909226,0.0118562875906245,0.0109529310579643,0.0067504621624333,0.0064506118448347,0.987993652385366,interfair/studies/requirements/evaluation/confirmation/hmda_oh/1003/full/audit.npz,2ff2400089c11eb6c21ad5e5ceec0da2f1f252377efe4ace0a94013b16f832ba,interfair/studies/requirements/runs/confirmation/hmda_oh/1003/full/DONE.json,87f41027ce19c96891e73489989e9e8e041a5b96fbbb5eb3a5241d4c12818e19,30,40,166.66976458695717,6b0ac52be72cec71f6001e38f73e486a636236ab127eba2a3f31688f8ea7ff3c,fe04086c68436f384a1f296706eebfc1c593f667f49365055bb793768ac4ab6c,12615680,3080,True,,False,True,265dda4cf2882afb7682e6e6496e57730bea0fbeece0d7bd680549322900d79c
hmda_oh,1004,mlp,soft,interfair/studies/requirements/runs/confirmation/hmda_oh/1004/full/selected.pt,0.8444889016970925,0.9488105243504096,0.9212337006206996,0.8635833333333334,0.1021357171569918,0.3387725500951601,0.0335892935498025,0.0191007209324124,0.0366797197792991,0.0046121483150223,0.0335892935498025,0.9896186209157468,0.6569767441860465,0.9283994650022293,11215,0.9942307692307693,0.690566037735849,0.89171974522293,785,0.0067481294137623,0.0003073297318714,0.0015218486102778,0.0015186198099569,0.0,0.0534001815007382,0.0157241394882955,0.0056832075531735,0.0,0.0012830124796445,0.0023941374476868,0.0,0.0516707814932645,3.047323725628862e-05,5.380643676111377e-05,0.0,0.0516707814932645,0.0515634192824013,0.0101690794817887,0.0088961715546786,0.0033067640599165,0.0033067640599165,0.0018028977007973,0.0016528376767877,0.9966932359400834,interfair/studies/requirements/evaluation/confirmation/hmda_oh/1004/full/audit.npz,63c341f54f08afd02239be26a9b09e4907b9f47360843932fae72643fde3bfd0,interfair/studies/requirements/runs/confirmation/hmda_oh/1004/full/DONE.json,545b24cd6f339a8d0dbf6a5fdaed6016ffe6c6de07f9a112adf8d4e5c6457d74,40,40,157.376492616022,ae3a1abc5049011a6b9a65c00a6da2e34a31fa97b328b67f1c7303d2d80d2b41,5b6e65a3859da3ee9198bf8ad1ee6e81744eea0f9987634f9c2978588c69045d,12615680,3080,True,,False,True,8b3f6f6fa7f215f30a45be32f6603ea1d2772628b65a09369d8f2b03dbf1c327
hmda_oh,1005,mlp,soft,interfair/studies/requirements/runs/confirmation/hmda_oh/1005/full/selected.pt,0.8321969259216457,0.9447274408578228,0.9156075967442524,0.85225,0.1105141857097939,0.3635918814538489,0.0267990346643265,0.014263021110649,0.0295702695718598,0.0017270075569715,0.0267990346643265,0.9944268385968746,0.7354651162790697,0.9467677218011592,11215,0.9961538461538462,0.7622641509433963,0.9171974522292994,785,0.0117590924908385,0.0029105110038311,0.001806255333493,0.0027218447915026,0.0,0.0397903945453737,0.006990757466271,0.0103878493110195,0.0019502604206006,0.0014962341322561,0.0012023976589968,0.0,0.0361252704587161,2.0019057303859963e-05,5.018310794897024e-05,0.0,0.0361252704587161,0.036026781961468,0.0104088076711603,0.0075609543020008,0.0036741478263429,0.002471490221584,0.0018717895863868,0.0013513591920068,0.9943755917530565,interfair/studies/requirements/evaluation/confirmation/hmda_oh/1005/full/audit.npz,86bad46c9ebf1cb6da6c3bebfbc2d143be5083a69fbc17825473e80c1e47f25a,interfair/studies/requirements/runs/confirmation/hmda_oh/1005/full/DONE.json,6d6da4bd9f9e2110b17ecc2193c08d3987255c7fcfe27fdd817bc5ea2814b2c4,5,40,173.38877178903203,646e692b60b511afb6fc5de2360f013ba66f3c499e20d75f696f4bdca330fb30,262f6995eb4278942b57774459f09fe7d15639b11d54b5f95dbbaff1e4250a2c,12615680,3080,True,,False,True,bfe275ab86f14b15285cc0605335d57a107847f3d59ce487a6991cafa44c1fec
hmda_oh,1006,mlp,soft,interfair/studies/requirements/runs/confirmation/hmda_oh/1006/full/selected.pt,0.8419335777833531,0.9477245280772486,0.9204872434298867,0.8618333333333333,0.104785618723863,0.3462111956812362,0.0160450489980985,0.0080439597352151,0.0428321941439893,4.287047233175745e-05,0.0160450489980985,0.992350562780024,0.6782945736434108,0.9345519393669192,11215,0.9923076923076924,0.6943396226415094,0.89171974522293,785,0.0097332875261197,0.0010694132019134,0.0015022995919681,0.0011238488483443,0.0,0.0440003271482989,0.0105749411204074,0.0085342416849971,0.001200759707156,0.001313217583136,0.0009028170718189,0.0,0.0438523000978918,5.901446487073454e-05,0.0001144110328621,0.0001511487303506,0.0438523000978918,0.0436258233627199,0.0196843372576761,0.0158601699446404,0.0074452046034052,0.0057869233949121,0.0039072431337172,0.0034559743553474,0.9913540356894388,interfair/studies/requirements/evaluation/confirmation/hmda_oh/1006/full/audit.npz,7b7d3babab94f004aa949c1d63d6a048071e03fff5e19566101b0b243d933567,interfair/studies/requirements/runs/confirmation/hmda_oh/1006/full/DONE.json,891071faa4b1e9f5e010a69459b5e84070c79eeaa70b80ba4d87bcc0d23b363e,10,40,174.36726019403432,88901f5dc51a3dc8d02c520b3143ef7e4709575be68b534c30119c3d1aafee84,6ed361305444ffb063028cb301c78289301bf926f424742e7ab3cf44d2bb97f5,12615680,3080,True,,False,True,850d9cb5d33fe57d4ba6a3988c837b134675e8057da14d0ad896358e53fab95f
hmda_oh,1007,mlp,soft,interfair/studies/requirements/runs/confirmation/hmda_oh/1007/full/selected.pt,0.8467196572295059,0.9493246365250184,0.9211453957216668,0.8639166666666667,0.1017306506716747,0.3371065237965621,0.0064045123273622,0.0060251316938844,0.0464380336844137,0.0064045123273622,0.0056457510604065,0.98590317998033,0.6434108527131783,0.922871154703522,11215,0.9923076923076924,0.6490566037735849,0.8764331210191083,785,0.0046421051406656,0.0,0.0006212812245468,0.0009415270583268,0.0,0.0467568896728979,0.0147986671750511,0.0044797194704297,0.0,0.0005426219546428,0.0010517883894874,0.0,0.0437390184430854,7.262439992792219e-05,9.597788010427656e-05,0.0,0.0437390184430854,0.0435472412529637,0.0128167782488849,0.0120634817402343,0.0052626972053263,0.0045911180805956,0.0023304095787235,0.0021792608483728,0.9947373027946738,interfair/studies/requirements/evaluation/confirmation/hmda_oh/1007/full/audit.npz,12c13e77cfe9e491a14fa27c1ee18115407c61b9fa8031e5cb259bb97c9c4ba3,interfair/studies/requirements/runs/confirmation/hmda_oh/1007/full/DONE.json,a49c21d5f52b87f2567f129570dba32393a9355663c14ad52e1871e5d60bb207,30,40,140.7784322880325,963e1898fd735a49519f81a4a3a1e71642eb742fb760552d5c8fc474f50f6137,e2e1c8382fb978c6400f4defefd1aeec8f2c21d87ec3d5e85b346f7ead7ee3f1,12615680,3080,True,,False,True,8f6064cc2d89c76a7fdfe1f5231bcae126d8bd0313828dcae82dc060f7c724af
hmda_oh,1008,mlp,soft,interfair/studies/requirements/runs/confirmation/hmda_oh/1008/full/selected.pt,0.8479644094931047,0.949722305000134,0.9228770748135676,0.8664166666666666,0.1012932512751364,0.338311201609113,0.0030185022670761,0.0018156489210854,0.0504885688241691,0.0006127955750948,0.0030185022670761,0.9916948967325976,0.6535852713178295,0.9294694605439144,11215,0.9923076923076924,0.6566037735849056,0.8789808917197452,785,0.0047961504174099,5.186991026505524e-05,0.0006733835691615,0.0002516979903996,0.0,0.0513972042183589,0.01344642616451,0.0038324905739146,0.0,0.0005483634376014,0.0001497902935889,0.0,0.0479946857193093,7.421283022080515e-05,9.481553849454776e-05,0.0,0.0479946857193093,0.0478051381504275,0.0109840144029892,0.0105305682119372,0.0053476807082694,0.0051965319779187,0.0033865527935752,0.0030842553328738,0.9946523192917304,interfair/studies/requirements/evaluation/confirmation/hmda_oh/1008/full/audit.npz,efcbb471d03980e974015d905ca7f12507acd5950918fbe0f2226794d4c71184,interfair/studies/requirements/runs/confirmation/hmda_oh/1008/full/DONE.json,07b446a74646a77fa434664062ee84f66075110a8f9175c02a16e6094d398181,40,40,120.08567354996921,09b32dd4f709d155a29c89387384219b2ca931130cfe0df05c771f7805a6ecd9,adae3485017f0c981578516c0bdd753fd8060d86a39e8c51bbfcd57834d0e7f7,12615680,3080,True,,False,True,760075f1a3c316b8600174208b81b3ff1d8d14f4f096fa8cebff771d31b45028
hmda_oh,1009,mlp,soft,interfair/studies/requirements/runs/confirmation/hmda_oh/1009/full/selected.pt,0.8471948665407049,0.9496061720441198,0.9210538945145654,0.8629166666666667,0.1022228775239838,0.338481747161912,0.0057956706157671,0.0039472162078272,0.0455838546532595,0.0020987617998873,0.0057956706157671,0.992132007430882,0.6734496124031008,0.933481943825234,11215,0.9942307692307693,0.6792452830188679,0.8878980891719745,785,0.0051824658223117,0.0001520622958989,0.0007910669997902,0.0007073817083414,0.0,0.0432299363318058,0.0155654583071159,0.0043133392983614,0.0,0.0006289179218043,0.0006007893415382,0.0,0.0403821638723177,0.000116123961979,0.0001253728701651,0.0,0.0403821638723177,0.0401315112652819,0.0187353122623017,0.0178284198801977,0.0078142263216724,0.0068403497362405,0.0040586713791471,0.0040586713791471,0.9921857736783276,interfair/studies/requirements/evaluation/confirmation/hmda_oh/1009/full/audit.npz,f5ae324204fd8c6316636b84665df16a1875398fb01d07493300ab3d27faee0a,interfair/studies/requirements/runs/confirmation/hmda_oh/1009/full/DONE.json,f6137e28e2e6d6d6cf0bf704f8540a3eb0d844af11be49bd25b8791fb781e64c,30,40,115.5281644469942,3871ab26e2ba1e0f14670c06f71f2e81fd8271234d05bbad3d16ee1594a939f8,49093b96b7340e94d2e8625e36fa94536edba37b859843b5894bf029ec9bf13e,12615680,3080,True,,False,True,7a865a2148c7f3d76b1edfdce593ba09cc9de0905f8dcac1d0422ecb85e31ab8
