task,architecture,arm,auc_mean,auc_std,auc_count,accuracy_mean,accuracy_std,accuracy_count,f1_mean,f1_std,f1_count,aod_mean,aod_std,aod_count,dp_mean,dp_std,dp_count,eomax_mean,eomax_std,eomax_count,L_R_mean,L_R_std,L_R_count,violation_005_mean,violation_005_std,violation_005_count,P_R_mean,P_R_std,P_R_count,P_population_effect_gap_mean,P_population_effect_gap_std,P_population_effect_gap_count,decision_disagreement_mean,decision_disagreement_std,decision_disagreement_count,opposite_005_mean,opposite_005_std,opposite_005_count,direction_adverse_005_mean,direction_adverse_005_std,direction_adverse_005_count,direction_both_adverse_005_mean,direction_both_adverse_005_std,direction_both_adverse_005_count,direction_adverse_decision_mean,direction_adverse_decision_std,direction_adverse_decision_count,direction_joint_pass_mean,direction_joint_pass_std,direction_joint_pass_count,ap_mean,ap_std,ap_count,brier_mean,brier_std,brier_count,bce_mean,bce_std,bce_count,P_mean_common_abs_mean,P_mean_common_abs_std,P_mean_common_abs_count,tpr_gap_mean,tpr_gap_std,tpr_gap_count,fpr_gap_mean,fpr_gap_std,fpr_gap_count,natural_drift_mean,natural_drift_std,natural_drift_count,response_drift_mean,response_drift_std,response_drift_count,group0_tpr_mean,group0_tpr_std,group0_tpr_count,group0_fpr_mean,group0_fpr_std,group0_fpr_count,group0_positive_mean,group0_positive_std,group0_positive_count,group0_n_mean,group0_n_std,group0_n_count,group1_tpr_mean,group1_tpr_std,group1_tpr_count,group1_fpr_mean,group1_fpr_std,group1_fpr_count,group1_positive_mean,group1_positive_std,group1_positive_count,group1_n_mean,group1_n_std,group1_n_count
acs_income,mlp,behavior_contexts,0.8990280549227595,0.003489028136289162,10,0.8147553400999848,0.0020158521355147815,10,0.811630593183765,0.0039386884909391445,10,0.014391036304542248,0.008700626710136165,10,0.09147508372134008,0.010616807309454432,10,0.02174870872341831,0.012531265223544532,10,0.01640040142030308,0.0021386413455791935,10,0.03790675635655189,0.019570660122063273,10,0.00310343359917238,0.0006873586653941095,10,0.004610704933516919,0.0008310975859261136,10,0.01197838523614126,0.0052118919241816745,10,3.2432432432430004e-05,5.222117746374181e-05,10,0.00035686999939842,0.0008757925457003414,10,0.00024717259219153,0.0006118649038360988,10,0.0,0.0,10,0.9280206791794502,0.03812691950212162,10,0.8843129211118528,0.0043743224884780375,10,0.12937257586517123,0.0027336200537173973,10,0.40221711705058805,0.010091083462866504,10,0.11604771063324038,0.003317295749545055,10,0.007862253321801968,0.006008539266854472,10,0.02091981928728251,0.013490192462875706,10,0.05744434689241309,0.00976759972811816,10,0.03318241705976625,0.009151910467932919,10,0.8223445239405613,0.023799109924022017,10,0.2046370967741935,0.026941857017943056,10,0.5442360060514372,0.025187701530213047,10,3305.0,0.0,10,0.8235209235209234,0.022061096368572876,10,0.18371727748691097,0.021282076728945415,10,0.45276092233009707,0.021211384517333995,10,3296.0,0.0,10
acs_income,mlp,behavior_features,0.897817466041713,0.005841317101541905,10,0.8155582487501893,0.005978026232801252,10,0.8139996064083069,0.006046279094411936,10,0.014423817041818702,0.005685646553679585,10,0.08924144059456837,0.007213321697783928,10,0.020084401495931832,0.006390956737616502,10,0.01140456043849474,0.0016274641397952484,10,0.007962416605581401,0.007988484034995212,10,0.00212202328461334,0.000266361528827447,10,0.00461647501985203,0.0016542244468440153,10,0.0066382616066159306,0.0013392194198165249,10,0.0,0.0,10,0.0011388888888888599,0.002196806823432291,10,0.00099999999999999,0.001995364999563095,10,2.777777777777e-05,8.784104611576373e-05,10,0.9832098598327619,0.014494827600448606,10,0.8826618489602875,0.005933029663708846,10,0.13048437170686258,0.005627886900865247,10,0.40750097644783845,0.0231117139005211,10,0.11651765344896822,0.008477828871449067,10,0.009269437833004119,0.006714488987319846,10,0.0195781962506333,0.007218393776705595,10,0.06058934924716788,0.015135477535744978,10,0.038546912202440275,0.013349302592763701,10,0.8297743533296643,0.01951516404375858,10,0.2108870967741935,0.023974348828052997,10,0.5511346444780635,0.020327310163610782,10,3305.0,0.0,10,0.8347763347763347,0.021188603503142632,10,0.19130890052356017,0.020301718015791125,10,0.46189320388349514,0.020011089610183927,10,3296.0,0.0,10
acs_income,mlp,broad,0.8978094173778004,0.003140319064018542,10,0.8149522799575821,0.0035644511420654893,10,0.812726318428402,0.0043499111755633075,10,0.013890308166319532,0.005937571167012753,10,0.09064459005919243,0.00729603187081179,10,0.020434611270618668,0.008099179029219852,10,0.0094169407622384,0.0011014013572606246,10,0.00122237825901951,0.0009790687093471457,10,0.0017934292409895899,0.00027013593228896474,10,0.00473595446228334,0.0010070594444328096,10,0.00601251905391107,0.0017929623775027365,10,0.0,0.0,10,0.0005548487036034101,0.0006791337466933597,10,0.0005270709258256301,0.0006847591273169923,10,5.555555555555e-05,0.00017568209223155906,10,0.9966038320399446,0.0019049454206669782,10,0.8827059948221102,0.003478112158727406,10,0.1302719583144022,0.0030027759253082632,10,0.40591867517903496,0.011593926130930514,10,0.11339957365925413,0.006623595256009624,10,0.0073460050620204305,0.006383355426913624,10,0.020434611270618668,0.008099179029219852,10,0.05997238450600025,0.011271088586672662,10,0.0388211728377279,0.00982545479165576,10,0.8266373142542653,0.01866173542620365,10,0.2086021505376344,0.022992209949777253,10,0.5483812405446293,0.020096279474337068,10,3305.0,0.0,10,0.8292207792207792,0.020324902846703595,10,0.18816753926701568,0.01747677126054289,10,0.4577366504854369,0.018448359482005978,10,3296.0,0.0,10
acs_income,mlp,erm,0.9045100908745608,0.0005833354142596892,10,0.8188001817906377,0.0026934102911518576,10,0.8148967912633353,0.005928380867769309,10,0.07010930765234166,0.008347794728814835,10,0.15168996849433775,0.007965844331180787,10,0.08131170434719559,0.006967614497900142,10,0.10746266495907272,0.01746741937902929,10,0.6389772421899759,0.06927992020344803,10,0.03280234690720351,0.002458755598175588,10,0.02023893791642928,0.0019016369019054138,10,0.13822828347892743,0.009320386098884104,10,0.013133643705192011,0.006554199527968822,10,0.0013333333333332901,0.0007834887333817061,10,0.00036111111111106003,0.0002635231383473556,10,0.0,0.0,10,0.28097918546592066,0.07274885965502768,10,0.8903291041498834,0.0012638577990417884,10,0.12581370740364045,0.0010622549887060143,10,0.3903702832486157,0.0029663498714657868,10,0.11977840738640996,0.005778341045126905,10,0.060013413480667153,0.015782170314186113,10,0.08020520182401616,0.00790588607929886,10,0.0,0.0,10,1.2494780299882886e-17,4.435902574317719e-19,10,0.8485415520088058,0.01857279548305197,10,0.22983870967741932,0.022464070137494036,10,0.5699848714069591,0.019987461385581676,10,3305.0,0.0,10,0.7885281385281385,0.03134346546011897,10,0.1496335078534031,0.01913013827351841,10,0.41829490291262134,0.024103995037256958,10,3296.0,0.0,10
acs_income,mlp,population_control,0.9003135809075401,0.0016221357136636122,10,0.8152098166944401,0.0024612496695154366,10,0.810265818013552,0.004037495354538003,10,0.01800617966095904,0.012539809877701294,10,0.09410653173332548,0.016039513832262042,10,0.02498030866774193,0.015731109740015594,10,0.025542436269863987,0.004729837550910214,10,0.13693028937245622,0.05452712496587448,10,0.00560279136707649,0.0017269268037795001,10,0.0045868691547074,0.0007545012827906209,10,0.027497218292514652,0.01471434672613413,10,0.00023218769356273,0.0004334600941621562,10,0.0,0.0,10,0.0,0.0,10,0.0,0.0,10,0.7682516994525657,0.08121067307322755,10,0.8852195538456418,0.002598161165495507,10,0.12843505437678013,0.0013981421111477963,10,0.3989022668099693,0.004332252273629235,10,0.11522667710266173,0.006362110869626738,10,0.01255848047262462,0.009849641339918757,10,0.023453878849293442,0.01724641197206042,10,0.0552212218420675,0.005142558212470157,10,0.03026537430547773,0.00318654399100845,10,0.814254265272427,0.027848862619867347,10,0.19643817204301073,0.031130820323453188,10,0.5360968229954615,0.029157630589101213,10,3305.0,0.0,10,0.8126984126984127,0.021395602121537093,10,0.17298429319371725,0.02223908914027167,10,0.44199029126213585,0.021709774735800193,10,3296.0,0.0,10
acs_income,mlp,task_control,0.9045100908745608,0.0005833354142596996,10,0.8188001817906377,0.002693410291151861,10,0.8148967912633353,0.005928380867769299,10,0.07010930765234166,0.00834779472881484,10,0.15168996849433775,0.007965844331180784,10,0.08131170434719559,0.006967614497900139,10,0.10746266495907272,0.017467419379029292,10,0.6389772421899759,0.06927992020344804,10,0.03280234690720351,0.0024587555981755898,10,0.02023893791642928,0.0019016369019054136,10,0.13822828347892743,0.009320386098884104,10,0.013133643705192011,0.006554199527968822,10,0.0013333333333332901,0.0007834887333817061,10,0.00036111111111106003,0.0002635231383473556,10,0.0,0.0,10,0.28097918546592066,0.07274885965502766,10,0.8903291041498834,0.0012638577990417986,10,0.12581370740364045,0.0010622549887060087,10,0.3903702832486157,0.0029663498714657746,10,0.11977840738640996,0.005778341045126905,10,0.060013413480667153,0.015782170314186113,10,0.08020520182401616,0.00790588607929886,10,0.0,0.0,10,1.2494780299882886e-17,4.43590257431772e-19,10,0.8485415520088058,0.018572795483051997,10,0.22983870967741932,0.02246407013749403,10,0.5699848714069591,0.019987461385581686,10,3305.0,0.0,10,0.7885281385281385,0.03134346546011897,10,0.1496335078534031,0.01913013827351841,10,0.41829490291262134,0.024103995037256964,10,3296.0,0.0,10
acs_income,mlp,witness_augmentation,0.8868917768932414,0.004023322785557097,10,0.8037721557339796,0.0024133847794465865,10,0.8001140735626884,0.005157670301325768,10,0.0414027302043945,0.015270707973768933,10,0.11956620962648527,0.015054731698260222,10,0.0519491531162297,0.016909824873752297,10,0.12135119690931603,0.029509611030911365,10,0.6454886072598746,0.06855414571964075,10,0.02815377628498824,0.006247004295826803,10,0.02008104974805014,0.003032016498764144,10,0.07381991623674308,0.019352638127571483,10,0.00551768877193879,0.003231758448105953,10,0.017088837754917822,0.011271787146243831,10,0.01281134572580156,0.00820672066593423,10,0.00151576129459179,0.0011209366308063276,10,0.2904125759489863,0.06322334910693356,10,0.8671646706641974,0.005167135793497341,10,0.14546848751900587,0.004654894067655031,10,0.4761249191959025,0.030362498604346554,10,0.15618283870746583,0.0075173996649483855,10,0.03227204825994033,0.017873881123705335,10,0.050533412148848676,0.016184095217213902,10,0.09457828555075784,0.011724770891331452,10,0.09486838271706957,0.010548175620436476,10,0.823830489818382,0.022173414527085288,10,0.2303763440860215,0.025135167284532814,10,0.5566414523449319,0.02324713425904325,10,3305.0,0.0,10,0.7915584415584416,0.028868946032999807,10,0.17984293193717277,0.02296812750685219,10,0.4370752427184466,0.025080579912274338,10,3296.0,0.0,10
credit_broad,mlp,behavior_contexts,0.7837845108903402,0.002803186494388127,10,0.8161892071952032,0.006403288407560055,10,0.8911403716482237,0.002658241832377577,10,0.01366362158361149,0.009786626467000783,10,0.008810399799225871,0.005900380462223266,10,0.0246242005356254,0.018969025106383604,10,0.011991300818188059,0.0012554300436362117,10,0.0083796738543281,0.006030582165013707,10,0.00173450271475647,0.0002043100631574103,10,0.0011519595161383,0.00018228099153790278,10,0.007636016090792891,0.004430367127538823,10,1.988979006418478e-05,2.5744891850686533e-05,10,0.00238805732767009,0.0013800391050384911,10,0.00124541572912245,0.0007706775547674763,10,0.00010307995626108576,8.862703637187362e-05,10,0.9877381456684609,0.008988551937621846,10,0.9131566655464208,0.0019829049683776417,10,0.13670395191723986,0.001435454441888499,10,0.4335779400644702,0.0034878403933260587,10,0.01997975792540549,0.001561686047701252,10,0.0033101747783405703,0.0020569830219238122,10,0.02401706838888244,0.01973641401965626,10,0.043800696379446155,0.013875925052297629,10,0.014900637078027112,0.008685476731256137,10,0.9642817526344981,0.008816910694595325,10,0.7220869565217392,0.0662383214453182,10,0.9057190916736755,0.02260999733901005,10,2378.0,0.0,10,0.9670612813370474,0.006250622313144326,10,0.7021220159151194,0.04470193422997375,10,0.911969111969112,0.014171810521156885,10,3626.0,0.0,10
credit_broad,mlp,behavior_features,0.7856187877983125,0.0023857835923522556,10,0.8180879413724185,0.0027701472137708497,10,0.8919777238134283,0.0010042267012956708,10,0.01097334499759456,0.004203808587463279,10,0.008630732996947091,0.005111972297528018,10,0.01804866797370537,0.009059938474399206,10,0.0104791978411619,0.0012424368176296207,10,0.00392707977846573,0.003803289998568578,10,0.00153042630074236,0.00023011625295633076,10,0.0012147502753894102,0.0002353570356002894,10,0.00506464314310699,0.0026595977027479064,10,1.2383141332423437e-05,2.1010555086924034e-05,10,0.00462765416304562,0.002401622352821236,10,0.0030646026011386203,0.0017425227213192745,10,0.0001288531434075652,0.00010911797941657193,10,0.9922907206632227,0.003839285060629416,10,0.9138200440976846,0.0016946016158608133,10,0.13565549429898827,0.000814815139154886,10,0.4309613960075683,0.0021093340457478764,10,0.02105046657803299,0.0018127060133539164,10,0.0038980220214837403,0.001914969779930274,10,0.01804866797370537,0.009059938474399206,10,0.0402010837806651,0.008076268169920629,10,0.014693165146424655,0.00698406521305818,10,0.9621186910704381,0.006131957002406324,10,0.7055652173913043,0.037092843204764345,10,0.9000841042893187,0.013566044751434473,10,2378.0,0.0,10,0.9660167130919219,0.0045076747444797345,10,0.6904509283819629,0.024868700229886943,10,0.9087148372862659,0.008679351168907673,10,3626.0,0.0,10
credit_broad,mlp,broad,0.7847173179142373,0.002469811179492559,10,0.816072618254497,0.006815927231685259,10,0.8911482645160518,0.002801921496618609,10,0.01369744637810269,0.007239176168671326,10,0.00889860956543639,0.005463750252028326,10,0.02354502810991397,0.015439946722605334,10,0.00964729154849441,0.0008122285948647976,10,0.00143939277929317,0.0015839155243940527,10,0.00140531432156804,0.0001362958919333042,10,0.0011879900184682802,0.0002534154633217942,10,0.00526174260958034,0.003000857559325451,10,7.405763009415548e-06,1.1924412844043883e-05,10,0.0035026069773373804,0.00204270848663899,10,0.00225767218918732,0.0015759759307991002,10,0.00011172389854732797,0.00012843511435539374,10,0.9950118159691362,0.002388850908644318,10,0.913261762154205,0.0015352375063605833,10,0.13601352457026378,0.001586194375305822,10,0.4319351334149751,0.003698374952519482,10,0.02075897331703891,0.002327365345500996,10,0.00402596183704962,0.0024153491023180306,10,0.02336893091915576,0.015692781689909542,10,0.039270434193740364,0.0063719531293121405,10,0.014327761452018676,0.006996575320903527,10,0.9642817526344981,0.009546532796446992,10,0.7248695652173913,0.0684784679085897,10,0.9063919259882255,0.02367917062746199,10,2378.0,0.0,10,0.968140668523677,0.007198254179821601,10,0.7050397877984085,0.050580586181166946,10,0.9134307777164921,0.016105340373930205,10,3626.0,0.0,10
credit_broad,mlp,erm,0.7849165187930291,0.0031870511806472127,10,0.8197368421052632,0.0028090956453926596,10,0.8913731877780677,0.002016960273778823,10,0.02514113323622702,0.009363988736100311,10,0.03185611161701511,0.007003015101551884,10,0.03255348810335457,0.01376467750713525,10,0.04037727213762662,0.02847310392333538,10,0.2443159367117594,0.20350044461545083,10,0.00676052328645822,0.004430027073892805,10,0.004859164135693759,0.0033533548699086722,10,0.01902100153355965,0.009349282614331619,10,0.008265398683878331,0.010303645369017714,10,0.06624388879273216,0.0568991342262421,10,0.04145771299155445,0.037631455894962446,10,0.004428173363616795,0.006321867837855422,10,0.734935263444845,0.20860144927242383,10,0.9132756872144047,0.001629819638165478,10,0.13484642190024693,0.0013356979864963293,10,0.43096126211345503,0.004945945584414225,10,0.029042686893679743,0.007652892533048777,10,0.01816025055733471,0.005216586069576013,10,0.03212201591511931,0.014385386108405002,10,0.0,0.0,10,1.30254108617118e-18,6.657082001223348e-19,10,0.9387687188019967,0.009994310737571496,10,0.62,0.027181544822029384,10,0.861690496215307,0.013638631324413095,10,2378.0,0.0,10,0.9569289693593314,0.006207045353679337,10,0.6521220159151194,0.020461019535170235,10,0.8935466078323222,0.008857649913915012,10,3626.0,0.0,10
credit_broad,mlp,population_control,0.7823326935535142,0.0019116026559459352,10,0.8176215856095936,0.006270401023093739,10,0.8915495688591741,0.002520530652752757,10,0.01212096813070489,0.008578957314047026,10,0.01026828479669996,0.00484718232076148,10,0.02056744460625925,0.017858630529950226,10,0.01336466687820435,0.0011562097360787813,10,0.01511471501034676,0.008382349576453813,10,0.00194644928634655,0.00017014582875293473,10,0.00124379772185409,0.00014710345015200353,10,0.00882423537473638,0.003526315351205902,10,5.688662724304816e-05,4.9563934142746405e-05,10,0.008927050514154211,0.004883348646600168,10,0.00519852359316757,0.003280207365189471,10,0.0003093633504806169,0.00021521810548567863,10,0.9685450923096036,0.020194073941514724,10,0.9124462339260958,0.0015715720513343587,10,0.13686996162471515,0.0012701742459997627,10,0.4342326249145424,0.0026783357436794835,10,0.01943703996035871,0.0011010283396721615,10,0.00413375958051951,0.002269773195390591,10,0.02010817668089026,0.018331239815590657,10,0.045973490087971886,0.014204781189744862,10,0.015621551750931047,0.009881952815994202,10,0.9602329450915142,0.009901025141422456,10,0.7020869565217391,0.06754083457600811,10,0.8978132884777124,0.02371051587831105,10,2378.0,0.0,10,0.9639623955431753,0.007395781418016909,10,0.6844827586206896,0.04819535297983375,10,0.9058466629895202,0.015788303001310303,10,3626.0,0.0,10
credit_broad,mlp,task_control,0.7841745914865023,0.003311979038812009,10,0.8216855429713524,0.002283965660751801,10,0.89265337198796,0.0013969157092271324,10,0.02072285512673308,0.005647067352999375,10,0.02801489290735954,0.004252792023859493,10,0.02734322000313009,0.009467347943404647,10,0.02447382893672506,0.012186415530896407,10,0.12158545821922868,0.13092584359504533,10,0.00439154380412733,0.0016960452029496774,10,0.00322549673452976,0.0013438416842982386,10,0.01379217632147783,0.004554910745046983,10,0.002716006756740767,0.004610444594101521,10,0.032220865782088846,0.03254420403576484,10,0.01895117512742567,0.01784258871892155,10,0.0010132948581806247,0.0012660784670125963,10,0.8643244576982448,0.13627256415303624,10,0.912609398360259,0.0016580731296482688,10,0.13440805382686793,0.0004667159021499222,10,0.42940834554649576,0.0016951978008362763,10,0.02412888321370196,0.0036270717246859744,10,0.01459367473276502,0.004407785584686323,10,0.02685203552070111,0.010176801662721254,10,0.01867164479007266,0.02204565480405187,10,0.00876096377197725,0.011598779838961338,10,0.9432057681641709,0.006143929413791769,10,0.6220869565217392,0.0216294819298296,10,0.8655592935239698,0.008733739902359783,10,2378.0,0.0,10,0.957799442896936,0.004342064561402566,10,0.6489389920424403,0.0154420556408705,10,0.8935741864313294,0.006512612175549142,10,3626.0,0.0,10
credit_broad,mlp,witness_augmentation,0.7589448863887849,0.007613598624999548,10,0.8115256495669554,0.007349111843216541,10,0.8859834533220843,0.005781694238149974,10,0.016878627767505438,0.004880222785684287,10,0.0245262581199142,0.006284902922517755,10,0.02005714348106976,0.006014098431162847,10,0.03989975677720102,0.011243461345318298,10,0.27508708581037233,0.10814122630930305,10,0.00618831128103433,0.0017634446915003649,10,0.00527899392388481,0.0017577985111134555,10,0.01408782577414237,0.0051110951646848235,10,0.00461315085620229,0.0030623435927137517,10,0.21849009571034253,0.08150948283450983,10,0.18436199530769487,0.07819876209960479,10,0.0066786562377952495,0.005237819669427126,10,0.5825380033002683,0.1378470676560384,10,0.8968828127760393,0.004008377070493966,10,0.1427595560189578,0.004186720423995228,10,0.46294109327179334,0.014599143264828108,10,0.04149312107901696,0.010737372851246464,10,0.01450941791535921,0.004558990254318626,10,0.01924783761965166,0.0067402871832608945,10,0.06630377299317883,0.015843335894419133,10,0.037299629106101975,0.009682858446868895,10,0.9321131447587355,0.019333933107532914,10,0.6358260869565218,0.039896526530984563,10,0.8604709840201851,0.02357321855859359,10,2378.0,0.0,10,0.9466225626740947,0.01732574264160487,10,0.6502652519893899,0.03545551461713776,10,0.8849972421400993,0.02073882936159833,10,3626.0,0.0,10
hmda_oh,mlp,behavior_contexts,0.8456697880669031,0.0009554108670123387,10,0.8634166666666667,0.001821934259089623,10,0.9212531043833726,0.0008259599790543581,10,0.011135063182901559,0.00834453876704851,10,0.04194450675988419,0.0076778061216873274,10,0.01876728542074639,0.016346310885874283,10,0.007935446136042171,0.001879766904404057,10,0.0013678938518019899,0.0009324037162552294,10,0.00132022950069482,0.0003508886589214993,10,0.012708204465039948,0.0028521706310623363,10,0.00138889027355124,0.0004956454662889168,10,9.215102730647637e-06,1.9463362977164886e-05,10,0.0055225420543499,0.003704137535235,10,0.0047115428999171495,0.0034962170071309493,10,4.5018007202880004e-05,0.00010128279677529045,10,0.993510531339113,0.0036145995288521244,10,0.949095268084009,0.00027100584574613615,10,0.10278654699615812,0.0018639475987245549,10,0.34085995043816575,0.00545379946209503,10,0.04635721601911025,0.004492344523518519,10,0.00357369518253572,0.0024113317747029126,10,0.0186964311832674,0.016411086700754623,10,0.052426020457046175,0.006852115694022452,10,0.05168111641265775,0.007161684762768014,10,0.991137580592285,0.0028451629405223376,10,0.6656976744186046,0.018506934561727095,10,0.9312438698172091,0.005652272634327947,10,11215.0,0.0,10,0.9944230769230769,0.002786803220421066,10,0.6830188679245283,0.031117778306548376,10,0.8892993630573249,0.011789845430752455,10,785.0,0.0,10
hmda_oh,mlp,behavior_features,0.84400499712326,0.004441360608991661,10,0.8619666666666668,0.0031193343702752003,10,0.9205375946161226,0.0015854421696887989,10,0.01169337016275956,0.0073208438589341725,10,0.04036472990279734,0.007370820979455542,10,0.02006165669218492,0.014793162215517805,10,0.00683804680128197,0.0025045106094044867,10,0.0008099273007306578,0.0017183659951498726,10,0.0011416079338708901,0.00041212891593787453,10,0.01126128189376876,0.002117336680494374,10,0.0012614287977436999,0.0005565783871960112,10,0.0,0.0,10,0.007573491457315761,0.0025528881293907847,10,0.006701103845854079,0.0025738171924330716,10,6.0241750872050004e-05,0.00010547727026166776,10,0.9920961018671133,0.002422265171263675,10,0.9483773842310912,0.0013659251005594395,10,0.10389459830434392,0.002682563577678485,10,0.3442046619812691,0.00757096178811064,10,0.04541853439940935,0.004657049899846733,10,0.0034359212528264895,0.0030721410917310603,10,0.01995081907269265,0.014920654935345463,10,0.056473456332321814,0.009015323974919724,10,0.05227073149934062,0.006491082457059265,10,0.9918478854769971,0.003265028035727906,10,0.6761143410852714,0.0230488136164544,10,0.9337405260811413,0.006550126073390721,10,11215.0,0.0,10,0.9951923076923078,0.002440952918546095,10,0.6935849056603773,0.03355450535641996,10,0.8933757961783441,0.011722360396242994,10,785.0,0.0,10
hmda_oh,mlp,broad,0.844914543349536,0.004877517216620904,10,0.8622500000000001,0.003843786070793324,10,0.9206749242925877,0.0019307761371910892,10,0.01088563230779537,0.007011051219300854,10,0.04052273030603344,0.006950105779512461,10,0.01888529546266157,0.01378227637506962,10,0.00647261020953468,0.0024151315438101324,10,0.0005225608008179556,0.0008952033651145789,10,0.0010508400288174499,0.00043517187071266325,10,0.012538273916426052,0.0030307299677316876,10,0.0011093573762016198,0.0008069432009466045,10,0.0,0.0,10,0.00713028764350374,0.0027873158459932952,10,0.0063177891764355995,0.002670999566540509,10,4.512687783698e-05,7.266178061936051e-05,10,0.9925095104389257,0.0026402874684314384,10,0.9487238998975809,0.0015819097766198726,10,0.10336173342311787,0.0030224890855090358,10,0.34263440198106004,0.008583003666816306,10,0.04620397881875477,0.005256617050631491,10,0.0029618452796247355,0.00224789146656176,10,0.018809419335966,0.01386048858827818,10,0.055568684399805016,0.008525416473068403,10,0.052072919404538356,0.006601761863843869,10,0.9916621134302263,0.002973589007412081,10,0.6736434108527132,0.027088682389618333,10,0.9331341952741864,0.007046764159472891,10,11215.0,0.0,10,0.9946153846153847,0.0023639857582801716,10,0.6924528301886792,0.0350963683730911,10,0.8926114649681528,0.012838253385746035,10,785.0,0.0,10
hmda_oh,mlp,erm,0.8503709616143558,0.0019425319943420939,10,0.8702833333333333,0.001486669157945061,10,0.9238978547893005,0.0008396180979903377,10,0.1043579798448117,0.02474052726943112,10,0.1489829079003041,0.023848745553717462,10,0.15129680415386862,0.030915534123028405,10,0.20039720839858077,0.05233093798791833,10,0.8073119544682639,0.04285462762414833,10,0.03583678889163762,0.006531767623998311,10,0.03814566530510008,0.005798169296370821,10,0.05341678396683978,0.010920410681779649,10,0.04501982360020295,0.013818410065264899,10,0.261256855582831,0.03478026524289476,10,0.15832822530594076,0.01358365124838812,10,0.013609935549617619,0.003847804732287636,10,0.2032263368753066,0.04459610519547704,10,0.9508914104541015,0.0007336435582586329,10,0.0996507559264217,0.000904980287410488,10,0.33190622708382916,0.003283340033893874,10,0.08031808065743372,0.006766345616973347,10,0.05741915553575476,0.019860233720170203,10,0.15129680415386862,0.030915534123028405,10,0.0,0.0,10,9.995719569018389e-18,6.994808997254205e-19,10,0.9801114632280626,0.004320116877351997,10,0.5901647286821705,0.020908251708767766,10,0.9083459652251449,0.007210344609519366,10,11215.0,0.0,10,0.9226923076923077,0.02154456567958972,10,0.43886792452830187,0.04099355437548957,10,0.7593630573248408,0.027535116893837173,10,785.0,0.0,10
hmda_oh,mlp,population_control,0.8368955599285182,0.0028611418201455524,10,0.85825,0.002865018906278539,10,0.9185429941105576,0.0013751140364359684,10,0.014738592756781941,0.009199595018882284,10,0.04066516920298388,0.012340146849448024,10,0.02603718736287843,0.017528468471497374,10,0.04988363560813362,0.008153187786781578,10,0.3898447506442975,0.06837067626662961,10,0.007892176689547819,0.0011533899379603143,10,0.00833818175617824,0.0017088171398238045,10,0.01003659200826899,0.002918183251743034,10,0.00624578870185046,0.0018326435701130548,10,0.09909183812511393,0.0412553331576723,10,0.05653775237280716,0.03403653254282225,10,0.00024172909792693,0.000328103360232588,10,0.5392674202859548,0.06368189425972033,10,0.9460740710001501,0.0009530424832184539,10,0.10750494011928877,0.0017492139804095334,10,0.3553345833491541,0.004800691971582389,10,0.04160496935890942,0.0036084379783375984,10,0.00343999815068543,0.0021253484014455417,10,0.02603718736287843,0.017528468471497374,10,0.07183480156846897,0.008468009966548208,10,0.05611802805577405,0.007477749828218224,10,0.9915856190580264,0.0036011926681857077,10,0.6941375968992248,0.02602089515735208,10,0.9368435131520284,0.007561578715029517,10,11215.0,0.0,10,0.9925,0.0038939339867916645,10,0.7071698113207547,0.03853247194675882,10,0.8961783439490446,0.015075805075224434,10,785.0,0.0,10
hmda_oh,mlp,task_control,0.8501844629930554,0.002234511448408605,10,0.8698333333333335,0.0017612074982386041,10,0.9236235072155632,0.001057240206850129,10,0.096107438598905,0.022490792225678197,10,0.14125429148291496,0.021432068504117902,10,0.14132989615328356,0.028812486840210722,10,0.19115053874789112,0.05850698655754365,10,0.7947207035780849,0.05301732635330693,10,0.03432266864689272,0.007096181960124279,10,0.03686207329387517,0.005064762418385633,10,0.051973146158864905,0.00957486953616289,10,0.04187892376669934,0.014823572977448893,10,0.25630441916923374,0.036416307391478435,10,0.15680035215013813,0.012296742728215914,10,0.012701571655952048,0.0035059639439709725,10,0.21261219881543866,0.047321442621072796,10,0.9508132459493795,0.0008307490491694366,10,0.099834215996043,0.0010186506470124422,10,0.33239460339659094,0.003468475799170022,10,0.07923964532862762,0.007188361406243725,10,0.05088498104452639,0.017563361342917017,10,0.14132989615328356,0.028812486840210722,10,0.004722238348128742,0.01493302883427795,10,0.00446388008532808,0.014116028271503475,10,0.979346519506065,0.004759959559660436,10,0.5896317829457365,0.021072951463025905,10,0.9076237182345073,0.0075359441181185195,10,11215.0,0.0,10,0.9284615384615383,0.01892491826216041,10,0.4483018867924528,0.03793657307400111,10,0.7663694267515924,0.024746769013755974,10,785.0,0.0,10
hmda_oh,mlp,witness_augmentation,0.8428945874443071,0.0029250318776229923,10,0.8667083333333332,0.0016016243683473368,10,0.9217877667999499,0.0009635734111222515,10,0.05536856267268029,0.024938159173289266,10,0.10401623167334458,0.02293314827874394,10,0.08732192482082779,0.03822224488952046,10,0.08348854251439505,0.009480019061311584,10,0.5683094677880565,0.04791865965558211,10,0.01046346675686297,0.0017901050848953533,10,0.030948544931437984,0.005479971463328624,10,0.01385455627808275,0.003292937526897635,10,0.007278059547446721,0.00257311022981194,10,0.23077038631979221,0.03376369668484616,10,0.1937977290603845,0.03745603782637902,10,0.00912773188226744,0.004194915534004574,10,0.3865237778790802,0.04088329801477948,10,0.9482922430568408,0.0010520105669937015,10,0.10278377738466701,0.0016856774985422498,10,0.34253557132013074,0.0076533958643746495,10,0.07469750934407555,0.012360283345281161,10,0.023415200524532782,0.014489210460309043,10,0.08732192482082779,0.03822224488952046,10,0.04272465492882744,0.005205097013200697,10,0.047233304518963896,0.007902039968805818,10,0.9759152005245328,0.007003099086718374,10,0.5914728682170542,0.0308743969720022,10,0.9051627284886313,0.011279463889865296,10,11215.0,0.0,10,0.9525,0.01855766462953516,10,0.5041509433962263,0.05723477776325987,10,0.8011464968152866,0.0307288444504068,10,785.0,0.0,10
